race_id,race_url,place,tsTeam,tsTeam_url,point,wind,heat
,https://wa.milesplit.com/meets/218885-ridgefield-vs-mark-morris-2015/results,1,Ridgefield High School,https://wa.milesplit.com/teams/6525-ridgefield-high-school,29,3+5+6+7+8  (9+11),1:14 1-5 Split | 17:57 Avg
,https://wa.milesplit.com/meets/218885-ridgefield-vs-mark-morris-2015/results,2,Mark Morris High School,https://wa.milesplit.com/teams/6530-mark-morris-high-school,29,1+2+4+10+12  (13+14),3:43 1-5 Split | 18:10 Avg
,https://wa.milesplit.com/meets/218885-ridgefield-vs-mark-morris-2015/results,1,Ridgefield High School,https://wa.milesplit.com/teams/6525-ridgefield-high-school,28,2+4+5+8+9  (10+11),2:36 1-5 Split | 22:59 Avg
,https://wa.milesplit.com/meets/218885-ridgefield-vs-mark-morris-2015/results,2,Mark Morris High School,https://wa.milesplit.com/teams/6530-mark-morris-high-school,29,1+3+6+7+12,5:26 1-5 Split | 23:24 Avg
,https://wa.milesplit.com/meets/285537-spanaway-lake-bonney-lake-2017/results,1,Bonney Lake,https://wa.milesplit.com/teams/7209-bonney-lake,15,1+2+3+4+5  (6+7),0:56 1-5 Split | 19:37 Avg
,https://wa.milesplit.com/meets/285537-spanaway-lake-bonney-lake-2017/results,2,Spanaway Lake High School,https://wa.milesplit.com/teams/6303-spanaway-lake-high-school,50,8+9+10+11+12  (13+14),4:47 1-5 Split | 22:36 Avg
,https://wa.milesplit.com/meets/285537-spanaway-lake-bonney-lake-2017/results,1,Bonney Lake,https://wa.milesplit.com/teams/7209-bonney-lake,24,2+4+5+6+7  (9+11),3:30 1-5 Split | 25:06 Avg
,https://wa.milesplit.com/meets/285537-spanaway-lake-bonney-lake-2017/results,2,Spanaway Lake High School,https://wa.milesplit.com/teams/6303-spanaway-lake-high-school,34,1+3+8+10+12  (13+14),12:06 1-5 Split | 27:46 Avg
,https://wa.milesplit.com/meets/372199-ssc-6-2019/results,1,northwest christian-lacey,https://wa.milesplit.com/teams/23211-northwest-christian-lacey,15,1+2+3+4+5  (6+7),1:45 1-5 Split | 11:00 Avg
,https://wa.milesplit.com/meets/372199-ssc-6-2019/results,1,Capital High School,https://wa.milesplit.com/teams/6708-capital-high-school,15,1+2+3+4+5  (11+12),0:57 1-5 Split | 12:56 Avg
,https://wa.milesplit.com/meets/372199-ssc-6-2019/results,2,Central Kitsap High School,https://wa.milesplit.com/teams/6296-central-kitsap-high-school,40,6+7+8+9+10  (13+14),0:32 1-5 Split | 13:55 Avg
,https://wa.milesplit.com/meets/372199-ssc-6-2019/results,1,Thomas Jefferson,https://wa.milesplit.com/teams/7225-thomas-jefferson,15,1+2+3+4+5,1:14 1-5 Split | 12:01 Avg
,https://wa.milesplit.com/meets/372199-ssc-6-2019/results,1,Capital High School,https://wa.milesplit.com/teams/6708-capital-high-school,15,1+2+3+4+5  (6+7),2:29 1-5 Split | 15:35 Avg
,https://wa.milesplit.com/meets/372199-ssc-6-2019/results,2,Central Kitsap High School,https://wa.milesplit.com/teams/6296-central-kitsap-high-school,50,8+9+10+11+12  (13+14),2:30 1-5 Split | 19:16 Avg
,https://wa.milesplit.com/meets/332189-north-division-championship-2018/results,1,Lindbergh High School,https://wa.milesplit.com/teams/6571-lindbergh-high-school,25,1+2+5+7+10,6:09 1-5 Split | 24:56 Avg
,https://wa.milesplit.com/meets/332189-north-division-championship-2018/results,2,Foster High School,https://wa.milesplit.com/teams/6575-foster-high-school,30,3+4+6+8+9,5:47 1-5 Split | 25:08 Avg
,https://wa.milesplit.com/meets/332189-north-division-championship-2018/results,1,Renton High School,https://wa.milesplit.com/teams/6363-renton-high-school,25,2+3+5+7+8  (9+11),1:04 1-5 Split | 18:07 Avg
,https://wa.milesplit.com/meets/332189-north-division-championship-2018/results,2,Lindbergh High School,https://wa.milesplit.com/teams/6571-lindbergh-high-school,47,1+4+6+13+23  (25+26),2:59 1-5 Split | 18:40 Avg
,https://wa.milesplit.com/meets/332189-north-division-championship-2018/results,3,Highline High School,https://wa.milesplit.com/teams/6559-highline-high-school,91,10+12+16+22+31  (32+33),4:31 1-5 Split | 20:05 Avg
,https://wa.milesplit.com/meets/332189-north-division-championship-2018/results,4,Foster High School,https://wa.milesplit.com/teams/6575-foster-high-school,100,14+17+18+24+27  (28+29),3:01 1-5 Split | 20:21 Avg
,https://wa.milesplit.com/meets/332189-north-division-championship-2018/results,5,Tyee High School,https://wa.milesplit.com/teams/6561-tyee-high-school,105,15+19+20+21+30,3:50 1-5 Split | 20:34 Avg
,https://wa.milesplit.com/meets/332189-north-division-championship-2018/results,1,Highline High School,https://wa.milesplit.com/teams/6559-highline-high-school,36,2+3+5+8+18  (22+25),6:31 1-5 Split | 22:44 Avg
,https://wa.milesplit.com/meets/332189-north-division-championship-2018/results,2,Renton High School,https://wa.milesplit.com/teams/6363-renton-high-school,53,7+9+10+13+14  (19),2:26 1-5 Split | 23:47 Avg
,https://wa.milesplit.com/meets/332189-north-division-championship-2018/results,3,Lindbergh High School,https://wa.milesplit.com/teams/6571-lindbergh-high-school,53,1+6+11+15+20,7:58 1-5 Split | 23:44 Avg
,https://wa.milesplit.com/meets/332189-north-division-championship-2018/results,4,Foster High School,https://wa.milesplit.com/teams/6575-foster-high-school,70,4+12+16+17+21  (23+24),6:15 1-5 Split | 25:10 Avg
,https://wa.milesplit.com/meets/330043-auburn-mountainview-federal-way-2018/results,1,Auburn Mountainview High School,https://wa.milesplit.com/teams/20676-auburn-mountainview-high-school,18,1+2+4+5+6  (7+8),0:49 1-5 Split | 17:22 Avg
,https://wa.milesplit.com/meets/330043-auburn-mountainview-federal-way-2018/results,2,Federal Way High School,https://wa.milesplit.com/teams/6557-federal-way-high-school,45,3+9+10+11+12  (13+14),3:41 1-5 Split | 19:06 Avg
,https://wa.milesplit.com/meets/330043-auburn-mountainview-federal-way-2018/results,1,Federal Way High School,https://wa.milesplit.com/teams/6557-federal-way-high-school,21,1+2+5+6+7  (9+13),2:26 1-5 Split | 22:34 Avg
,https://wa.milesplit.com/meets/330043-auburn-mountainview-federal-way-2018/results,2,Auburn Mountainview High School,https://wa.milesplit.com/teams/20676-auburn-mountainview-high-school,36,3+4+8+10+11  (12+14),4:14 1-5 Split | 24:09 Avg
,https://wa.milesplit.com/meets/294583-district-7-championships-2017/results,1,Saint George's School,https://wa.milesplit.com/teams/6496-saint-georges-school,37,4+6+7+9+11  (18+36),0:20 1-5 Split | 18:12 Avg
,https://wa.milesplit.com/meets/294583-district-7-championships-2017/results,2,Asotin High School,https://wa.milesplit.com/teams/6398-asotin-high-school,49,3+5+10+14+17  (19+23),0:33 1-5 Split | 18:17 Avg
,https://wa.milesplit.com/meets/294583-district-7-championships-2017/results,3,Northwest Christian School,https://wa.milesplit.com/teams/6799-northwest-christian-school,92,1+16+22+26+27  (34+38),2:12 1-5 Split | 18:18 Avg
,https://wa.milesplit.com/meets/294583-district-7-championships-2017/results,4,Mary Walker High School,https://wa.milesplit.com/teams/6415-mary-walker-high-school,98,2+15+24+25+32  (41+45),1:41 1-5 Split | 18:37 Avg
,https://wa.milesplit.com/meets/294583-district-7-championships-2017/results,5,Valley Christian School,https://wa.milesplit.com/teams/6497-valley-christian-school,141,12+13+33+35+48  (49+50),3:23 1-5 Split | 19:38 Avg
,https://wa.milesplit.com/meets/294583-district-7-championships-2017/results,6,Kettle Falls High School,https://wa.milesplit.com/teams/6702-kettle-falls-high-school,149,8+21+30+44+46  (53+54),3:02 1-5 Split | 19:38 Avg
,https://wa.milesplit.com/meets/294583-district-7-championships-2017/results,7,Creston School,https://wa.milesplit.com/teams/6616-creston-school,158,20+28+31+39+40  (51),1:38 1-5 Split | 19:25 Avg
,https://wa.milesplit.com/meets/294583-district-7-championships-2017/results,8,Wellpinit School,https://wa.milesplit.com/teams/6703-wellpinit-school,198,29+37+42+43+47  (52),2:24 1-5 Split | 20:24 Avg
,https://wa.milesplit.com/meets/294583-district-7-championships-2017/results,1,Saint George's School,https://wa.milesplit.com/teams/6496-saint-georges-school,35,1+2+5+10+17,4:58 1-5 Split | 21:54 Avg
,https://wa.milesplit.com/meets/294583-district-7-championships-2017/results,2,Asotin High School,https://wa.milesplit.com/teams/6398-asotin-high-school,41,3+4+9+12+13  (23),3:23 1-5 Split | 22:31 Avg
,https://wa.milesplit.com/meets/294583-district-7-championships-2017/results,3,Northwest Christian School,https://wa.milesplit.com/teams/6799-northwest-christian-school,61,6+7+8+18+22,8:44 1-5 Split | 24:21 Avg
,https://wa.milesplit.com/meets/294583-district-7-championships-2017/results,4,Colfax High School,https://wa.milesplit.com/teams/6721-colfax-high-school,75,11+14+15+16+19  (20+21),3:27 1-5 Split | 24:47 Avg
,https://www.milesplit.com/meets/285928-kennedy-catholic-kentlake-mount-rainier-2017/results,1,Kentlake High School,https://wa.milesplit.com/teams/6797-kentlake-high-school,23,2+3+5+6+7  (9+17),0:57 1-5 Split | 17:34 Avg
,https://www.milesplit.com/meets/285928-kennedy-catholic-kentlake-mount-rainier-2017/results,2,Mount Rainier High School,https://wa.milesplit.com/teams/6560-mount-rainier-high-school,40,1+4+10+11+14  (16+19),1:36 1-5 Split | 17:57 Avg
,https://www.milesplit.com/meets/285928-kennedy-catholic-kentlake-mount-rainier-2017/results,3,John F Kennedy Memorial High School,https://wa.milesplit.com/teams/6428-john-f-kennedy-memorial-high-school,66,8+12+13+15+18,1:01 1-5 Split | 18:32 Avg
,https://www.milesplit.com/meets/285928-kennedy-catholic-kentlake-mount-rainier-2017/results,1,John F Kennedy Memorial High School,https://wa.milesplit.com/teams/6428-john-f-kennedy-memorial-high-school,32,1+4+6+10+11  (16+17),3:13 1-5 Split | 21:40 Avg
,https://www.milesplit.com/meets/285928-kennedy-catholic-kentlake-mount-rainier-2017/results,2,Mount Rainier High School,https://wa.milesplit.com/teams/6560-mount-rainier-high-school,35,2+3+8+9+13  (18+20),3:05 1-5 Split | 21:46 Avg
,https://www.milesplit.com/meets/285928-kennedy-catholic-kentlake-mount-rainier-2017/results,3,Kentlake High School,https://wa.milesplit.com/teams/6797-kentlake-high-school,53,5+7+12+14+15  (19+21),2:44 1-5 Split | 22:37 Avg
,https://wa.milesplit.com/meets/369141-hazen-and-kentwood-kent-meridian-2019/results,1,Kentwood High School,https://wa.milesplit.com/teams/6564-kentwood-high-school,20,1+2+4+6+7  (9+14),0:51 1-5 Split | 20:54 Avg
,https://wa.milesplit.com/meets/369141-hazen-and-kentwood-kent-meridian-2019/results,2,Hazen High School,https://wa.milesplit.com/teams/6785-hazen-high-school,37,3+5+8+10+11  (12+13),0:59 1-5 Split | 21:26 Avg
,https://wa.milesplit.com/meets/369141-hazen-and-kentwood-kent-meridian-2019/results,1,Kentwood High School,https://wa.milesplit.com/teams/6564-kentwood-high-school,34,3+4+8+9+10  (11+12),1:16 1-5 Split | 19:40 Avg
,https://wa.milesplit.com/meets/369141-hazen-and-kentwood-kent-meridian-2019/results,2,Hazen High School,https://wa.milesplit.com/teams/6785-hazen-high-school,42,2+5+7+13+15  (16+17),2:13 1-5 Split | 19:56 Avg
,https://wa.milesplit.com/meets/369141-hazen-and-kentwood-kent-meridian-2019/results,3,Kent Meridian High School,https://wa.milesplit.com/teams/6332-kent-meridian-high-school,58,1+6+14+18+19  (20+21),8:02 1-5 Split | 21:10 Avg
,https://wa.milesplit.com/meets/369141-hazen-and-kentwood-kent-meridian-2019/results,1,Hazen High School,https://wa.milesplit.com/teams/6785-hazen-high-school,28,2+4+5+8+9  (10),2:56 1-5 Split | 25:59 Avg
,https://wa.milesplit.com/meets/369141-hazen-and-kentwood-kent-meridian-2019/results,2,Kentwood High School,https://wa.milesplit.com/teams/6564-kentwood-high-school,28,1+3+6+7+11  (12+13),5:40 1-5 Split | 26:12 Avg
,https://wa.milesplit.com/meets/333737-cbb9-district-meet-2018/results,1,West Valley Senior High School,https://wa.milesplit.com/teams/6738-west-valley-senior-high-school,42,2+8+9+11+12  (13+24),0:55 1-5 Split | 16:22 Avg
,https://wa.milesplit.com/meets/333737-cbb9-district-meet-2018/results,2,Eastmont Senior High School,https://wa.milesplit.com/teams/6533-eastmont-senior-high-school,49,4+5+7+16+17  (28+31),0:55 1-5 Split | 16:31 Avg
,https://wa.milesplit.com/meets/333737-cbb9-district-meet-2018/results,3,Eisenhower Senior High School,https://wa.milesplit.com/teams/6740-eisenhower-senior-high-school,58,1+3+14+18+22  (23+32),1:58 1-5 Split | 16:22 Avg
,https://wa.milesplit.com/meets/333737-cbb9-district-meet-2018/results,4,Moses Lake Senior High School,https://wa.milesplit.com/teams/6353-moses-lake-senior-high-school,99,6+19+21+26+27  (35+39),1:17 1-5 Split | 17:03 Avg
,https://wa.milesplit.com/meets/333737-cbb9-district-meet-2018/results,5,Wenatchee High School,https://wa.milesplit.com/teams/6267-wenatchee-high-school,137,20+25+29+30+33  (34+40),0:45 1-5 Split | 17:31 Avg
,https://wa.milesplit.com/meets/333737-cbb9-district-meet-2018/results,6,A.C. Davis High School,https://wa.milesplit.com/teams/6739-ac-davis-high-school,170,10+37+38+42+43  (45+47),2:36 1-5 Split | 18:15 Avg
,https://wa.milesplit.com/meets/333737-cbb9-district-meet-2018/results,7,Sunnyside High School,https://wa.milesplit.com/teams/6393-sunnyside-high-school,182,15+36+41+44+46  (48),2:27 1-5 Split | 18:29 Avg
,https://wa.milesplit.com/meets/333737-cbb9-district-meet-2018/results,1,West Valley Senior High School,https://wa.milesplit.com/teams/6738-west-valley-senior-high-school,23,1+2+5+7+8  (10+17),0:29 1-5 Split | 17:47 Avg
,https://wa.milesplit.com/meets/333737-cbb9-district-meet-2018/results,2,Eisenhower Senior High School,https://wa.milesplit.com/teams/6740-eisenhower-senior-high-school,60,3+4+6+23+24  (32+33),0:52 1-5 Split | 18:07 Avg
,https://wa.milesplit.com/meets/333737-cbb9-district-meet-2018/results,3,Eastmont Senior High School,https://wa.milesplit.com/teams/6533-eastmont-senior-high-school,68,9+11+13+16+19  (21+25),0:29 1-5 Split | 18:17 Avg
,https://wa.milesplit.com/meets/333737-cbb9-district-meet-2018/results,4,Wenatchee High School,https://wa.milesplit.com/teams/6267-wenatchee-high-school,94,12+14+20+22+26  (29+34),0:37 1-5 Split | 18:30 Avg
,https://wa.milesplit.com/meets/333737-cbb9-district-meet-2018/results,5,Moses Lake Senior High School,https://wa.milesplit.com/teams/6353-moses-lake-senior-high-school,122,15+18+28+30+31  (35+36),0:48 1-5 Split | 18:49 Avg
,https://wa.milesplit.com/meets/333737-cbb9-district-meet-2018/results,6,A.C. Davis High School,https://wa.milesplit.com/teams/6739-ac-davis-high-school,185,27+37+38+41+42  (43+44),1:42 1-5 Split | 19:55 Avg
,https://wa.milesplit.com/meets/333737-cbb9-district-meet-2018/results,7,Sunnyside High School,https://wa.milesplit.com/teams/6393-sunnyside-high-school,217,39+40+45+46+47  (48+49),4:26 1-5 Split | 22:05 Avg
,https://wa.milesplit.com/meets/333737-cbb9-district-meet-2018/results,1,Eisenhower Senior High School,https://wa.milesplit.com/teams/6740-eisenhower-senior-high-school,55,1+7+12+17+18  (20),1:48 1-5 Split | 20:18 Avg
,https://wa.milesplit.com/meets/333737-cbb9-district-meet-2018/results,2,Wenatchee High School,https://wa.milesplit.com/teams/6267-wenatchee-high-school,64,3+6+10+22+23  (27+29),1:46 1-5 Split | 20:29 Avg
,https://wa.milesplit.com/meets/333737-cbb9-district-meet-2018/results,3,West Valley Senior High School,https://wa.milesplit.com/teams/6738-west-valley-senior-high-school,67,4+13+15+16+19  (30+40),1:23 1-5 Split | 20:33 Avg
,https://wa.milesplit.com/meets/333737-cbb9-district-meet-2018/results,4,Moses Lake Senior High School,https://wa.milesplit.com/teams/6353-moses-lake-senior-high-school,68,8+9+11+14+26  (35+36),1:36 1-5 Split | 20:27 Avg
,https://wa.milesplit.com/meets/333737-cbb9-district-meet-2018/results,5,Eastmont Senior High School,https://wa.milesplit.com/teams/6533-eastmont-senior-high-school,100,2+21+24+25+28  (32+37),2:21 1-5 Split | 21:02 Avg
,https://wa.milesplit.com/meets/333737-cbb9-district-meet-2018/results,6,A.C. Davis High School,https://wa.milesplit.com/teams/6739-ac-davis-high-school,155,5+33+34+39+44  (45+46),5:06 1-5 Split | 22:38 Avg
,https://wa.milesplit.com/meets/333737-cbb9-district-meet-2018/results,7,Sunnyside High School,https://wa.milesplit.com/teams/6393-sunnyside-high-school,195,31+38+41+42+43  (47),2:02 1-5 Split | 23:39 Avg
,https://wa.milesplit.com/meets/333737-cbb9-district-meet-2018/results,1,Wenatchee High School,https://wa.milesplit.com/teams/6267-wenatchee-high-school,35,4+5+7+9+10  (11+12),1:46 1-5 Split | 22:47 Avg
,https://wa.milesplit.com/meets/333737-cbb9-district-meet-2018/results,2,Eisenhower Senior High School,https://wa.milesplit.com/teams/6740-eisenhower-senior-high-school,35,1+2+3+13+16  (18+29),2:20 1-5 Split | 22:32 Avg
,https://wa.milesplit.com/meets/333737-cbb9-district-meet-2018/results,3,Eastmont Senior High School,https://wa.milesplit.com/teams/6533-eastmont-senior-high-school,79,6+14+17+20+22  (23+26),3:11 1-5 Split | 24:07 Avg
,https://wa.milesplit.com/meets/333737-cbb9-district-meet-2018/results,4,West Valley Senior High School,https://wa.milesplit.com/teams/6738-west-valley-senior-high-school,93,8+15+21+24+25  (34+35),2:39 1-5 Split | 24:44 Avg
,https://wa.milesplit.com/meets/333737-cbb9-district-meet-2018/results,5,A.C. Davis High School,https://wa.milesplit.com/teams/6739-ac-davis-high-school,135,19+27+28+30+31  (32+33),2:24 1-5 Split | 26:01 Avg
,https://wa.milesplit.com/meets/222015-nisqually-league-championship-2015/results,1,Charles Wright Academy,https://wa.milesplit.com/teams/6302-charles-wright-academy,33,2+4+6+10+11  (13+21),1:56 1-5 Split | 18:13 Avg
,https://wa.milesplit.com/meets/222015-nisqually-league-championship-2015/results,2,Bellevue Christian High School,https://wa.milesplit.com/teams/6326-bellevue-christian-high-school,36,1+3+7+8+17  (18+19),3:02 1-5 Split | 18:04 Avg
,https://wa.milesplit.com/meets/222015-nisqually-league-championship-2015/results,3,Vashon Island High School,https://wa.milesplit.com/teams/6578-vashon-island-high-school,79,5+12+15+23+24  (25+26),3:06 1-5 Split | 19:34 Avg
,https://wa.milesplit.com/meets/222015-nisqually-league-championship-2015/results,4,Seattle Christian,https://wa.milesplit.com/teams/7211-seattle-christian,81,9+14+16+20+22  (27+28),1:29 1-5 Split | 19:29 Avg
,https://wa.milesplit.com/meets/222015-nisqually-league-championship-2015/results,1,Vashon Island High School,https://wa.milesplit.com/teams/6578-vashon-island-high-school,33,3+4+7+8+11  (14+16),1:33 1-5 Split | 22:21 Avg
,https://wa.milesplit.com/meets/222015-nisqually-league-championship-2015/results,2,Seattle Christian,https://wa.milesplit.com/teams/7211-seattle-christian,43,1+2+5+9+26  (27),7:32 1-5 Split | 22:41 Avg
,https://wa.milesplit.com/meets/222015-nisqually-league-championship-2015/results,3,Charles Wright Academy,https://wa.milesplit.com/teams/6302-charles-wright-academy,73,6+10+18+19+20  (21+25),1:50 1-5 Split | 23:28 Avg
,https://wa.milesplit.com/meets/222015-nisqually-league-championship-2015/results,4,Bellevue Christian High School,https://wa.milesplit.com/teams/6326-bellevue-christian-high-school,79,12+13+15+17+22  (23+24),1:44 1-5 Split | 23:39 Avg
,https://wa.milesplit.com/meets/368307-carl-westling-invitational-2019/results,1,Sehome High School,https://wa.milesplit.com/teams/6389-sehome-high-school,40,3+4+9+11+13  (20+22),0:44 1-5 Split | 16:50 Avg
,https://wa.milesplit.com/meets/368307-carl-westling-invitational-2019/results,2,Henry M Jackson High School,https://wa.milesplit.com/teams/6773-henry-m-jackson-high-school,67,2+12+14+16+23  (32+33),1:07 1-5 Split | 17:04 Avg
,https://wa.milesplit.com/meets/368307-carl-westling-invitational-2019/results,3,Arlington High School,https://wa.milesplit.com/teams/6378-arlington-high-school,72,5+6+17+18+26  (29+36),1:06 1-5 Split | 17:04 Avg
,https://wa.milesplit.com/meets/368307-carl-westling-invitational-2019/results,4,Oregon City High School,https://or.milesplit.com/teams/12226-oregon-city-high-school,115,8+15+27+31+34  (37+47),1:03 1-5 Split | 17:27 Avg
,https://wa.milesplit.com/meets/368307-carl-westling-invitational-2019/results,5,Lake Stevens High School,https://wa.milesplit.com/teams/6677-lake-stevens-high-school,153,10+25+30+42+46  (51+68),1:13 1-5 Split | 17:47 Avg
,https://wa.milesplit.com/meets/368307-carl-westling-invitational-2019/results,6,Mount Vernon High School,https://wa.milesplit.com/teams/6666-mount-vernon-high-school,178,7+24+38+54+55  (76+78),2:06 1-5 Split | 17:55 Avg
,https://wa.milesplit.com/meets/368307-carl-westling-invitational-2019/results,7,Redmond Senior High School,https://wa.milesplit.com/teams/6362-redmond-senior-high-school,202,1+39+45+56+61  (62+71),2:55 1-5 Split | 18:05 Avg
,https://wa.milesplit.com/meets/368307-carl-westling-invitational-2019/results,8,Shorewood High School,https://wa.milesplit.com/teams/6573-shorewood-high-school,204,28+40+43+44+49,0:45 1-5 Split | 18:08 Avg
,https://wa.milesplit.com/meets/368307-carl-westling-invitational-2019/results,9,Squalicum High School,https://wa.milesplit.com/teams/6716-squalicum-high-school,225,21+35+53+57+59  (69+74),1:38 1-5 Split | 18:20 Avg
,https://wa.milesplit.com/meets/368307-carl-westling-invitational-2019/results,10,Stanwood High School,https://wa.milesplit.com/teams/6301-stanwood-high-school,298,41+50+58+67+82,2:41 1-5 Split | 19:09 Avg
,https://wa.milesplit.com/meets/368307-carl-westling-invitational-2019/results,11,Shorecrest High School,https://wa.milesplit.com/teams/6572-shorecrest-high-school,307,48+52+64+70+73  (81+84),1:07 1-5 Split | 19:01 Avg
,https://wa.milesplit.com/meets/368307-carl-westling-invitational-2019/results,12,North Creek,https://wa.milesplit.com/teams/6408-north-creek,323,19+72+75+77+80  (83+85),2:59 1-5 Split | 19:18 Avg
,https://wa.milesplit.com/meets/368307-carl-westling-invitational-2019/results,13,Everett High School,https://wa.milesplit.com/teams/6674-everett-high-school,333,60+63+65+66+79,0:56 1-5 Split | 19:20 Avg
,https://wa.milesplit.com/meets/368307-carl-westling-invitational-2019/results,1,South Whidbey High School,https://wa.milesplit.com/teams/6552-south-whidbey-high-school,94,6+17+19+20+32  (33+95),1:17 1-5 Split | 17:41 Avg
,https://wa.milesplit.com/meets/368307-carl-westling-invitational-2019/results,2,Cascade High School,https://wa.milesplit.com/teams/6787-cascade-high-school,110,2+9+11+36+52  (71+96),2:03 1-5 Split | 17:37 Avg
,https://wa.milesplit.com/meets/368307-carl-westling-invitational-2019/results,3,Sedro Woolley High School,https://wa.milesplit.com/teams/6667-sedro-woolley-high-school,128,1+16+27+30+54  (55+58),2:28 1-5 Split | 17:46 Avg
,https://wa.milesplit.com/meets/368307-carl-westling-invitational-2019/results,4,Roosevelt High School,https://wa.milesplit.com/teams/6587-roosevelt-high-school,134,13+23+26+35+37  (66),1:08 1-5 Split | 18:00 Avg
,https://wa.milesplit.com/meets/368307-carl-westling-invitational-2019/results,5,Bellingham High School,https://wa.milesplit.com/teams/6826-bellingham-high-school,148,7+14+31+45+51  (53+114),1:47 1-5 Split | 17:59 Avg
,https://wa.milesplit.com/meets/368307-carl-westling-invitational-2019/results,6,Cedarcrest High School,https://wa.milesplit.com/teams/6761-cedarcrest-high-school,148,12+18+25+34+59  (62+84),1:32 1-5 Split | 18:02 Avg
,https://wa.milesplit.com/meets/368307-carl-westling-invitational-2019/results,7,Renton High School,https://wa.milesplit.com/teams/6363-renton-high-school,156,5+10+22+43+76  (126),2:21 1-5 Split | 17:56 Avg
,https://wa.milesplit.com/meets/368307-carl-westling-invitational-2019/results,8,University Prep School,https://wa.milesplit.com/teams/6410-university-prep-school,199,4+40+42+46+67  (103+112),2:12 1-5 Split | 18:17 Avg
,https://wa.milesplit.com/meets/368307-carl-westling-invitational-2019/results,9,Sammamish High School,https://wa.milesplit.com/teams/6310-sammamish-high-school,214,3+15+60+61+75  (78+127),2:20 1-5 Split | 18:12 Avg
,https://wa.milesplit.com/meets/368307-carl-westling-invitational-2019/results,10,Burlington-Edison High School,https://wa.milesplit.com/teams/6663-burlington-edison-high-school,295,28+47+50+64+106  (107+113),1:58 1-5 Split | 18:54 Avg
,https://wa.milesplit.com/meets/368307-carl-westling-invitational-2019/results,11,White River High School,https://wa.milesplit.com/teams/6659-white-river-high-school,299,41+44+68+72+74  (79+89),0:35 1-5 Split | 18:51 Avg
,https://wa.milesplit.com/meets/368307-carl-westling-invitational-2019/results,12,King's  Schools,https://wa.milesplit.com/teams/6742-kings-schools,339,8+49+57+102+123  (132),3:47 1-5 Split | 19:03 Avg
,https://wa.milesplit.com/meets/368307-carl-westling-invitational-2019/results,13,Mount Vernon Christian School,https://wa.milesplit.com/teams/6313-mount-vernon-christian-school,356,24+48+77+87+120,2:40 1-5 Split | 19:15 Avg
,https://wa.milesplit.com/meets/368307-carl-westling-invitational-2019/results,14,Nooksack Valley High School,https://wa.milesplit.com/teams/6802-nooksack-valley-high-school,364,21+63+70+86+124  (129+136),3:01 1-5 Split | 19:17 Avg
,https://wa.milesplit.com/meets/368307-carl-westling-invitational-2019/results,15,Cedar Park Christian School,https://wa.milesplit.com/teams/6409-cedar-park-christian-school,388,29+56+94+100+109  (111+133),2:03 1-5 Split | 19:22 Avg
,https://wa.milesplit.com/meets/368307-carl-westling-invitational-2019/results,16,Meridian High School,https://wa.milesplit.com/teams/6720-meridian-high-school,399,39+81+88+93+98  (121),1:24 1-5 Split | 19:28 Avg
,https://wa.milesplit.com/meets/368307-carl-westling-invitational-2019/results,17,Bellevue Christian High School,https://wa.milesplit.com/teams/6326-bellevue-christian-high-school,431,69+73+82+99+108  (115+130),1:04 1-5 Split | 19:32 Avg
,https://wa.milesplit.com/meets/368307-carl-westling-invitational-2019/results,18,Ferndale High School,https://wa.milesplit.com/teams/6718-ferndale-high-school,435,38+65+104+110+118  (125),2:07 1-5 Split | 19:40 Avg
,https://wa.milesplit.com/meets/368307-carl-westling-invitational-2019/results,19,Cascade High School,https://wa.milesplit.com/teams/6379-cascade-high-school,466,83+85+90+91+117  (122+128),0:59 1-5 Split | 19:50 Avg
,https://wa.milesplit.com/meets/368307-carl-westling-invitational-2019/results,20,Blaine High School,https://wa.milesplit.com/teams/6717-blaine-high-school,494,80+92+101+105+116  (137),1:03 1-5 Split | 19:58 Avg
,https://wa.milesplit.com/meets/368307-carl-westling-invitational-2019/results,21,Coupeville Middle High School,https://wa.milesplit.com/teams/6550-coupeville-middle-high-school,616,97+119+131+134+135  (138+139),2:17 1-5 Split | 21:15 Avg
,https://wa.milesplit.com/meets/368307-carl-westling-invitational-2019/results,1,Henry M Jackson High School,https://wa.milesplit.com/teams/6773-henry-m-jackson-high-school,48,6+7+8+11+16  (27+29),0:36 1-5 Split | 18:11 Avg
,https://wa.milesplit.com/meets/368307-carl-westling-invitational-2019/results,2,Sehome High School,https://wa.milesplit.com/teams/6389-sehome-high-school,87,1+10+13+30+33  (39+42),1:21 1-5 Split | 18:28 Avg
,https://wa.milesplit.com/meets/368307-carl-westling-invitational-2019/results,3,Roosevelt High School,https://wa.milesplit.com/teams/6587-roosevelt-high-school,91,9+19+20+21+22  (23+35),0:46 1-5 Split | 18:40 Avg
,https://wa.milesplit.com/meets/368307-carl-westling-invitational-2019/results,4,Arlington High School,https://wa.milesplit.com/teams/6378-arlington-high-school,134,4+5+40+41+44  (45+46),1:18 1-5 Split | 18:40 Avg
,https://wa.milesplit.com/meets/368307-carl-westling-invitational-2019/results,5,Mariner High School,https://wa.milesplit.com/teams/6682-mariner-high-school,174,3+14+31+43+83  (111+122),2:17 1-5 Split | 18:57 Avg
,https://wa.milesplit.com/meets/368307-carl-westling-invitational-2019/results,6,Lake Stevens High School,https://wa.milesplit.com/teams/6677-lake-stevens-high-school,219,15+24+48+63+69  (77+79),1:22 1-5 Split | 19:20 Avg
,https://wa.milesplit.com/meets/368307-carl-westling-invitational-2019/results,7,Cedarcrest High School,https://wa.milesplit.com/teams/6761-cedarcrest-high-school,234,18+28+51+61+76  (85+109),1:20 1-5 Split | 19:24 Avg
,https://wa.milesplit.com/meets/368307-carl-westling-invitational-2019/results,8,Oregon City High School,https://or.milesplit.com/teams/12226-oregon-city-high-school,245,17+26+34+68+100  (121+140),1:50 1-5 Split | 19:25 Avg
,https://wa.milesplit.com/meets/368307-carl-westling-invitational-2019/results,9,Bellingham High School,https://wa.milesplit.com/teams/6826-bellingham-high-school,262,2+47+52+74+87  (88+126),2:28 1-5 Split | 19:24 Avg
,https://wa.milesplit.com/meets/368307-carl-westling-invitational-2019/results,10,Sedro Woolley High School,https://wa.milesplit.com/teams/6667-sedro-woolley-high-school,278,25+38+67+70+78  (115+134),1:10 1-5 Split | 19:35 Avg
,https://wa.milesplit.com/meets/368307-carl-westling-invitational-2019/results,11,Shorewood High School,https://wa.milesplit.com/teams/6573-shorewood-high-school,338,54+57+59+65+103  (125+132),0:58 1-5 Split | 19:54 Avg
,https://wa.milesplit.com/meets/368307-carl-westling-invitational-2019/results,12,Redmond Senior High School,https://wa.milesplit.com/teams/6362-redmond-senior-high-school,340,36+37+80+92+95  (128+129),1:24 1-5 Split | 19:50 Avg
,https://wa.milesplit.com/meets/368307-carl-westling-invitational-2019/results,13,Mount Vernon High School,https://wa.milesplit.com/teams/6666-mount-vernon-high-school,382,12+55+60+124+131  (145+148),2:33 1-5 Split | 19:54 Avg
,https://wa.milesplit.com/meets/368307-carl-westling-invitational-2019/results,14,South Whidbey High School,https://wa.milesplit.com/teams/6552-south-whidbey-high-school,448,32+50+64+147+155  (179+192),2:25 1-5 Split | 20:13 Avg
,https://wa.milesplit.com/meets/368307-carl-westling-invitational-2019/results,15,King's  Schools,https://wa.milesplit.com/teams/6742-kings-schools,476,56+73+96+108+143  (161+168),1:27 1-5 Split | 20:23 Avg
,https://wa.milesplit.com/meets/368307-carl-westling-invitational-2019/results,16,Burlington-Edison High School,https://wa.milesplit.com/teams/6663-burlington-edison-high-school,478,49+72+90+130+137  (138+150),1:37 1-5 Split | 20:22 Avg
,https://wa.milesplit.com/meets/368307-carl-westling-invitational-2019/results,17,Stanwood High School,https://wa.milesplit.com/teams/6301-stanwood-high-school,520,75+81+91+93+180  (195+196),2:09 1-5 Split | 20:38 Avg
,https://wa.milesplit.com/meets/368307-carl-westling-invitational-2019/results,18,White River High School,https://wa.milesplit.com/teams/6659-white-river-high-school,527,71+98+102+123+133  (174+178),0:59 1-5 Split | 20:33 Avg
,https://wa.milesplit.com/meets/368307-carl-westling-invitational-2019/results,19,Squalicum High School,https://wa.milesplit.com/teams/6716-squalicum-high-school,548,97+106+112+116+117  (119+170),0:11 1-5 Split | 20:37 Avg
,https://wa.milesplit.com/meets/368307-carl-westling-invitational-2019/results,20,Shorecrest High School,https://wa.milesplit.com/teams/6572-shorecrest-high-school,573,82+101+107+139+144  (162+166),1:08 1-5 Split | 20:43 Avg
,https://wa.milesplit.com/meets/368307-carl-westling-invitational-2019/results,21,Lakewood High School,https://wa.milesplit.com/teams/6300-lakewood-high-school,636,66+114+127+152+177  (189+191),2:13 1-5 Split | 20:59 Avg
,https://wa.milesplit.com/meets/368307-carl-westling-invitational-2019/results,22,Cascade High School,https://wa.milesplit.com/teams/6787-cascade-high-school,637,62+135+136+146+158  (160+169),1:39 1-5 Split | 20:56 Avg
,https://wa.milesplit.com/meets/368307-carl-westling-invitational-2019/results,23,Cascade High School,https://wa.milesplit.com/teams/6379-cascade-high-school,661,86+110+149+153+163  (186+202),1:20 1-5 Split | 21:04 Avg
,https://wa.milesplit.com/meets/368307-carl-westling-invitational-2019/results,24,University Prep School,https://wa.milesplit.com/teams/6410-university-prep-school,671,53+94+120+194+210  (217),5:25 1-5 Split | 21:45 Avg
,https://wa.milesplit.com/meets/368307-carl-westling-invitational-2019/results,25,Cedar Park Christian School,https://wa.milesplit.com/teams/6409-cedar-park-christian-school,693,58+84+159+193+199  (212+226),3:38 1-5 Split | 21:35 Avg
,https://wa.milesplit.com/meets/368307-carl-westling-invitational-2019/results,26,Everett High School,https://wa.milesplit.com/teams/6674-everett-high-school,713,104+118+151+165+175  (215+221),1:25 1-5 Split | 21:17 Avg
,https://wa.milesplit.com/meets/368307-carl-westling-invitational-2019/results,27,Sammamish High School,https://wa.milesplit.com/teams/6310-sammamish-high-school,720,105+113+157+164+181  (183+197),1:52 1-5 Split | 21:21 Avg
,https://wa.milesplit.com/meets/368307-carl-westling-invitational-2019/results,28,North Creek,https://wa.milesplit.com/teams/6408-north-creek,762,99+141+156+182+184  (187+200),2:09 1-5 Split | 21:40 Avg
,https://wa.milesplit.com/meets/368307-carl-westling-invitational-2019/results,29,Meridian High School,https://wa.milesplit.com/teams/6720-meridian-high-school,831,142+154+171+176+188  (201+205),1:45 1-5 Split | 21:54 Avg
,https://wa.milesplit.com/meets/368307-carl-westling-invitational-2019/results,30,Ferndale High School,https://wa.milesplit.com/teams/6718-ferndale-high-school,857,89+172+190+198+208  (219+220),4:06 1-5 Split | 22:37 Avg
,https://wa.milesplit.com/meets/368307-carl-westling-invitational-2019/results,31,Orcas Island Middle/High School,https://wa.milesplit.com/teams/6661-orcas-island-middlehigh-school,965,167+173+185+218+222  (223),4:46 1-5 Split | 23:43 Avg
,https://wa.milesplit.com/meets/368307-carl-westling-invitational-2019/results,32,Blaine High School,https://wa.milesplit.com/teams/6717-blaine-high-school,1051,206+207+211+213+214  (224),0:46 1-5 Split | 24:49 Avg
,https://wa.milesplit.com/meets/368307-carl-westling-invitational-2019/results,33,Highline High School,https://wa.milesplit.com/teams/6559-highline-high-school,1057,203+204+209+216+225  (227),2:58 1-5 Split | 25:04 Avg
,https://wa.milesplit.com/meets/368307-carl-westling-invitational-2019/results,1,Redmond Senior High School,https://wa.milesplit.com/teams/6362-redmond-senior-high-school,21,1+2+3+4+11  (25+33),1:11 1-5 Split | 19:38 Avg
,https://wa.milesplit.com/meets/368307-carl-westling-invitational-2019/results,2,Sehome High School,https://wa.milesplit.com/teams/6389-sehome-high-school,80,5+9+13+24+29  (30),1:56 1-5 Split | 20:54 Avg
,https://wa.milesplit.com/meets/368307-carl-westling-invitational-2019/results,3,Arlington High School,https://wa.milesplit.com/teams/6378-arlington-high-school,84,7+16+18+20+23  (26+28),1:26 1-5 Split | 20:57 Avg
,https://wa.milesplit.com/meets/368307-carl-westling-invitational-2019/results,4,Lake Stevens High School,https://wa.milesplit.com/teams/6677-lake-stevens-high-school,84,6+10+12+19+37  (39+40),2:46 1-5 Split | 20:58 Avg
,https://wa.milesplit.com/meets/368307-carl-westling-invitational-2019/results,5,Henry M Jackson High School,https://wa.milesplit.com/teams/6773-henry-m-jackson-high-school,171,8+14+48+50+51  (57),3:33 1-5 Split | 22:26 Avg
,https://wa.milesplit.com/meets/368307-carl-westling-invitational-2019/results,6,Shorewood High School,https://wa.milesplit.com/teams/6573-shorewood-high-school,199,31+36+41+42+49  (53+55),1:29 1-5 Split | 22:58 Avg
,https://wa.milesplit.com/meets/368307-carl-westling-invitational-2019/results,7,Squalicum High School,https://wa.milesplit.com/teams/6716-squalicum-high-school,212,15+17+52+56+72  (73+80),5:25 1-5 Split | 23:12 Avg
,https://wa.milesplit.com/meets/368307-carl-westling-invitational-2019/results,8,Stanwood High School,https://wa.milesplit.com/teams/6301-stanwood-high-school,223,22+35+47+59+60  (68+79),3:08 1-5 Split | 23:18 Avg
,https://wa.milesplit.com/meets/368307-carl-westling-invitational-2019/results,9,Oregon City High School,https://or.milesplit.com/teams/12226-oregon-city-high-school,229,27+34+45+61+62  (69+70),2:46 1-5 Split | 23:23 Avg
,https://wa.milesplit.com/meets/368307-carl-westling-invitational-2019/results,10,Everett High School,https://wa.milesplit.com/teams/6674-everett-high-school,258,32+38+46+67+75,4:24 1-5 Split | 24:10 Avg
,https://wa.milesplit.com/meets/368307-carl-westling-invitational-2019/results,11,Mount Vernon High School,https://wa.milesplit.com/teams/6666-mount-vernon-high-school,266,21+43+65+66+71  (77),4:28 1-5 Split | 24:03 Avg
,https://wa.milesplit.com/meets/368307-carl-westling-invitational-2019/results,12,Shorecrest High School,https://wa.milesplit.com/teams/6572-shorecrest-high-school,333,54+63+64+74+78,3:19 1-5 Split | 25:37 Avg
,https://wa.milesplit.com/meets/368307-carl-westling-invitational-2019/results,13,North Creek,https://wa.milesplit.com/teams/6408-north-creek,341,44+58+76+81+82,9:37 1-5 Split | 27:45 Avg
,https://wa.milesplit.com/meets/368307-carl-westling-invitational-2019/results,1,Bellingham High School,https://wa.milesplit.com/teams/6826-bellingham-high-school,48,3+6+10+14+15  (26+28),1:51 1-5 Split | 21:00 Avg
,https://wa.milesplit.com/meets/368307-carl-westling-invitational-2019/results,2,King's  Schools,https://wa.milesplit.com/teams/6742-kings-schools,64,1+4+16+18+25,4:39 1-5 Split | 20:50 Avg
,https://wa.milesplit.com/meets/368307-carl-westling-invitational-2019/results,3,Cedarcrest High School,https://wa.milesplit.com/teams/6761-cedarcrest-high-school,85,7+11+20+23+24  (32+34),1:50 1-5 Split | 21:50 Avg
,https://wa.milesplit.com/meets/368307-carl-westling-invitational-2019/results,4,South Whidbey High School,https://wa.milesplit.com/teams/6552-south-whidbey-high-school,141,2+21+27+40+51  (52),4:44 1-5 Split | 22:30 Avg
,https://wa.milesplit.com/meets/368307-carl-westling-invitational-2019/results,5,White River High School,https://wa.milesplit.com/teams/6659-white-river-high-school,143,8+19+35+39+42  (62+67),3:01 1-5 Split | 22:44 Avg
,https://wa.milesplit.com/meets/368307-carl-westling-invitational-2019/results,6,Burlington-Edison High School,https://wa.milesplit.com/teams/6663-burlington-edison-high-school,153,9+22+38+41+43  (54),2:37 1-5 Split | 23:00 Avg
,https://wa.milesplit.com/meets/368307-carl-westling-invitational-2019/results,7,Cascade High School,https://wa.milesplit.com/teams/6787-cascade-high-school,211,5+31+55+57+63,5:19 1-5 Split | 23:49 Avg
,https://wa.milesplit.com/meets/368307-carl-westling-invitational-2019/results,8,University Prep School,https://wa.milesplit.com/teams/6410-university-prep-school,212,13+30+36+58+75,5:11 1-5 Split | 23:57 Avg
,https://wa.milesplit.com/meets/368307-carl-westling-invitational-2019/results,9,Nooksack Valley High School,https://wa.milesplit.com/teams/6802-nooksack-valley-high-school,219,12+44+47+56+60  (71+74),3:48 1-5 Split | 24:02 Avg
,https://wa.milesplit.com/meets/368307-carl-westling-invitational-2019/results,10,Sedro Woolley High School,https://wa.milesplit.com/teams/6667-sedro-woolley-high-school,226,17+33+53+59+64  (70+72),3:52 1-5 Split | 24:09 Avg
,https://wa.milesplit.com/meets/368307-carl-westling-invitational-2019/results,11,Sammamish High School,https://wa.milesplit.com/teams/6310-sammamish-high-school,285,45+46+61+65+68  (73+77),2:03 1-5 Split | 25:03 Avg
,https://wa.milesplit.com/meets/368307-carl-westling-invitational-2019/results,12,Cedar Park Christian School,https://wa.milesplit.com/teams/6409-cedar-park-christian-school,289,29+37+69+76+78  (80),6:20 1-5 Split | 25:39 Avg
,https://wa.milesplit.com/meets/368307-carl-westling-invitational-2019/results,13,Coupeville Middle High School,https://wa.milesplit.com/teams/6550-coupeville-middle-high-school,292,48+49+50+66+79,5:01 1-5 Split | 25:36 Avg
,https://wa.milesplit.com/meets/368307-carl-westling-invitational-2019/results,1,Arlington High School,https://wa.milesplit.com/teams/6378-arlington-high-school,53,1+7+10+16+19  (29+32),1:19 1-5 Split | 22:35 Avg
,https://wa.milesplit.com/meets/368307-carl-westling-invitational-2019/results,2,Sehome High School,https://wa.milesplit.com/teams/6389-sehome-high-school,55,4+5+11+15+20  (40+60),0:53 1-5 Split | 22:39 Avg
,https://wa.milesplit.com/meets/368307-carl-westling-invitational-2019/results,3,Lake Stevens High School,https://wa.milesplit.com/teams/6677-lake-stevens-high-school,64,2+3+17+18+24  (25+27),1:31 1-5 Split | 22:43 Avg
,https://wa.milesplit.com/meets/368307-carl-westling-invitational-2019/results,4,Redmond Senior High School,https://wa.milesplit.com/teams/6362-redmond-senior-high-school,81,8+9+12+22+30  (37+38),1:19 1-5 Split | 22:56 Avg
,https://wa.milesplit.com/meets/368307-carl-westling-invitational-2019/results,5,Shorewood High School,https://wa.milesplit.com/teams/6573-shorewood-high-school,210,36+39+43+45+47  (49+55),0:42 1-5 Split | 24:50 Avg
,https://wa.milesplit.com/meets/368307-carl-westling-invitational-2019/results,6,Mariner High School,https://wa.milesplit.com/teams/6682-mariner-high-school,216,6+13+23+79+95  (115+124),5:21 1-5 Split | 24:36 Avg
,https://wa.milesplit.com/meets/368307-carl-westling-invitational-2019/results,7,Cedarcrest High School,https://wa.milesplit.com/teams/6761-cedarcrest-high-school,236,14+31+34+75+82  (106),4:17 1-5 Split | 24:58 Avg
,https://wa.milesplit.com/meets/368307-carl-westling-invitational-2019/results,8,Bellingham High School,https://wa.milesplit.com/teams/6826-bellingham-high-school,247,28+33+35+54+97  (128),3:58 1-5 Split | 25:03 Avg
,https://wa.milesplit.com/meets/368307-carl-westling-invitational-2019/results,9,Burlington-Edison High School,https://wa.milesplit.com/teams/6663-burlington-edison-high-school,276,26+48+52+70+80  (89+100),3:24 1-5 Split | 25:32 Avg
,https://wa.milesplit.com/meets/368307-carl-westling-invitational-2019/results,10,Henry M Jackson High School,https://wa.milesplit.com/teams/6773-henry-m-jackson-high-school,284,41+42+44+56+101  (103+127),3:11 1-5 Split | 25:38 Avg
,https://wa.milesplit.com/meets/368307-carl-westling-invitational-2019/results,11,Renton High School,https://wa.milesplit.com/teams/6363-renton-high-school,317,21+50+61+92+93  (98),4:22 1-5 Split | 25:56 Avg
,https://wa.milesplit.com/meets/368307-carl-westling-invitational-2019/results,12,Meridian High School,https://wa.milesplit.com/teams/6720-meridian-high-school,323,51+53+64+72+83  (119),1:45 1-5 Split | 26:11 Avg
,https://wa.milesplit.com/meets/368307-carl-westling-invitational-2019/results,13,Oregon City High School,https://or.milesplit.com/teams/12226-oregon-city-high-school,352,58+66+67+76+85  (113+129),1:26 1-5 Split | 26:28 Avg
,https://wa.milesplit.com/meets/368307-carl-westling-invitational-2019/results,14,Shorecrest High School,https://wa.milesplit.com/teams/6572-shorecrest-high-school,400,62+63+74+96+105  (109+126),2:01 1-5 Split | 26:55 Avg
,https://wa.milesplit.com/meets/368307-carl-westling-invitational-2019/results,15,King's  Schools,https://wa.milesplit.com/teams/6742-kings-schools,407,69+78+81+88+91,1:08 1-5 Split | 27:03 Avg
,https://wa.milesplit.com/meets/368307-carl-westling-invitational-2019/results,16,Mount Vernon High School,https://wa.milesplit.com/teams/6666-mount-vernon-high-school,413,59+73+86+87+108  (110+112),2:30 1-5 Split | 27:06 Avg
,https://wa.milesplit.com/meets/368307-carl-westling-invitational-2019/results,17,Lakewood High School,https://wa.milesplit.com/teams/6300-lakewood-high-school,439,46+71+77+111+134,13:24 1-5 Split | 29:09 Avg
,https://wa.milesplit.com/meets/368307-carl-westling-invitational-2019/results,18,Stanwood High School,https://wa.milesplit.com/teams/6301-stanwood-high-school,455,57+65+104+107+122  (133),4:26 1-5 Split | 27:45 Avg
,https://wa.milesplit.com/meets/368307-carl-westling-invitational-2019/results,19,Sedro Woolley High School,https://wa.milesplit.com/teams/6667-sedro-woolley-high-school,462,68+84+94+102+114  (118),2:55 1-5 Split | 27:43 Avg
,https://wa.milesplit.com/meets/368307-carl-westling-invitational-2019/results,20,University Prep School,https://wa.milesplit.com/teams/6410-university-prep-school,553,90+99+120+121+123,2:47 1-5 Split | 29:12 Avg
,https://wa.milesplit.com/meets/368307-carl-westling-invitational-2019/results,21,Cascade High School,https://wa.milesplit.com/teams/6787-cascade-high-school,619,116+117+125+130+131  (132),3:45 1-5 Split | 31:24 Avg
,https://wa.milesplit.com/meets/284676-newportnorthcreek-mount-si-2017/results,1,Mount Si High School,https://wa.milesplit.com/teams/6276-mount-si-high-school,30,3+4+5+8+10  (12+13),0:36 1-5 Split | 18:22 Avg
,https://wa.milesplit.com/meets/284676-newportnorthcreek-mount-si-2017/results,2,Newport (Bellevue),https://wa.milesplit.com/teams/19082-newport-bellevue,34,1+6+7+9+11  (14+16),1:29 1-5 Split | 18:20 Avg
,https://wa.milesplit.com/meets/284676-newportnorthcreek-mount-si-2017/results,3,North Creek,https://wa.milesplit.com/teams/6408-north-creek,71,2+15+17+18+19  (20+21),3:11 1-5 Split | 19:19 Avg
,https://wa.milesplit.com/meets/284676-newportnorthcreek-mount-si-2017/results,1,Newport (Bellevue),https://wa.milesplit.com/teams/19082-newport-bellevue,23,2+3+4+6+8  (11+13),1:44 1-5 Split | 22:03 Avg
,https://wa.milesplit.com/meets/284676-newportnorthcreek-mount-si-2017/results,2,Mount Si High School,https://wa.milesplit.com/teams/6276-mount-si-high-school,32,1+5+7+9+10  (12+14),2:54 1-5 Split | 22:55 Avg
,https://wa.milesplit.com/meets/284676-newportnorthcreek-mount-si-2017/results,3,North Creek,https://wa.milesplit.com/teams/6408-north-creek,85,15+16+17+18+19  (20),2:14 1-5 Split | 27:38 Avg
,https://wa.milesplit.com/meets/285916-franklinhalelakeclev-2017/results,1,Franklin High School,https://wa.milesplit.com/teams/6586-franklin-high-school,15,1+2+3+4+5  (10+13),0:25 1-5 Split | 16:51 Avg
,https://wa.milesplit.com/meets/285916-franklinhalelakeclev-2017/results,2,Nathan Hale High School,https://wa.milesplit.com/teams/6585-nathan-hale-high-school,51,6+7+9+12+17  (18+19),1:40 1-5 Split | 17:54 Avg
,https://wa.milesplit.com/meets/285916-franklinhalelakeclev-2017/results,3,Lakeside School,https://wa.milesplit.com/teams/6464-lakeside-school,64,8+11+14+15+16  (20+21),1:28 1-5 Split | 18:11 Avg
,https://wa.milesplit.com/meets/285916-franklinhalelakeclev-2017/results,4,Cleveland High School,https://wa.milesplit.com/teams/6589-cleveland-high-school,120,22+23+24+25+26  (27),8:10 1-5 Split | 23:13 Avg
,https://wa.milesplit.com/meets/285916-franklinhalelakeclev-2017/results,1,Lakeside School,https://wa.milesplit.com/teams/6464-lakeside-school,29,2+3+4+5+15  (19+20),1:08 1-5 Split | 22:31 Avg
,https://wa.milesplit.com/meets/285916-franklinhalelakeclev-2017/results,2,Nathan Hale High School,https://wa.milesplit.com/teams/6585-nathan-hale-high-school,37,1+6+9+10+11  (12+17),1:34 1-5 Split | 22:33 Avg
,https://wa.milesplit.com/meets/285916-franklinhalelakeclev-2017/results,3,Franklin High School,https://wa.milesplit.com/teams/6586-franklin-high-school,63,7+8+14+16+18  (22+24),0:36 1-5 Split | 23:01 Avg
,https://wa.milesplit.com/meets/285916-franklinhalelakeclev-2017/results,4,Cleveland High School,https://wa.milesplit.com/teams/6589-cleveland-high-school,108,13+21+23+25+26  (27+28),5:18 1-5 Split | 25:07 Avg
,https://wa.milesplit.com/meets/333205-seatac-1b2b-league-championship-2018/results,1,Pope John Paul II,https://wa.milesplit.com/teams/29437-pope-john-paul-ii,15,1+2+3+4+5  (6+7),1:30 1-5 Split | 17:33 Avg
,https://wa.milesplit.com/meets/333205-seatac-1b2b-league-championship-2018/results,2,Crosspoint Academy,https://wa.milesplit.com/teams/23730-crosspoint-academy,68,10+12+14+15+17  (19+20),1:33 1-5 Split | 20:56 Avg
,https://wa.milesplit.com/meets/333205-seatac-1b2b-league-championship-2018/results,3,Tacoma Baptist School,https://wa.milesplit.com/teams/6309-tacoma-baptist-school,81,9+13+16+21+22  (23+24),3:56 1-5 Split | 21:54 Avg
,https://wa.milesplit.com/meets/333205-seatac-1b2b-league-championship-2018/results,4,Seattle Lutheran High School,https://wa.milesplit.com/teams/6470-seattle-lutheran-high-school,88,8+11+18+25+26,9:22 1-5 Split | 23:28 Avg
,https://wa.milesplit.com/meets/333205-seatac-1b2b-league-championship-2018/results,1,Pope John Paul II,https://wa.milesplit.com/teams/29437-pope-john-paul-ii,15,1+2+3+4+5  (6+7),1:18 1-5 Split | 20:04 Avg
,https://wa.milesplit.com/meets/333205-seatac-1b2b-league-championship-2018/results,1,Pope John Paul II,https://wa.milesplit.com/teams/29437-pope-john-paul-ii,15,1+2+3+4+5  (6+7),3:27 1-5 Split | 23:36 Avg
,https://wa.milesplit.com/meets/373118-gsl-4-at-shadle-2019/results,1,Mead Senior High School,https://wa.milesplit.com/teams/6381-mead-senior-high-school,17,1+2+3+5+6  (7+8),0:17 1-5 Split | 17:27 Avg
,https://wa.milesplit.com/meets/373118-gsl-4-at-shadle-2019/results,2,Ferris High School,https://wa.milesplit.com/teams/6385-ferris-high-school,51,4+9+10+12+16  (20+21),1:37 1-5 Split | 18:17 Avg
,https://wa.milesplit.com/meets/373118-gsl-4-at-shadle-2019/results,3,Shadle Park High School,https://wa.milesplit.com/teams/6695-shadle-park-high-school,70,11+13+14+15+17  (18+19),0:54 1-5 Split | 18:48 Avg
,https://wa.milesplit.com/meets/373118-gsl-4-at-shadle-2019/results,1,Mead Senior High School,https://wa.milesplit.com/teams/6381-mead-senior-high-school,15,1+2+3+4+5  (6+7),0:35 1-5 Split | 15:54 Avg
,https://wa.milesplit.com/meets/373118-gsl-4-at-shadle-2019/results,2,Ferris High School,https://wa.milesplit.com/teams/6385-ferris-high-school,53,8+9+11+12+13  (14+16),0:48 1-5 Split | 16:50 Avg
,https://wa.milesplit.com/meets/373118-gsl-4-at-shadle-2019/results,3,Shadle Park High School,https://wa.milesplit.com/teams/6695-shadle-park-high-school,79,10+15+17+18+19,1:01 1-5 Split | 17:16 Avg
,https://wa.milesplit.com/meets/373118-gsl-4-at-shadle-2019/results,1,Mead Senior High School,https://wa.milesplit.com/teams/6381-mead-senior-high-school,18,1+2+3+5+7  (8+9),2:10 1-5 Split | 23:04 Avg
,https://wa.milesplit.com/meets/373118-gsl-4-at-shadle-2019/results,2,Ferris High School,https://wa.milesplit.com/teams/6385-ferris-high-school,43,4+6+10+11+12  (13+14),3:09 1-5 Split | 25:16 Avg
,https://wa.milesplit.com/meets/373118-gsl-4-at-shadle-2019/results,1,Mead Senior High School,https://wa.milesplit.com/teams/6381-mead-senior-high-school,24,2+3+5+6+8  (9+10),0:58 1-5 Split | 19:17 Avg
,https://wa.milesplit.com/meets/373118-gsl-4-at-shadle-2019/results,2,Ferris High School,https://wa.milesplit.com/teams/6385-ferris-high-school,35,1+4+7+11+12  (13+14),1:42 1-5 Split | 19:41 Avg
,https://wa.milesplit.com/meets/373118-gsl-4-at-shadle-2019/results,3,Shadle Park High School,https://wa.milesplit.com/teams/6695-shadle-park-high-school,85,15+16+17+18+19  (20),6:01 1-5 Split | 25:23 Avg
,https://wa.milesplit.com/meets/254307-sea-tac-league-meet-4-2016/results,1,Pope John Paul II,https://wa.milesplit.com/teams/29437-pope-john-paul-ii,19,1+3+4+5+6  (9+13),1:48 1-5 Split | 19:42 Avg
,https://wa.milesplit.com/meets/254307-sea-tac-league-meet-4-2016/results,2,Auburn Adventist Academy,https://wa.milesplit.com/teams/6325-auburn-adventist-academy,50,2+7+8+16+17,11:11 1-5 Split | 24:30 Avg
,https://wa.milesplit.com/meets/254307-sea-tac-league-meet-4-2016/results,3,Crosspoint Academy,https://wa.milesplit.com/teams/23730-crosspoint-academy,62,10+11+12+14+15,1:44 1-5 Split | 22:29 Avg
,https://wa.milesplit.com/meets/221027-gsl4-ferris-lc-2015/results,1,Ferris High School,https://wa.milesplit.com/teams/6385-ferris-high-school,24,2+3+4+7+8  (11+14),0:28 1-5 Split | 16:06 Avg
,https://wa.milesplit.com/meets/221027-gsl4-ferris-lc-2015/results,2,Lewis And Clark High School,https://wa.milesplit.com/teams/6383-lewis-and-clark-high-school,31,1+5+6+9+10  (12+13),0:53 1-5 Split | 16:09 Avg
,https://wa.milesplit.com/meets/221027-gsl4-ferris-lc-2015/results,1,Lewis And Clark High School,https://wa.milesplit.com/teams/6383-lewis-and-clark-high-school,15,1+2+3+4+5  (11+13),0:55 1-5 Split | 19:35 Avg
,https://wa.milesplit.com/meets/221027-gsl4-ferris-lc-2015/results,2,Ferris High School,https://wa.milesplit.com/teams/6385-ferris-high-school,40,6+7+8+9+10  (12+14),0:47 1-5 Split | 20:40 Avg
,https://wa.milesplit.com/meets/331048-curtis-invitational-2018/results,1,Mead Senior High School,https://wa.milesplit.com/teams/6381-mead-senior-high-school,27,1+3+6+8+9  (14+36),0:47 1-5 Split | 18:10 Avg
,https://wa.milesplit.com/meets/331048-curtis-invitational-2018/results,2,Ballard High School,https://wa.milesplit.com/teams/6583-ballard-high-school,110,10+15+20+32+33  (35+40),0:34 1-5 Split | 18:48 Avg
,https://wa.milesplit.com/meets/331048-curtis-invitational-2018/results,3,Lake Washington High School,https://wa.milesplit.com/teams/6566-lake-washington-high-school,119,11+23+25+26+34  (46+53),0:33 1-5 Split | 18:48 Avg
,https://wa.milesplit.com/meets/331048-curtis-invitational-2018/results,4,Emerald Ridge High School,https://wa.milesplit.com/teams/6835-emerald-ridge-high-school,173,7+16+39+41+70  (88+95),1:31 1-5 Split | 19:01 Avg
,https://wa.milesplit.com/meets/331048-curtis-invitational-2018/results,5,Ingraham High School,https://wa.milesplit.com/teams/6364-ingraham-high-school,191,4+22+24+65+76  (91+94),1:44 1-5 Split | 19:05 Avg
,https://wa.milesplit.com/meets/331048-curtis-invitational-2018/results,6,Auburn Riverside High School,https://wa.milesplit.com/teams/6780-auburn-riverside-high-school,201,30+38+42+44+47  (51+58),0:24 1-5 Split | 19:13 Avg
,https://wa.milesplit.com/meets/331048-curtis-invitational-2018/results,7,Auburn Mountainview High School,https://wa.milesplit.com/teams/20676-auburn-mountainview-high-school,226,17+29+54+57+69  (110+133),1:07 1-5 Split | 19:19 Avg
,https://wa.milesplit.com/meets/331048-curtis-invitational-2018/results,8,Sehome High School,https://wa.milesplit.com/teams/6389-sehome-high-school,276,12+49+55+79+81  (82+85),1:27 1-5 Split | 19:30 Avg
,https://wa.milesplit.com/meets/331048-curtis-invitational-2018/results,9,Capital High School,https://wa.milesplit.com/teams/6708-capital-high-school,305,31+45+68+78+83  (87+90),0:56 1-5 Split | 19:37 Avg
,https://wa.milesplit.com/meets/331048-curtis-invitational-2018/results,10,Peninsula High School,https://wa.milesplit.com/teams/6647-peninsula-high-school,306,2+64+66+77+97  (101+113),2:35 1-5 Split | 19:30 Avg
,https://wa.milesplit.com/meets/331048-curtis-invitational-2018/results,11,Curtis Senior High School,https://wa.milesplit.com/teams/6658-curtis-senior-high-school,327,37+43+48+99+100  (136+141),1:08 1-5 Split | 19:41 Avg
,https://wa.milesplit.com/meets/331048-curtis-invitational-2018/results,12,Bonney Lake,https://wa.milesplit.com/teams/7209-bonney-lake,341,13+59+84+92+93  (129+130),1:35 1-5 Split | 19:43 Avg
,https://wa.milesplit.com/meets/331048-curtis-invitational-2018/results,13,Governor John Rogers Senior High School,https://wa.milesplit.com/teams/6285-governor-john-rogers-senior-high-school,389,52+72+74+86+105  (111+115),1:00 1-5 Split | 19:58 Avg
,https://wa.milesplit.com/meets/331048-curtis-invitational-2018/results,14,Olympia High School,https://wa.milesplit.com/teams/6707-olympia-high-school,452,5+21+131+146+149  (192+197),3:10 1-5 Split | 20:09 Avg
,https://wa.milesplit.com/meets/331048-curtis-invitational-2018/results,15,Bellarmine Preparatory School,https://wa.milesplit.com/teams/6432-bellarmine-preparatory-school,465,63+75+96+112+119  (150+186),1:04 1-5 Split | 20:16 Avg
,https://wa.milesplit.com/meets/331048-curtis-invitational-2018/results,16,Todd Beamer,https://wa.milesplit.com/teams/7206-todd-beamer,471,67+73+89+117+125  (143+161),1:09 1-5 Split | 20:18 Avg
,https://wa.milesplit.com/meets/331048-curtis-invitational-2018/results,17,White River High School,https://wa.milesplit.com/teams/6659-white-river-high-school,486,62+80+104+116+124  (134+153),1:11 1-5 Split | 20:21 Avg
,https://wa.milesplit.com/meets/331048-curtis-invitational-2018/results,18,North Kitsap High School,https://wa.milesplit.com/teams/6598-north-kitsap-high-school,510,28+50+121+139+172  (187+203),2:55 1-5 Split | 20:28 Avg
,https://wa.milesplit.com/meets/331048-curtis-invitational-2018/results,19,Hazen High School,https://wa.milesplit.com/teams/6785-hazen-high-school,542,60+61+126+147+148  (184+195),1:40 1-5 Split | 20:36 Avg
,https://wa.milesplit.com/meets/331048-curtis-invitational-2018/results,20,Timberline High School,https://wa.milesplit.com/teams/6705-timberline-high-school,604,18+102+144+159+181  (189+208),3:25 1-5 Split | 20:49 Avg
,https://wa.milesplit.com/meets/331048-curtis-invitational-2018/results,21,Oregon City High School,https://or.milesplit.com/teams/12226-oregon-city-high-school,612,103+107+109+135+158  (167+171),1:14 1-5 Split | 20:50 Avg
,https://wa.milesplit.com/meets/331048-curtis-invitational-2018/results,22,North Thurston High School,https://wa.milesplit.com/teams/6704-north-thurston-high-school,672,98+106+120+166+182  (191+200),1:48 1-5 Split | 21:06 Avg
,https://wa.milesplit.com/meets/331048-curtis-invitational-2018/results,23,Juanita High School,https://wa.milesplit.com/teams/6361-juanita-high-school,707,118+128+132+155+174  (190+199),1:11 1-5 Split | 21:16 Avg
,https://wa.milesplit.com/meets/331048-curtis-invitational-2018/results,24,Rainier High School,https://wa.milesplit.com/teams/6847-rainier-high-school,725,56+71+185+196+217,3:53 1-5 Split | 21:33 Avg
,https://wa.milesplit.com/meets/331048-curtis-invitational-2018/results,25,Thomas Jefferson,https://wa.milesplit.com/teams/7225-thomas-jefferson,729,27+138+154+194+216  (223+230),4:33 1-5 Split | 21:33 Avg
,https://wa.milesplit.com/meets/331048-curtis-invitational-2018/results,26,Yelm High School,https://wa.milesplit.com/teams/6388-yelm-high-school,745,108+122+162+176+177  (221+235),1:27 1-5 Split | 21:25 Avg
,https://wa.milesplit.com/meets/331048-curtis-invitational-2018/results,27,Washington High School,https://wa.milesplit.com/teams/6644-washington-high-school,778,114+123+175+178+188  (193+204),1:35 1-5 Split | 21:35 Avg
,https://wa.milesplit.com/meets/331048-curtis-invitational-2018/results,28,Fife High School,https://wa.milesplit.com/teams/6373-fife-high-school,800,127+140+163+165+205  (212+220),2:09 1-5 Split | 21:45 Avg
,https://wa.milesplit.com/meets/331048-curtis-invitational-2018/results,29,Graham-Kapowsin,https://wa.milesplit.com/teams/7205-graham-kapowsin,814,137+156+168+170+183  (215+225),0:56 1-5 Split | 21:42 Avg
,https://wa.milesplit.com/meets/331048-curtis-invitational-2018/results,30,Cleveland High School,https://wa.milesplit.com/teams/6589-cleveland-high-school,928,19+219+226+231+233  (244+245),5:44 1-5 Split | 22:58 Avg
,https://wa.milesplit.com/meets/331048-curtis-invitational-2018/results,31,Federal Way High School,https://wa.milesplit.com/teams/6557-federal-way-high-school,938,145+151+157+242+243,7:10 1-5 Split | 24:04 Avg
,https://wa.milesplit.com/meets/331048-curtis-invitational-2018/results,32,Woodrow Wilson High School,https://wa.milesplit.com/teams/21456-woodrow-wilson-high-school,944,142+173+179+214+236  (238+241),3:35 1-5 Split | 22:42 Avg
,https://wa.milesplit.com/meets/331048-curtis-invitational-2018/results,33,W F West High School,https://wa.milesplit.com/teams/6370-w-f-west-high-school,955,164+180+198+206+207  (229),1:29 1-5 Split | 22:36 Avg
,https://wa.milesplit.com/meets/331048-curtis-invitational-2018/results,34,River Ridge High School,https://wa.milesplit.com/teams/6778-river-ridge-high-school,976,160+169+201+222+224  (232+240),2:09 1-5 Split | 22:45 Avg
,https://wa.milesplit.com/meets/331048-curtis-invitational-2018/results,35,Olympic High School,https://wa.milesplit.com/teams/6596-olympic-high-school,1043,152+211+213+228+239,4:23 1-5 Split | 23:37 Avg
,https://wa.milesplit.com/meets/331048-curtis-invitational-2018/results,36,Orting High School,https://wa.milesplit.com/teams/6646-orting-high-school,1066,202+209+210+218+227  (234+237),0:50 1-5 Split | 23:24 Avg
,https://wa.milesplit.com/meets/331048-curtis-invitational-2018/results,1,Mead Senior High School,https://wa.milesplit.com/teams/6381-mead-senior-high-school,62,2+4+10+17+29  (42+70),1:01 1-5 Split | 16:42 Avg
,https://wa.milesplit.com/meets/331048-curtis-invitational-2018/results,2,Lakeside School,https://wa.milesplit.com/teams/6464-lakeside-school,91,1+8+13+15+54  (157),1:41 1-5 Split | 16:48 Avg
,https://wa.milesplit.com/meets/331048-curtis-invitational-2018/results,3,Curtis Senior High School,https://wa.milesplit.com/teams/6658-curtis-senior-high-school,129,7+22+24+25+51  (73+83),1:11 1-5 Split | 17:07 Avg
,https://wa.milesplit.com/meets/331048-curtis-invitational-2018/results,4,Ballard High School,https://wa.milesplit.com/teams/6583-ballard-high-school,180,9+35+40+47+49  (66+67),1:08 1-5 Split | 17:23 Avg
,https://wa.milesplit.com/meets/331048-curtis-invitational-2018/results,5,Sehome High School,https://wa.milesplit.com/teams/6389-sehome-high-school,196,11+18+31+44+92  (108+154),1:34 1-5 Split | 17:22 Avg
,https://wa.milesplit.com/meets/331048-curtis-invitational-2018/results,6,Ingraham High School,https://wa.milesplit.com/teams/6364-ingraham-high-school,218,21+30+38+60+69  (71+82),1:00 1-5 Split | 17:31 Avg
,https://wa.milesplit.com/meets/331048-curtis-invitational-2018/results,7,Heritage,https://wa.milesplit.com/teams/7208-heritage,228,6+26+53+65+78,1:41 1-5 Split | 17:29 Avg
,https://wa.milesplit.com/meets/331048-curtis-invitational-2018/results,8,Auburn Riverside High School,https://wa.milesplit.com/teams/6780-auburn-riverside-high-school,248,5+23+41+81+98  (100+155),2:00 1-5 Split | 17:29 Avg
,https://wa.milesplit.com/meets/331048-curtis-invitational-2018/results,9,Auburn Mountainview High School,https://wa.milesplit.com/teams/20676-auburn-mountainview-high-school,258,27+32+43+46+110  (156+186),1:14 1-5 Split | 17:40 Avg
,https://wa.milesplit.com/meets/331048-curtis-invitational-2018/results,10,Oregon City High School,https://or.milesplit.com/teams/12226-oregon-city-high-school,311,34+45+62+74+96  (97+141),0:55 1-5 Split | 17:53 Avg
,https://wa.milesplit.com/meets/331048-curtis-invitational-2018/results,11,Bonney Lake,https://wa.milesplit.com/teams/7209-bonney-lake,361,14+33+89+94+131  (145+160),2:08 1-5 Split | 17:55 Avg
,https://wa.milesplit.com/meets/331048-curtis-invitational-2018/results,12,Governor John Rogers Senior High School,https://wa.milesplit.com/teams/6285-governor-john-rogers-senior-high-school,405,56+57+59+86+147  (148+167),1:19 1-5 Split | 18:09 Avg
,https://wa.milesplit.com/meets/331048-curtis-invitational-2018/results,13,Todd Beamer,https://wa.milesplit.com/teams/7206-todd-beamer,433,16+48+115+122+132  (146+191),2:02 1-5 Split | 18:10 Avg
,https://wa.milesplit.com/meets/331048-curtis-invitational-2018/results,14,Mountain View High School,https://wa.milesplit.com/teams/6321-mountain-view-high-school,498,19+80+111+136+152  (166+185),2:12 1-5 Split | 18:21 Avg
,https://wa.milesplit.com/meets/331048-curtis-invitational-2018/results,15,Lake Washington High School,https://wa.milesplit.com/teams/6566-lake-washington-high-school,498,61+87+101+109+140,1:10 1-5 Split | 18:23 Avg
,https://wa.milesplit.com/meets/331048-curtis-invitational-2018/results,16,North Kitsap High School,https://wa.milesplit.com/teams/6598-north-kitsap-high-school,502,63+95+105+118+121  (162+170),0:51 1-5 Split | 18:25 Avg
,https://wa.milesplit.com/meets/331048-curtis-invitational-2018/results,17,Thomas Jefferson,https://wa.milesplit.com/teams/7225-thomas-jefferson,504,36+84+107+135+142,1:33 1-5 Split | 18:24 Avg
,https://wa.milesplit.com/meets/331048-curtis-invitational-2018/results,18,Capital High School,https://wa.milesplit.com/teams/6708-capital-high-school,510,90+99+103+106+112  (175),0:23 1-5 Split | 18:26 Avg
,https://wa.milesplit.com/meets/331048-curtis-invitational-2018/results,19,Yelm High School,https://wa.milesplit.com/teams/6388-yelm-high-school,525,3+76+102+161+183  (204+226),3:19 1-5 Split | 18:20 Avg
,https://wa.milesplit.com/meets/331048-curtis-invitational-2018/results,20,W F West High School,https://wa.milesplit.com/teams/6370-w-f-west-high-school,531,20+37+117+127+230  (237+244),3:59 1-5 Split | 18:35 Avg
,https://wa.milesplit.com/meets/331048-curtis-invitational-2018/results,21,Peninsula High School,https://wa.milesplit.com/teams/6647-peninsula-high-school,534,39+88+93+130+184  (192+209),2:06 1-5 Split | 18:29 Avg
,https://wa.milesplit.com/meets/331048-curtis-invitational-2018/results,22,Renton High School,https://wa.milesplit.com/teams/6363-renton-high-school,543,58+113+120+123+129  (149+206),1:01 1-5 Split | 18:32 Avg
,https://wa.milesplit.com/meets/331048-curtis-invitational-2018/results,23,Hazen High School,https://wa.milesplit.com/teams/6785-hazen-high-school,593,68+79+114+144+188  (198+210),1:41 1-5 Split | 18:41 Avg
,https://wa.milesplit.com/meets/331048-curtis-invitational-2018/results,24,North Thurston High School,https://wa.milesplit.com/teams/6704-north-thurston-high-school,617,72+85+133+134+193  (225+227),1:47 1-5 Split | 18:46 Avg
,https://wa.milesplit.com/meets/331048-curtis-invitational-2018/results,25,Federal Way High School,https://wa.milesplit.com/teams/6557-federal-way-high-school,620,12+116+124+172+196  (220+233),3:10 1-5 Split | 18:41 Avg
,https://wa.milesplit.com/meets/331048-curtis-invitational-2018/results,26,White River High School,https://wa.milesplit.com/teams/6659-white-river-high-school,626,28+119+128+171+180  (202+205),2:17 1-5 Split | 18:45 Avg
,https://wa.milesplit.com/meets/331048-curtis-invitational-2018/results,27,Eatonville High School,https://wa.milesplit.com/teams/6642-eatonville-high-school,637,52+64+139+179+203  (234+241),2:17 1-5 Split | 18:51 Avg
,https://wa.milesplit.com/meets/331048-curtis-invitational-2018/results,28,Graham-Kapowsin,https://wa.milesplit.com/teams/7205-graham-kapowsin,685,50+137+150+153+195  (223+229),2:07 1-5 Split | 18:59 Avg
,https://wa.milesplit.com/meets/331048-curtis-invitational-2018/results,29,Juanita High School,https://wa.milesplit.com/teams/6361-juanita-high-school,695,55+138+158+163+181  (189+207),1:46 1-5 Split | 18:59 Avg
,https://wa.milesplit.com/meets/331048-curtis-invitational-2018/results,30,Washington High School,https://wa.milesplit.com/teams/6644-washington-high-school,780,75+164+169+173+199  (200+212),1:52 1-5 Split | 19:14 Avg
,https://wa.milesplit.com/meets/331048-curtis-invitational-2018/results,31,Fife High School,https://wa.milesplit.com/teams/6373-fife-high-school,793,125+126+151+194+197  (232+236),1:08 1-5 Split | 19:18 Avg
,https://wa.milesplit.com/meets/331048-curtis-invitational-2018/results,32,River Ridge High School,https://wa.milesplit.com/teams/6778-river-ridge-high-school,837,77+143+159+219+239,3:44 1-5 Split | 19:45 Avg
,https://wa.milesplit.com/meets/331048-curtis-invitational-2018/results,33,Orting High School,https://wa.milesplit.com/teams/6646-orting-high-school,877,91+178+187+208+213  (214+215),2:11 1-5 Split | 19:37 Avg
,https://wa.milesplit.com/meets/331048-curtis-invitational-2018/results,34,Stadium High School,https://wa.milesplit.com/teams/6422-stadium-high-school,896,104+168+176+217+231,2:37 1-5 Split | 19:46 Avg
,https://wa.milesplit.com/meets/331048-curtis-invitational-2018/results,35,Klahowya Secondary School,https://wa.milesplit.com/teams/6808-klahowya-secondary-school,991,165+177+211+216+222  (228+243),1:15 1-5 Split | 20:04 Avg
,https://wa.milesplit.com/meets/331048-curtis-invitational-2018/results,36,Olympic High School,https://wa.milesplit.com/teams/6596-olympic-high-school,1032,182+190+201+224+235  (240+245),1:46 1-5 Split | 20:17 Avg
,https://wa.milesplit.com/meets/331048-curtis-invitational-2018/results,37,Vashon Island High School,https://wa.milesplit.com/teams/6578-vashon-island-high-school,1093,174+218+221+238+242,2:41 1-5 Split | 20:52 Avg
,https://wa.milesplit.com/meets/331048-curtis-invitational-2018/results,1,Ingraham High School,https://wa.milesplit.com/teams/6364-ingraham-high-school,47,2+3+5+6+31  (40+50),2:23 1-5 Split | 21:53 Avg
,https://wa.milesplit.com/meets/331048-curtis-invitational-2018/results,2,Ballard High School,https://wa.milesplit.com/teams/6583-ballard-high-school,65,8+10+14+15+18  (24+32),0:42 1-5 Split | 22:36 Avg
,https://wa.milesplit.com/meets/331048-curtis-invitational-2018/results,3,Rainier High School,https://wa.milesplit.com/teams/6847-rainier-high-school,84,1+4+9+26+44  (56+59),3:39 1-5 Split | 22:22 Avg
,https://wa.milesplit.com/meets/331048-curtis-invitational-2018/results,4,Stadium High School,https://wa.milesplit.com/teams/6422-stadium-high-school,147,13+19+35+38+42  (78+105),1:27 1-5 Split | 23:29 Avg
,https://wa.milesplit.com/meets/331048-curtis-invitational-2018/results,5,Peninsula High School,https://wa.milesplit.com/teams/6647-peninsula-high-school,165,12+22+28+41+62  (63+121),2:37 1-5 Split | 23:41 Avg
,https://wa.milesplit.com/meets/331048-curtis-invitational-2018/results,6,Heritage,https://wa.milesplit.com/teams/7208-heritage,194,20+23+30+36+85  (137),2:33 1-5 Split | 23:54 Avg
,https://wa.milesplit.com/meets/331048-curtis-invitational-2018/results,7,Capital High School,https://wa.milesplit.com/teams/6708-capital-high-school,227,17+34+39+64+73  (88+104),2:28 1-5 Split | 24:13 Avg
,https://wa.milesplit.com/meets/331048-curtis-invitational-2018/results,8,Thomas Jefferson,https://wa.milesplit.com/teams/7225-thomas-jefferson,244,25+45+48+60+66  (71+141),1:53 1-5 Split | 24:29 Avg
,https://wa.milesplit.com/meets/331048-curtis-invitational-2018/results,9,Olympia High School,https://wa.milesplit.com/teams/6707-olympia-high-school,278,11+57+61+72+77  (80+83),3:07 1-5 Split | 24:41 Avg
,https://wa.milesplit.com/meets/331048-curtis-invitational-2018/results,10,Auburn Riverside High School,https://wa.milesplit.com/teams/6780-auburn-riverside-high-school,298,46+47+54+65+86  (154),1:20 1-5 Split | 24:57 Avg
,https://wa.milesplit.com/meets/331048-curtis-invitational-2018/results,11,Bellarmine Preparatory School,https://wa.milesplit.com/teams/6432-bellarmine-preparatory-school,306,29+33+75+79+90  (94+103),2:27 1-5 Split | 24:48 Avg
,https://wa.milesplit.com/meets/331048-curtis-invitational-2018/results,12,Lake Washington High School,https://wa.milesplit.com/teams/6566-lake-washington-high-school,326,37+43+52+87+107  (165),3:00 1-5 Split | 25:03 Avg
,https://wa.milesplit.com/meets/331048-curtis-invitational-2018/results,13,Governor John Rogers Senior High School,https://wa.milesplit.com/teams/6285-governor-john-rogers-senior-high-school,338,7+67+74+93+97  (100+114),4:03 1-5 Split | 24:58 Avg
,https://wa.milesplit.com/meets/331048-curtis-invitational-2018/results,14,Timberline High School,https://wa.milesplit.com/teams/6705-timberline-high-school,404,68+69+76+89+102  (142+158),1:13 1-5 Split | 25:43 Avg
,https://wa.milesplit.com/meets/331048-curtis-invitational-2018/results,15,Emerald Ridge High School,https://wa.milesplit.com/teams/6835-emerald-ridge-high-school,427,16+91+92+109+119  (125+150),4:31 1-5 Split | 25:46 Avg
,https://wa.milesplit.com/meets/331048-curtis-invitational-2018/results,16,Eatonville High School,https://wa.milesplit.com/teams/6642-eatonville-high-school,443,49+70+84+116+124  (138),3:14 1-5 Split | 26:07 Avg
,https://wa.milesplit.com/meets/331048-curtis-invitational-2018/results,17,Lincoln (Tacoma) Senior High School,https://wa.milesplit.com/teams/6376-lincoln-tacoma-senior-high-school,454,21+27+117+134+155  (164),6:46 1-5 Split | 26:25 Avg
,https://wa.milesplit.com/meets/331048-curtis-invitational-2018/results,18,White River High School,https://wa.milesplit.com/teams/6659-white-river-high-school,489,81+95+96+106+111  (113+115),1:10 1-5 Split | 26:18 Avg
,https://wa.milesplit.com/meets/331048-curtis-invitational-2018/results,19,Curtis Senior High School,https://wa.milesplit.com/teams/6658-curtis-senior-high-school,493,55+58+99+130+151  (160),4:42 1-5 Split | 26:43 Avg
,https://wa.milesplit.com/meets/331048-curtis-invitational-2018/results,20,Cleveland High School,https://wa.milesplit.com/teams/6589-cleveland-high-school,517,51+108+110+120+128  (140+145),3:19 1-5 Split | 26:45 Avg
,https://wa.milesplit.com/meets/331048-curtis-invitational-2018/results,21,Oregon City High School,https://or.milesplit.com/teams/12226-oregon-city-high-school,552,82+98+122+123+127  (131+139),2:10 1-5 Split | 27:03 Avg
,https://wa.milesplit.com/meets/331048-curtis-invitational-2018/results,22,Mountain View High School,https://wa.milesplit.com/teams/6321-mountain-view-high-school,607,53+118+129+146+161,8:03 1-5 Split | 28:19 Avg
,https://wa.milesplit.com/meets/331048-curtis-invitational-2018/results,23,Graham-Kapowsin,https://wa.milesplit.com/teams/7205-graham-kapowsin,676,101+126+144+149+156  (162+163),4:12 1-5 Split | 28:36 Avg
,https://wa.milesplit.com/meets/331048-curtis-invitational-2018/results,24,Washington High School,https://wa.milesplit.com/teams/6644-washington-high-school,699,133+135+136+147+148  (152+153),1:02 1-5 Split | 28:43 Avg
,https://wa.milesplit.com/meets/331048-curtis-invitational-2018/results,25,Yelm High School,https://wa.milesplit.com/teams/6388-yelm-high-school,703,112+132+143+157+159,4:23 1-5 Split | 29:13 Avg
,https://wa.milesplit.com/meets/331048-curtis-invitational-2018/results,1,Ingraham High School,https://wa.milesplit.com/teams/6364-ingraham-high-school,83,2+7+12+30+32  (37+39),2:06 1-5 Split | 20:07 Avg
,https://wa.milesplit.com/meets/331048-curtis-invitational-2018/results,2,Thomas Jefferson,https://wa.milesplit.com/teams/7225-thomas-jefferson,122,9+14+23+29+47  (65+66),1:32 1-5 Split | 20:34 Avg
,https://wa.milesplit.com/meets/331048-curtis-invitational-2018/results,3,Ballard High School,https://wa.milesplit.com/teams/6583-ballard-high-school,151,10+13+27+40+61  (75+91),1:58 1-5 Split | 20:45 Avg
,https://wa.milesplit.com/meets/331048-curtis-invitational-2018/results,4,Governor John Rogers Senior High School,https://wa.milesplit.com/teams/6285-governor-john-rogers-senior-high-school,154,11+26+36+38+43  (53+54),1:21 1-5 Split | 20:49 Avg
,https://wa.milesplit.com/meets/331048-curtis-invitational-2018/results,5,Emerald Ridge High School,https://wa.milesplit.com/teams/6835-emerald-ridge-high-school,156,3+6+22+45+80  (84+87),3:23 1-5 Split | 20:38 Avg
,https://wa.milesplit.com/meets/331048-curtis-invitational-2018/results,6,Curtis Senior High School,https://wa.milesplit.com/teams/6658-curtis-senior-high-school,167,1+4+51+55+56  (70+126),2:57 1-5 Split | 20:40 Avg
,https://wa.milesplit.com/meets/331048-curtis-invitational-2018/results,7,Sehome High School,https://wa.milesplit.com/teams/6389-sehome-high-school,259,21+24+49+67+98  (100+117),2:41 1-5 Split | 21:33 Avg
,https://wa.milesplit.com/meets/331048-curtis-invitational-2018/results,8,Lake Washington High School,https://wa.milesplit.com/teams/6566-lake-washington-high-school,265,31+48+60+62+64  (74+146),0:57 1-5 Split | 21:37 Avg
,https://wa.milesplit.com/meets/331048-curtis-invitational-2018/results,9,Capital High School,https://wa.milesplit.com/teams/6708-capital-high-school,278,28+41+57+69+83  (96+104),1:53 1-5 Split | 21:44 Avg
,https://wa.milesplit.com/meets/331048-curtis-invitational-2018/results,10,Stadium High School,https://wa.milesplit.com/teams/6422-stadium-high-school,291,19+25+71+79+97  (105+168),2:50 1-5 Split | 21:47 Avg
,https://wa.milesplit.com/meets/331048-curtis-invitational-2018/results,11,Federal Way High School,https://wa.milesplit.com/teams/6557-federal-way-high-school,356,35+44+82+86+109  (154),2:43 1-5 Split | 22:20 Avg
,https://wa.milesplit.com/meets/331048-curtis-invitational-2018/results,12,Olympia High School,https://wa.milesplit.com/teams/6707-olympia-high-school,371,15+81+90+92+93  (128),2:47 1-5 Split | 22:20 Avg
,https://wa.milesplit.com/meets/331048-curtis-invitational-2018/results,13,Auburn Riverside High School,https://wa.milesplit.com/teams/6780-auburn-riverside-high-school,378,8+76+85+94+115  (118+136),4:09 1-5 Split | 22:25 Avg
,https://wa.milesplit.com/meets/331048-curtis-invitational-2018/results,14,Juanita High School,https://wa.milesplit.com/teams/6361-juanita-high-school,399,16+52+101+108+122  (143),3:54 1-5 Split | 22:36 Avg
,https://wa.milesplit.com/meets/331048-curtis-invitational-2018/results,15,Peninsula High School,https://wa.milesplit.com/teams/6647-peninsula-high-school,410,42+50+77+120+121,2:51 1-5 Split | 22:42 Avg
,https://wa.milesplit.com/meets/331048-curtis-invitational-2018/results,16,Bonney Lake,https://wa.milesplit.com/teams/7209-bonney-lake,422,20+78+89+116+119  (160+163),3:43 1-5 Split | 22:46 Avg
,https://wa.milesplit.com/meets/331048-curtis-invitational-2018/results,17,Mountain View High School,https://wa.milesplit.com/teams/6321-mountain-view-high-school,427,18+58+112+114+125  (140+155),3:56 1-5 Split | 22:52 Avg
,https://wa.milesplit.com/meets/331048-curtis-invitational-2018/results,18,North Kitsap High School,https://wa.milesplit.com/teams/6598-north-kitsap-high-school,496,17+99+106+132+142  (145+172),4:38 1-5 Split | 23:18 Avg
,https://wa.milesplit.com/meets/331048-curtis-invitational-2018/results,19,Todd Beamer,https://wa.milesplit.com/teams/7206-todd-beamer,509,33+72+123+130+151  (161+167),4:21 1-5 Split | 23:28 Avg
,https://wa.milesplit.com/meets/331048-curtis-invitational-2018/results,20,North Thurston High School,https://wa.milesplit.com/teams/6704-north-thurston-high-school,549,59+63+127+148+152  (156+171),3:33 1-5 Split | 23:44 Avg
,https://wa.milesplit.com/meets/331048-curtis-invitational-2018/results,21,White River High School,https://wa.milesplit.com/teams/6659-white-river-high-school,551,46+88+135+138+144  (165),3:34 1-5 Split | 23:44 Avg
,https://wa.milesplit.com/meets/331048-curtis-invitational-2018/results,22,Washington High School,https://wa.milesplit.com/teams/6644-washington-high-school,566,5+124+133+147+157  (169+170),6:20 1-5 Split | 23:52 Avg
,https://wa.milesplit.com/meets/331048-curtis-invitational-2018/results,23,Oregon City High School,https://or.milesplit.com/teams/12226-oregon-city-high-school,573,95+102+110+129+137  (159),1:43 1-5 Split | 23:53 Avg
,https://wa.milesplit.com/meets/331048-curtis-invitational-2018/results,24,Fife High School,https://wa.milesplit.com/teams/6373-fife-high-school,586,73+107+131+134+141  (174),2:29 1-5 Split | 24:01 Avg
,https://wa.milesplit.com/meets/331048-curtis-invitational-2018/results,25,Graham-Kapowsin,https://wa.milesplit.com/teams/7205-graham-kapowsin,634,34+139+149+150+162  (166+175),5:14 1-5 Split | 24:34 Avg
,https://wa.milesplit.com/meets/331048-curtis-invitational-2018/results,26,W F West High School,https://wa.milesplit.com/teams/6370-w-f-west-high-school,661,103+111+113+153+181,5:24 1-5 Split | 25:07 Avg
,https://wa.milesplit.com/meets/331048-curtis-invitational-2018/results,27,Vashon Island High School,https://wa.milesplit.com/teams/6578-vashon-island-high-school,778,68+176+177+178+179,6:21 1-5 Split | 27:07 Avg
,https://wa.milesplit.com/meets/331048-curtis-invitational-2018/results,28,Olympic High School,https://wa.milesplit.com/teams/6596-olympic-high-school,857,158+164+173+180+182  (183+184),3:28 1-5 Split | 27:34 Avg
,https://wa.milesplit.com/meets/216945-cascade-conference-preview-2015/results,1,Cedarcrest High School,https://wa.milesplit.com/teams/6761-cedarcrest-high-school,33,3+5+6+8+11  (13+15),0:34 1-5 Split | 9:58 Avg
,https://wa.milesplit.com/meets/216945-cascade-conference-preview-2015/results,2,Lakewood High School,https://wa.milesplit.com/teams/6300-lakewood-high-school,92,4+7+19+30+32  (47+48),1:31 1-5 Split | 10:34 Avg
,https://wa.milesplit.com/meets/216945-cascade-conference-preview-2015/results,3,South Whidbey High School,https://wa.milesplit.com/teams/6552-south-whidbey-high-school,101,12+16+22+25+26  (43+53),0:40 1-5 Split | 10:40 Avg
,https://wa.milesplit.com/meets/216945-cascade-conference-preview-2015/results,4,Granite Falls High School,https://wa.milesplit.com/teams/6676-granite-falls-high-school,118,9+14+24+35+36  (44+46),1:24 1-5 Split | 10:53 Avg
,https://wa.milesplit.com/meets/216945-cascade-conference-preview-2015/results,5,King's  Schools,https://wa.milesplit.com/teams/6742-kings-schools,121,10+21+23+33+34  (40+45),1:12 1-5 Split | 10:55 Avg
,https://wa.milesplit.com/meets/216945-cascade-conference-preview-2015/results,6,Cedar Park Christian School,https://wa.milesplit.com/teams/6409-cedar-park-christian-school,132,2+27+28+37+38  (41+42),2:05 1-5 Split | 10:58 Avg
,https://wa.milesplit.com/meets/216945-cascade-conference-preview-2015/results,7,Archbishop Murphy High School,https://wa.milesplit.com/teams/6841-archbishop-murphy-high-school,138,1+20+29+39+49  (50+52),3:26 1-5 Split | 11:14 Avg
,https://wa.milesplit.com/meets/216945-cascade-conference-preview-2015/results,8,Sultan High School,https://wa.milesplit.com/teams/6685-sultan-high-school,171,17+18+31+51+54  (55+56),3:13 1-5 Split | 11:47 Avg
,https://wa.milesplit.com/meets/216945-cascade-conference-preview-2015/results,1,Cedarcrest High School,https://wa.milesplit.com/teams/6761-cedarcrest-high-school,29,2+4+5+8+10  (12+15),1:01 1-5 Split | 12:43 Avg
,https://wa.milesplit.com/meets/216945-cascade-conference-preview-2015/results,2,Lakewood High School,https://wa.milesplit.com/teams/6300-lakewood-high-school,43,1+3+7+13+19  (22+24),2:08 1-5 Split | 12:57 Avg
,https://wa.milesplit.com/meets/216945-cascade-conference-preview-2015/results,3,King's  Schools,https://wa.milesplit.com/teams/6742-kings-schools,67,6+11+14+16+20  (21+28),1:44 1-5 Split | 13:32 Avg
,https://wa.milesplit.com/meets/216945-cascade-conference-preview-2015/results,4,Cedar Park Christian School,https://wa.milesplit.com/teams/6409-cedar-park-christian-school,98,9+17+18+25+29,4:06 1-5 Split | 14:40 Avg
,https://wa.milesplit.com/meets/216945-cascade-conference-preview-2015/results,5,Granite Falls High School,https://wa.milesplit.com/teams/6676-granite-falls-high-school,137,23+26+27+30+31,4:02 1-5 Split | 16:31 Avg
,https://wa.milesplit.com/meets/332477-nea-3-lakeside-newport-2018/results,1,Lakeside High School,https://wa.milesplit.com/teams/6750-lakeside-high-school,15,1+2+3+4+5  (6),0:55 1-5 Split | 18:23 Avg
,https://wa.milesplit.com/meets/332477-nea-3-lakeside-newport-2018/results,2,Newport High School,https://wa.milesplit.com/teams/6356-newport-high-school,45,7+8+9+10+11  (12+13),1:08 1-5 Split | 20:21 Avg
,https://wa.milesplit.com/meets/332477-nea-3-lakeside-newport-2018/results,1,Lakeside High School,https://wa.milesplit.com/teams/6750-lakeside-high-school,15,1+2+3+4+5  (6+7),0:46 1-5 Split | 19:43 Avg
,https://wa.milesplit.com/meets/332477-nea-3-lakeside-newport-2018/results,2,Newport High School,https://wa.milesplit.com/teams/6356-newport-high-school,50,8+9+10+11+12,7:47 1-5 Split | 25:45 Avg
,https://wa.milesplit.com/meets/332477-nea-3-lakeside-newport-2018/results,1,Lakeside High School,https://wa.milesplit.com/teams/6750-lakeside-high-school,16,1+2+3+4+6  (7+8),4:07 1-5 Split | 21:40 Avg
,https://wa.milesplit.com/meets/332477-nea-3-lakeside-newport-2018/results,2,Newport High School,https://wa.milesplit.com/teams/6356-newport-high-school,47,5+9+10+11+12,11:15 1-5 Split | 27:10 Avg
,https://wa.milesplit.com/meets/285977-tumwater-aberdeen-aberdeen-2017/results,1,Tumwater High School,https://wa.milesplit.com/teams/6746-tumwater-high-school,15,1+2+3+4+5  (6+7),0:52 1-5 Split | 18:08 Avg
,https://wa.milesplit.com/meets/285977-tumwater-aberdeen-aberdeen-2017/results,2,Aberdeen High School,https://wa.milesplit.com/teams/6354-aberdeen-high-school,56,8+9+10+14+15  (16+18),2:09 1-5 Split | 19:47 Avg
,https://wa.milesplit.com/meets/285977-tumwater-aberdeen-aberdeen-2017/results,3,Hoquiam High School,https://wa.milesplit.com/teams/6304-hoquiam-high-school,72,11+12+13+17+19  (20),3:22 1-5 Split | 20:56 Avg
,https://wa.milesplit.com/meets/285977-tumwater-aberdeen-aberdeen-2017/results,1,Tumwater High School,https://wa.milesplit.com/teams/6746-tumwater-high-school,15,1+2+3+4+5  (6+7),0:36 1-5 Split | 22:04 Avg
,https://wa.milesplit.com/meets/285977-tumwater-aberdeen-aberdeen-2017/results,2,Hoquiam High School,https://wa.milesplit.com/teams/6304-hoquiam-high-school,50,8+9+10+11+12  (13),1:10 1-5 Split | 26:08 Avg
,https://wa.milesplit.com/meets/330824-scac-1-granger-vs-highland-wahluke-royal-2018/results,1,Royal High School,https://wa.milesplit.com/teams/6544-royal-high-school,35,5+6+7+8+9  (10+11),0:45 1-5 Split | 20:04 Avg
,https://wa.milesplit.com/meets/330824-scac-1-granger-vs-highland-wahluke-royal-2018/results,2,Granger High School,https://wa.milesplit.com/teams/6730-granger-high-school,51,2+4+14+15+16  (17+21),4:04 1-5 Split | 21:31 Avg
,https://wa.milesplit.com/meets/330824-scac-1-granger-vs-highland-wahluke-royal-2018/results,3,Riverside Christian School,https://wa.milesplit.com/teams/6506-riverside-christian-school,72,1+12+13+22+24  (25+28),7:30 1-5 Split | 22:55 Avg
,https://wa.milesplit.com/meets/330824-scac-1-granger-vs-highland-wahluke-royal-2018/results,4,Wahluke High School,https://wa.milesplit.com/teams/6419-wahluke-high-school,83,3+18+19+20+23  (26+27),5:21 1-5 Split | 23:00 Avg
,https://wa.milesplit.com/meets/330824-scac-1-granger-vs-highland-wahluke-royal-2018/results,1,Royal High School,https://wa.milesplit.com/teams/6544-royal-high-school,15,1+2+3+4+5  (6+7),2:42 1-5 Split | 24:03 Avg
,https://wa.milesplit.com/meets/218452-sehome-quad-2015/results,1,Sehome High School,https://wa.milesplit.com/teams/6389-sehome-high-school,26,2+3+6+7+8  (11+12),0:55 1-5 Split | 14:24 Avg
,https://wa.milesplit.com/meets/218452-sehome-quad-2015/results,2,Burlington-Edison High School,https://wa.milesplit.com/teams/6663-burlington-edison-high-school,37,1+4+9+10+13  (15+16),1:33 1-5 Split | 14:49 Avg
,https://wa.milesplit.com/meets/218452-sehome-quad-2015/results,3,Nooksack Valley High School,https://wa.milesplit.com/teams/6802-nooksack-valley-high-school,91,5+19+21+22+24  (26+28),2:48 1-5 Split | 16:22 Avg
,https://wa.milesplit.com/meets/218452-sehome-quad-2015/results,4,Mount Baker High School,https://wa.milesplit.com/teams/6411-mount-baker-high-school,92,14+17+18+20+23  (25+27),1:12 1-5 Split | 16:16 Avg
,https://wa.milesplit.com/meets/218452-sehome-quad-2015/results,1,Sehome High School,https://wa.milesplit.com/teams/6389-sehome-high-school,23,1+4+5+6+7  (8+9),2:05 1-5 Split | 17:43 Avg
,https://wa.milesplit.com/meets/218452-sehome-quad-2015/results,2,Nooksack Valley High School,https://wa.milesplit.com/teams/6802-nooksack-valley-high-school,58,2+10+11+17+18  (22+23),3:48 1-5 Split | 19:09 Avg
,https://wa.milesplit.com/meets/218452-sehome-quad-2015/results,3,Mount Baker High School,https://wa.milesplit.com/teams/6411-mount-baker-high-school,68,3+14+15+16+20  (21+28),4:07 1-5 Split | 19:28 Avg
,https://wa.milesplit.com/meets/218452-sehome-quad-2015/results,4,Burlington-Edison High School,https://wa.milesplit.com/teams/6663-burlington-edison-high-school,93,12+13+19+24+25  (26+27),2:34 1-5 Split | 20:42 Avg
,https://wa.milesplit.com/meets/246752-white-river-franklin-pierce-foss-2016/results,1,Franklin Pierce Senior High School,https://wa.milesplit.com/teams/6643-franklin-pierce-senior-high-school,29,1+3+5+7+13  (14+17),1:37 1-5 Split | 18:29 Avg
,https://wa.milesplit.com/meets/246752-white-river-franklin-pierce-foss-2016/results,2,White River High School,https://wa.milesplit.com/teams/6659-white-river-high-school,34,2+4+8+9+11  (12+16),1:16 1-5 Split | 18:40 Avg
,https://wa.milesplit.com/meets/246752-white-river-franklin-pierce-foss-2016/results,3,Henry Foss High School,https://wa.milesplit.com/teams/6375-henry-foss-high-school,68,6+10+15+18+19  (20+21),3:33 1-5 Split | 20:18 Avg
,https://wa.milesplit.com/meets/246752-white-river-franklin-pierce-foss-2016/results,1,White River High School,https://wa.milesplit.com/teams/6659-white-river-high-school,19,1+2+3+5+8  (12+15),3:26 1-5 Split | 21:45 Avg
,https://wa.milesplit.com/meets/246752-white-river-franklin-pierce-foss-2016/results,2,Franklin Pierce Senior High School,https://wa.milesplit.com/teams/6643-franklin-pierce-senior-high-school,36,4+6+7+9+10  (14+16),0:32 1-5 Split | 23:15 Avg
,https://wa.milesplit.com/meets/246752-white-river-franklin-pierce-foss-2016/results,3,Henry Foss High School,https://wa.milesplit.com/teams/6375-henry-foss-high-school,78,11+13+17+18+19  (20),6:03 1-5 Split | 26:36 Avg
,https://wa.milesplit.com/meets/293854-wildcat-invitational-2017/results,1,Pasco Senior High School,https://wa.milesplit.com/teams/6537-pasco-senior-high-school,28,2+4+5+6+11  (12+15),1:31:50 1-5 Split | 17:24:11 Avg
,https://wa.milesplit.com/meets/293854-wildcat-invitational-2017/results,2,IC Academy,https://id.milesplit.com/teams/39000-ic-academy,47,3+7+10+13+14  (16+21),1:50:55 1-5 Split | 17:54:27 Avg
,https://wa.milesplit.com/meets/293854-wildcat-invitational-2017/results,3,Davenport High School,https://wa.milesplit.com/teams/6617-davenport-high-school,111,9+18+26+28+30  (34+38),4:17:08 1-5 Split | 20:23:14 Avg
,https://wa.milesplit.com/meets/293854-wildcat-invitational-2017/results,4,Valley Christian School,https://wa.milesplit.com/teams/6497-valley-christian-school,115,8+23+24+29+31  (32+37),4:47:47 1-5 Split | 20:21:28 Avg
,https://wa.milesplit.com/meets/293854-wildcat-invitational-2017/results,5,Creston School,https://wa.milesplit.com/teams/6616-creston-school,116,17+19+22+25+33,5:40:01 1-5 Split | 20:34:21 Avg
,https://wa.milesplit.com/meets/293854-wildcat-invitational-2017/results,6,Harrington School,https://wa.milesplit.com/teams/6273-harrington-school,119,1+20+27+35+36,27:43:45 1-5 Split | 19:21:52 Avg
,https://wa.milesplit.com/meets/293854-wildcat-invitational-2017/results,1,Pasco Senior High School,https://wa.milesplit.com/teams/6537-pasco-senior-high-school,15,1+2+3+4+5  (6+7),1:38:23 1-5 Split | 22:56:08 Avg
,https://wa.milesplit.com/meets/369083-kentlake-mount-rainier-tahoma-2019/results,1,Tahoma Senior High School,https://wa.milesplit.com/teams/6312-tahoma-senior-high-school,15,1+2+3+4+5  (6+7),0:29 1-5 Split | 17:54 Avg
,https://wa.milesplit.com/meets/369083-kentlake-mount-rainier-tahoma-2019/results,2,Kentlake High School,https://wa.milesplit.com/teams/6797-kentlake-high-school,59,9+11+12+13+14  (17+20),0:43 1-5 Split | 20:56 Avg
,https://wa.milesplit.com/meets/369083-kentlake-mount-rainier-tahoma-2019/results,3,Mount Rainier High School,https://wa.milesplit.com/teams/6560-mount-rainier-high-school,67,8+10+15+16+18  (19+21),2:17 1-5 Split | 20:56 Avg
,https://wa.milesplit.com/meets/369083-kentlake-mount-rainier-tahoma-2019/results,1,Tahoma Senior High School,https://wa.milesplit.com/teams/6312-tahoma-senior-high-school,20,2+3+4+5+6  (7+8),0:1 1-5 Split | 17:31 Avg
,https://wa.milesplit.com/meets/369083-kentlake-mount-rainier-tahoma-2019/results,2,Mount Rainier High School,https://wa.milesplit.com/teams/6560-mount-rainier-high-school,49,1+10+11+13+14  (17),1:12 1-5 Split | 18:22 Avg
,https://wa.milesplit.com/meets/369083-kentlake-mount-rainier-tahoma-2019/results,3,Kentlake High School,https://wa.milesplit.com/teams/6797-kentlake-high-school,70,9+12+15+16+18  (19+20),1:20 1-5 Split | 18:36 Avg
,https://wa.milesplit.com/meets/369083-kentlake-mount-rainier-tahoma-2019/results,1,Tahoma Senior High School,https://wa.milesplit.com/teams/6312-tahoma-senior-high-school,15,1+2+3+4+5  (6+7),0:30 1-5 Split | 21:28 Avg
,https://wa.milesplit.com/meets/369083-kentlake-mount-rainier-tahoma-2019/results,2,Kentlake High School,https://wa.milesplit.com/teams/6797-kentlake-high-school,50,8+9+10+11+12  (13+14),2:25 1-5 Split | 23:54 Avg
,https://wa.milesplit.com/meets/368302-evergreen-1a-meet-2019/results,1,Forks High School,https://wa.milesplit.com/teams/6314-forks-high-school,32,1+4+7+9+11  (12),2:58 1-5 Split | 21:13 Avg
,https://wa.milesplit.com/meets/368302-evergreen-1a-meet-2019/results,2,Montesano Junior Senior High School,https://wa.milesplit.com/teams/6547-montesano-junior-senior-high-school,32,2+3+6+8+13  (14+17),4:22 1-5 Split | 21:21 Avg
,https://wa.milesplit.com/meets/368302-evergreen-1a-meet-2019/results,3,Hoquiam High School,https://wa.milesplit.com/teams/6304-hoquiam-high-school,64,5+10+15+16+18,10:23 1-5 Split | 24:46 Avg
,https://wa.milesplit.com/meets/368302-evergreen-1a-meet-2019/results,1,Hoquiam High School,https://wa.milesplit.com/teams/6304-hoquiam-high-school,15,1+2+3+4+5,8:23 1-5 Split | 30:41 Avg
,https://wa.milesplit.com/meets/373015-nea4-freeman-medical-lake-hs-2019/results,1,Medical Lake High School,https://wa.milesplit.com/teams/6382-medical-lake-high-school,15,1+2+3+4+5  (6+7),1:30 1-5 Split | 19:08 Avg
,https://wa.milesplit.com/meets/373015-nea4-freeman-medical-lake-hs-2019/results,1,Medical Lake High School,https://wa.milesplit.com/teams/6382-medical-lake-high-school,15,1+2+3+4+5  (6+7),0:50 1-5 Split | 17:25 Avg
,https://wa.milesplit.com/meets/373015-nea4-freeman-medical-lake-hs-2019/results,2,Freeman High School,https://wa.milesplit.com/teams/6692-freeman-high-school,50,8+9+10+11+12  (13+14),2:02 1-5 Split | 20:34 Avg
,https://wa.milesplit.com/meets/373015-nea4-freeman-medical-lake-hs-2019/results,1,Medical Lake High School,https://wa.milesplit.com/teams/6382-medical-lake-high-school,15,1+2+3+4+5,6:20 1-5 Split | 27:34 Avg
,https://wa.milesplit.com/meets/373015-nea4-freeman-medical-lake-hs-2019/results,1,Medical Lake High School,https://wa.milesplit.com/teams/6382-medical-lake-high-school,15,1+2+3+4+5  (6+7),2:29 1-5 Split | 22:13 Avg
,https://wa.milesplit.com/meets/333035-trico-1a-league-championships-2018/results,1,White Salmon HS,https://wa.milesplit.com/teams/29239-white-salmon-hs,21,1+3+4+6+7  (9+10),0:55 1-5 Split | 19:27 Avg
,https://wa.milesplit.com/meets/333035-trico-1a-league-championships-2018/results,2,La Center High School,https://wa.milesplit.com/teams/6524-la-center-high-school,41,2+5+8+12+14  (15+16),1:56 1-5 Split | 20:03 Avg
,https://wa.milesplit.com/meets/333035-trico-1a-league-championships-2018/results,3,Seton Catholic,https://wa.milesplit.com/teams/29237-seton-catholic,85,11+13+17+19+25,4:15 1-5 Split | 22:19 Avg
,https://wa.milesplit.com/meets/333035-trico-1a-league-championships-2018/results,4,Castle Rock High School,https://wa.milesplit.com/teams/6397-castle-rock-high-school,111,18+21+22+24+26  (28+29),1:43 1-5 Split | 23:59 Avg
,https://wa.milesplit.com/meets/333035-trico-1a-league-championships-2018/results,5,Stevenson High School,https://wa.milesplit.com/teams/6668-stevenson-high-school,131,20+23+27+30+31,6:50 1-5 Split | 25:52 Avg
,https://wa.milesplit.com/meets/333035-trico-1a-league-championships-2018/results,1,White Salmon HS,https://wa.milesplit.com/teams/29239-white-salmon-hs,28,2+3+4+9+10  (16+17),1:05 1-5 Split | 17:39 Avg
,https://wa.milesplit.com/meets/333035-trico-1a-league-championships-2018/results,2,La Center High School,https://wa.milesplit.com/teams/6524-la-center-high-school,55,5+6+11+14+19  (20+22),0:59 1-5 Split | 18:18 Avg
,https://wa.milesplit.com/meets/333035-trico-1a-league-championships-2018/results,3,Seton Catholic,https://wa.milesplit.com/teams/29237-seton-catholic,65,1+8+15+18+23  (25+26),2:46 1-5 Split | 18:19 Avg
,https://wa.milesplit.com/meets/333035-trico-1a-league-championships-2018/results,4,Stevenson High School,https://wa.milesplit.com/teams/6668-stevenson-high-school,104,7+13+27+28+29  (30+35),2:53 1-5 Split | 19:44 Avg
,https://wa.milesplit.com/meets/333035-trico-1a-league-championships-2018/results,5,Castle Rock High School,https://wa.milesplit.com/teams/6397-castle-rock-high-school,120,12+21+24+31+32  (33+34),3:40 1-5 Split | 20:08 Avg
,https://wa.milesplit.com/meets/333035-trico-1a-league-championships-2018/results,1,La Center High School,https://wa.milesplit.com/teams/6524-la-center-high-school,15,1+2+3+4+5,1:28 1-5 Split | 25:36 Avg
,https://wa.milesplit.com/meets/333035-trico-1a-league-championships-2018/results,1,La Center High School,https://wa.milesplit.com/teams/6524-la-center-high-school,30,1+2+6+10+11  (15+19),2:48 1-5 Split | 20:40 Avg
,https://wa.milesplit.com/meets/333035-trico-1a-league-championships-2018/results,2,Seton Catholic,https://wa.milesplit.com/teams/29237-seton-catholic,38,3+4+5+12+14  (16+21),3:33 1-5 Split | 21:15 Avg
,https://wa.milesplit.com/meets/333035-trico-1a-league-championships-2018/results,3,White Salmon HS,https://wa.milesplit.com/teams/29239-white-salmon-hs,63,7+8+13+17+18  (22+26),3:16 1-5 Split | 22:38 Avg
,https://wa.milesplit.com/meets/333035-trico-1a-league-championships-2018/results,4,Stevenson High School,https://wa.milesplit.com/teams/6668-stevenson-high-school,101,9+20+23+24+25  (27),8:59 1-5 Split | 27:00 Avg
,https://wa.milesplit.com/meets/333411-cw-b-league-championship-2018/results,1,Manson Secondary School,https://wa.milesplit.com/teams/6521-manson-secondary-school,30,1+3+7+8+11  (13+14),1:33 1-5 Split | 17:47 Avg
,https://wa.milesplit.com/meets/333411-cw-b-league-championship-2018/results,2,Liberty Bell Junior Senior High School,https://wa.milesplit.com/teams/6629-liberty-bell-junior-senior-high-school,43,2+4+10+12+15  (16+17),1:26 1-5 Split | 17:58 Avg
,https://wa.milesplit.com/meets/333411-cw-b-league-championship-2018/results,3,Brewster Junior Senior High School,https://wa.milesplit.com/teams/6424-brewster-junior-senior-high-school,58,5+6+9+18+20  (21+22),2:05 1-5 Split | 18:26 Avg
,https://wa.milesplit.com/meets/333411-cw-b-league-championship-2018/results,4,Tonasket High School,https://wa.milesplit.com/teams/6628-tonasket-high-school,123,19+23+26+27+28  (29+30),2:54 1-5 Split | 21:05 Avg
,https://wa.milesplit.com/meets/333411-cw-b-league-championship-2018/results,5,Riverside Christian School,https://wa.milesplit.com/teams/6506-riverside-christian-school,145,24+25+31+32+33  (34),5:11 1-5 Split | 22:39 Avg
,https://wa.milesplit.com/meets/333411-cw-b-league-championship-2018/results,1,Liberty Bell Junior Senior High School,https://wa.milesplit.com/teams/6629-liberty-bell-junior-senior-high-school,15,1+2+3+4+5  (6+7),4:04 1-5 Split | 20:12 Avg
,https://wa.milesplit.com/meets/333411-cw-b-league-championship-2018/results,2,Tonasket High School,https://wa.milesplit.com/teams/6628-tonasket-high-school,50,8+9+10+11+12  (13),3:19 1-5 Split | 25:43 Avg
,https://wa.milesplit.com/meets/287736-nea-district-finals-2017/results,1,Medical Lake High School,https://wa.milesplit.com/teams/6382-medical-lake-high-school,28,3+4+6+7+8  (17+18),0:35 1-5 Split | 17:02 Avg
,https://wa.milesplit.com/meets/287736-nea-district-finals-2017/results,2,Riverside High School,https://wa.milesplit.com/teams/6693-riverside-high-school,43,1+5+10+13+14  (21+24),1:21 1-5 Split | 17:14 Avg
,https://wa.milesplit.com/meets/287736-nea-district-finals-2017/results,3,Deer Park High School,https://wa.milesplit.com/teams/6690-deer-park-high-school,68,2+9+12+22+23  (30+34),1:50 1-5 Split | 17:42 Avg
,https://wa.milesplit.com/meets/287736-nea-district-finals-2017/results,4,Lakeside High School,https://wa.milesplit.com/teams/6750-lakeside-high-school,86,11+15+16+19+25  (26+28),1:07 1-5 Split | 18:00 Avg
,https://wa.milesplit.com/meets/287736-nea-district-finals-2017/results,5,Colville Senior High School,https://wa.milesplit.com/teams/6700-colville-senior-high-school,177,20+37+38+40+42  (43+46),2:26 1-5 Split | 19:57 Avg
,https://wa.milesplit.com/meets/287736-nea-district-finals-2017/results,6,Chewelah,https://wa.milesplit.com/teams/7214-chewelah,179,27+31+35+41+45  (52+56),2:06 1-5 Split | 19:56 Avg
,https://wa.milesplit.com/meets/287736-nea-district-finals-2017/results,7,Freeman High School,https://wa.milesplit.com/teams/6692-freeman-high-school,195,32+33+39+44+47  (49+50),1:40 1-5 Split | 20:18 Avg
,https://wa.milesplit.com/meets/287736-nea-district-finals-2017/results,8,Newport High School,https://wa.milesplit.com/teams/6356-newport-high-school,217,29+36+48+51+53  (54+55),3:12 1-5 Split | 20:57 Avg
,https://wa.milesplit.com/meets/287736-nea-district-finals-2017/results,1,Lakeside High School,https://wa.milesplit.com/teams/6750-lakeside-high-school,46,5+8+9+11+13  (28+32),0:51 1-5 Split | 20:23 Avg
,https://wa.milesplit.com/meets/287736-nea-district-finals-2017/results,2,Colville Senior High School,https://wa.milesplit.com/teams/6700-colville-senior-high-school,48,3+4+6+14+21  (23+27),2:26 1-5 Split | 20:16 Avg
,https://wa.milesplit.com/meets/287736-nea-district-finals-2017/results,3,Deer Park High School,https://wa.milesplit.com/teams/6690-deer-park-high-school,64,2+7+16+19+20  (34+36),2:22 1-5 Split | 20:38 Avg
,https://wa.milesplit.com/meets/287736-nea-district-finals-2017/results,4,Riverside High School,https://wa.milesplit.com/teams/6693-riverside-high-school,87,1+10+22+25+29  (30+33),3:28 1-5 Split | 21:05 Avg
,https://wa.milesplit.com/meets/287736-nea-district-finals-2017/results,5,Medical Lake High School,https://wa.milesplit.com/teams/6382-medical-lake-high-school,102,12+15+18+26+31  (37+38),1:58 1-5 Split | 21:30 Avg
,https://wa.milesplit.com/meets/287736-nea-district-finals-2017/results,6,Freeman High School,https://wa.milesplit.com/teams/6692-freeman-high-school,182,24+35+39+40+44,9:35 1-5 Split | 25:45 Avg
,https://wa.milesplit.com/meets/287736-nea-district-finals-2017/results,7,Newport High School,https://wa.milesplit.com/teams/6356-newport-high-school,188,17+41+42+43+45,10:46 1-5 Split | 26:48 Avg
,https://wa.milesplit.com/meets/329398-cbbn-meet-1-davis-2018/results,1,West Valley Senior High School,https://wa.milesplit.com/teams/6738-west-valley-senior-high-school,36,1+2+5+13+15  (17+24),1:00 1-5 Split | 18:56 Avg
,https://wa.milesplit.com/meets/329398-cbbn-meet-1-davis-2018/results,2,Eisenhower Senior High School,https://wa.milesplit.com/teams/6740-eisenhower-senior-high-school,62,3+8+9+16+26  (35+38),1:17 1-5 Split | 19:17 Avg
,https://wa.milesplit.com/meets/329398-cbbn-meet-1-davis-2018/results,3,Eastmont Senior High School,https://wa.milesplit.com/teams/6533-eastmont-senior-high-school,66,7+10+11+18+20  (21+22),0:32 1-5 Split | 19:20 Avg
,https://wa.milesplit.com/meets/329398-cbbn-meet-1-davis-2018/results,4,Wenatchee High School,https://wa.milesplit.com/teams/6267-wenatchee-high-school,74,6+12+14+19+23  (25+30),0:44 1-5 Split | 19:25 Avg
,https://wa.milesplit.com/meets/329398-cbbn-meet-1-davis-2018/results,5,Sunnyside High School,https://wa.milesplit.com/teams/6393-sunnyside-high-school,146,4+29+33+39+41  (44+46),3:14 1-5 Split | 20:46 Avg
,https://wa.milesplit.com/meets/329398-cbbn-meet-1-davis-2018/results,6,A.C. Davis High School,https://wa.milesplit.com/teams/6739-ac-davis-high-school,169,27+31+34+37+40  (42+43),1:35 1-5 Split | 20:59 Avg
,https://wa.milesplit.com/meets/329398-cbbn-meet-1-davis-2018/results,7,Moses Lake Senior High School,https://wa.milesplit.com/teams/6353-moses-lake-senior-high-school,188,28+32+36+45+47  (48+49),3:10 1-5 Split | 21:41 Avg
,https://wa.milesplit.com/meets/329398-cbbn-meet-1-davis-2018/results,1,West Valley Senior High School,https://wa.milesplit.com/teams/6738-west-valley-senior-high-school,32,2+4+7+8+11  (24+31),1:22 1-5 Split | 16:52 Avg
,https://wa.milesplit.com/meets/329398-cbbn-meet-1-davis-2018/results,2,Eisenhower Senior High School,https://wa.milesplit.com/teams/6740-eisenhower-senior-high-school,47,1+3+10+16+17  (22+37),2:13 1-5 Split | 17:02 Avg
,https://wa.milesplit.com/meets/329398-cbbn-meet-1-davis-2018/results,3,Eastmont Senior High School,https://wa.milesplit.com/teams/6533-eastmont-senior-high-school,52,5+6+12+14+15  (19+23),0:47 1-5 Split | 17:23 Avg
,https://wa.milesplit.com/meets/329398-cbbn-meet-1-davis-2018/results,4,Wenatchee High School,https://wa.milesplit.com/teams/6267-wenatchee-high-school,119,18+20+26+27+28  (29+35),0:51 1-5 Split | 18:25 Avg
,https://wa.milesplit.com/meets/329398-cbbn-meet-1-davis-2018/results,5,Sunnyside High School,https://wa.milesplit.com/teams/6393-sunnyside-high-school,141,9+21+30+40+41  (47+48),2:40 1-5 Split | 18:43 Avg
,https://wa.milesplit.com/meets/329398-cbbn-meet-1-davis-2018/results,6,A.C. Davis High School,https://wa.milesplit.com/teams/6739-ac-davis-high-school,156,13+32+34+38+39  (46),2:03 1-5 Split | 19:05 Avg
,https://wa.milesplit.com/meets/329398-cbbn-meet-1-davis-2018/results,7,Moses Lake Senior High School,https://wa.milesplit.com/teams/6353-moses-lake-senior-high-school,179,25+33+36+42+43  (44+45),2:03 1-5 Split | 19:38 Avg
,https://wa.milesplit.com/meets/329398-cbbn-meet-1-davis-2018/results,1,Eisenhower Senior High School,https://wa.milesplit.com/teams/6740-eisenhower-senior-high-school,15,1+2+3+4+5  (13),1:30 1-5 Split | 24:08 Avg
,https://wa.milesplit.com/meets/329398-cbbn-meet-1-davis-2018/results,2,Wenatchee High School,https://wa.milesplit.com/teams/6267-wenatchee-high-school,40,6+7+8+9+10  (11+12),0:43 1-5 Split | 25:07 Avg
,https://wa.milesplit.com/meets/329398-cbbn-meet-1-davis-2018/results,3,Eastmont Senior High School,https://wa.milesplit.com/teams/6533-eastmont-senior-high-school,80,14+15+16+17+18  (19+20),3:03 1-5 Split | 29:17 Avg
,https://wa.milesplit.com/meets/329398-cbbn-meet-1-davis-2018/results,1,Eisenhower Senior High School,https://wa.milesplit.com/teams/6740-eisenhower-senior-high-school,48,1+3+10+13+21  (24),2:10 1-5 Split | 21:48 Avg
,https://wa.milesplit.com/meets/329398-cbbn-meet-1-davis-2018/results,2,Wenatchee High School,https://wa.milesplit.com/teams/6267-wenatchee-high-school,53,4+9+11+14+15  (16+30),0:53 1-5 Split | 22:00 Avg
,https://wa.milesplit.com/meets/329398-cbbn-meet-1-davis-2018/results,3,West Valley Senior High School,https://wa.milesplit.com/teams/6738-west-valley-senior-high-school,63,6+8+12+17+20  (23+37),1:09 1-5 Split | 22:13 Avg
,https://wa.milesplit.com/meets/329398-cbbn-meet-1-davis-2018/results,4,Eastmont Senior High School,https://wa.milesplit.com/teams/6533-eastmont-senior-high-school,109,5+22+25+26+31  (33+38),3:10 1-5 Split | 23:08 Avg
,https://wa.milesplit.com/meets/329398-cbbn-meet-1-davis-2018/results,5,A.C. Davis High School,https://wa.milesplit.com/teams/6739-ac-davis-high-school,137,2+28+32+34+41,7:14 1-5 Split | 24:37 Avg
,https://wa.milesplit.com/meets/329398-cbbn-meet-1-davis-2018/results,6,Moses Lake Senior High School,https://wa.milesplit.com/teams/6353-moses-lake-senior-high-school,139,7+27+29+36+40,5:44 1-5 Split | 24:29 Avg
,https://wa.milesplit.com/meets/329398-cbbn-meet-1-davis-2018/results,7,Sunnyside High School,https://wa.milesplit.com/teams/6393-sunnyside-high-school,153,18+19+35+39+42,6:31 1-5 Split | 25:07 Avg
,https://wa.milesplit.com/meets/285822-district-7-1b2b-league-meet-3-2017/results,1,Mary Walker High School,https://wa.milesplit.com/teams/6415-mary-walker-high-school,54,3+5+10+15+21  (23+33),1:56 1-5 Split | 17:38 Avg
,https://wa.milesplit.com/meets/285822-district-7-1b2b-league-meet-3-2017/results,2,Asotin High School,https://wa.milesplit.com/teams/6398-asotin-high-school,67,4+6+8+11+38,3:41 1-5 Split | 18:00 Avg
,https://wa.milesplit.com/meets/285822-district-7-1b2b-league-meet-3-2017/results,3,Northwest Christian School,https://wa.milesplit.com/teams/6799-northwest-christian-school,83,1+14+16+22+30  (45+47),3:29 1-5 Split | 18:15 Avg
,https://wa.milesplit.com/meets/285822-district-7-1b2b-league-meet-3-2017/results,4,Rosalia School,https://wa.milesplit.com/teams/6727-rosalia-school,121,2+17+18+40+44,4:13 1-5 Split | 18:53 Avg
,https://wa.milesplit.com/meets/285822-district-7-1b2b-league-meet-3-2017/results,5,Kettle Falls High School,https://wa.milesplit.com/teams/6702-kettle-falls-high-school,123,7+9+20+32+55  (58+59),5:42 1-5 Split | 19:23 Avg
,https://wa.milesplit.com/meets/285822-district-7-1b2b-league-meet-3-2017/results,6,Creston School,https://wa.milesplit.com/teams/6616-creston-school,133,12+25+27+28+41,2:36 1-5 Split | 19:26 Avg
,https://wa.milesplit.com/meets/285822-district-7-1b2b-league-meet-3-2017/results,7,Davenport High School,https://wa.milesplit.com/teams/6617-davenport-high-school,153,13+26+29+39+46  (49+57),2:50 1-5 Split | 19:43 Avg
,https://wa.milesplit.com/meets/285822-district-7-1b2b-league-meet-3-2017/results,8,Saint George's School,https://wa.milesplit.com/teams/6496-saint-georges-school,190,34+35+36+37+48  (50+51),1:31 1-5 Split | 20:29 Avg
,https://wa.milesplit.com/meets/285822-district-7-1b2b-league-meet-3-2017/results,9,Valley Christian School,https://wa.milesplit.com/teams/6497-valley-christian-school,192,24+31+42+43+52  (53+54),3:23 1-5 Split | 20:37 Avg
,https://wa.milesplit.com/meets/285822-district-7-1b2b-league-meet-3-2017/results,10,Harrington School,https://wa.milesplit.com/teams/6273-harrington-school,258,19+56+60+61+62,13:29 1-5 Split | 25:33 Avg
,https://wa.milesplit.com/meets/285822-district-7-1b2b-league-meet-3-2017/results,1,Northwest Christian School,https://wa.milesplit.com/teams/6799-northwest-christian-school,34,1+2+3+11+17,8:55 1-5 Split | 24:34 Avg
,https://wa.milesplit.com/meets/285822-district-7-1b2b-league-meet-3-2017/results,2,Colfax High School,https://wa.milesplit.com/teams/6721-colfax-high-school,42,4+5+6+13+14  (15+16),2:58 1-5 Split | 24:41 Avg
,https://wa.milesplit.com/meets/285822-district-7-1b2b-league-meet-3-2017/results,3,Saint George's School,https://wa.milesplit.com/teams/6496-saint-georges-school,46,7+8+9+10+12,1:35 1-5 Split | 24:55 Avg
,https://wa.milesplit.com/meets/333218-1a-evergreen-championship-2018/results,1,Montesano Junior Senior High School,https://wa.milesplit.com/teams/6547-montesano-junior-senior-high-school,21,1+3+4+5+8  (13+16),1:14 1-5 Split | 18:24 Avg
,https://wa.milesplit.com/meets/333218-1a-evergreen-championship-2018/results,2,Forks High School,https://wa.milesplit.com/teams/6314-forks-high-school,36,2+6+7+9+12  (20),1:56 1-5 Split | 19:08 Avg
,https://wa.milesplit.com/meets/333218-1a-evergreen-championship-2018/results,3,Tenino High School,https://wa.milesplit.com/teams/6710-tenino-high-school,67,10+11+14+15+17  (18+19),2:58 1-5 Split | 21:07 Avg
,https://wa.milesplit.com/meets/333218-1a-evergreen-championship-2018/results,1,Forks High School,https://wa.milesplit.com/teams/6314-forks-high-school,25,1+3+4+8+9,6:03 1-5 Split | 24:56 Avg
,https://wa.milesplit.com/meets/333218-1a-evergreen-championship-2018/results,2,Montesano Junior Senior High School,https://wa.milesplit.com/teams/6547-montesano-junior-senior-high-school,30,2+5+6+7+10,13:27 1-5 Split | 26:50 Avg
,https://wa.milesplit.com/meets/246692-cwac-league-east-valley-and-othello-ellenburg-2016/results,1,Ellensburg High School,https://wa.milesplit.com/teams/6368-ellensburg-high-school,15,1+2+3+4+5  (6+7),1:31 1-5 Split | 17:34 Avg
,https://wa.milesplit.com/meets/246692-cwac-league-east-valley-and-othello-ellenburg-2016/results,2,East Valley High School,https://wa.milesplit.com/teams/6732-east-valley-high-school,53,8+9+11+12+13  (15+18),0:51 1-5 Split | 18:53 Avg
,https://wa.milesplit.com/meets/246692-cwac-league-east-valley-and-othello-ellenburg-2016/results,3,Othello High School,https://wa.milesplit.com/teams/6512-othello-high-school,76,10+14+16+17+19  (20+21),1:22 1-5 Split | 19:28 Avg
,https://wa.milesplit.com/meets/246692-cwac-league-east-valley-and-othello-ellenburg-2016/results,1,Ellensburg High School,https://wa.milesplit.com/teams/6368-ellensburg-high-school,21,1+2+5+6+7  (8+10),2:17 1-5 Split | 20:19 Avg
,https://wa.milesplit.com/meets/246692-cwac-league-east-valley-and-othello-ellenburg-2016/results,2,East Valley High School,https://wa.milesplit.com/teams/6732-east-valley-high-school,40,3+4+9+11+13  (17),3:50 1-5 Split | 21:41 Avg
,https://wa.milesplit.com/meets/246692-cwac-league-east-valley-and-othello-ellenburg-2016/results,3,Othello High School,https://wa.milesplit.com/teams/6512-othello-high-school,75,12+14+15+16+18  (19+20),3:40 1-5 Split | 25:22 Avg
,https://wa.milesplit.com/meets/332332-scac3highland-vs-cle-elum-roslyn-connell-wahluke-2018/results,1,Connell High School,https://wa.milesplit.com/teams/6538-connell-high-school,19,1+2+4+5+7  (8+10),0:55 1-5 Split | 16:41 Avg
,https://wa.milesplit.com/meets/332332-scac3highland-vs-cle-elum-roslyn-connell-wahluke-2018/results,2,Wahluke High School,https://wa.milesplit.com/teams/6419-wahluke-high-school,48,3+9+11+12+13  (15+16),2:07 1-5 Split | 17:50 Avg
,https://wa.milesplit.com/meets/332332-scac3highland-vs-cle-elum-roslyn-connell-wahluke-2018/results,3,Riverside Christian School,https://wa.milesplit.com/teams/6506-riverside-christian-school,74,6+14+17+18+19  (20),10:01 1-5 Split | 21:47 Avg
,https://wa.milesplit.com/meets/332332-scac3highland-vs-cle-elum-roslyn-connell-wahluke-2018/results,1,Connell High School,https://wa.milesplit.com/teams/6538-connell-high-school,24,2+3+5+6+8  (9+10),1:11 1-5 Split | 24:02 Avg
,https://wa.milesplit.com/meets/332332-scac3highland-vs-cle-elum-roslyn-connell-wahluke-2018/results,2,Wahluke High School,https://wa.milesplit.com/teams/6419-wahluke-high-school,35,1+4+7+11+12,9:01 1-5 Split | 25:39 Avg
,https://wa.milesplit.com/meets/219778-ra-long-and-woodland-mark-morris-2015/results,1,Mark Morris High School,https://wa.milesplit.com/teams/6530-mark-morris-high-school,27,1+2+3+5+16  (20+21),3:30 1-5 Split | 17:52 Avg
,https://wa.milesplit.com/meets/219778-ra-long-and-woodland-mark-morris-2015/results,2,R A Long High School,https://wa.milesplit.com/teams/6531-r-a-long-high-school,47,7+8+9+10+13  (14+15),1:07 1-5 Split | 19:16 Avg
,https://wa.milesplit.com/meets/219778-ra-long-and-woodland-mark-morris-2015/results,3,Woodland High School,https://wa.milesplit.com/teams/6396-woodland-high-school,50,4+6+11+12+17  (18+19),2:20 1-5 Split | 19:10 Avg
,https://wa.milesplit.com/meets/219778-ra-long-and-woodland-mark-morris-2015/results,1,Mark Morris High School,https://wa.milesplit.com/teams/6530-mark-morris-high-school,31,1+5+6+7+12  (17),5:42 1-5 Split | 22:56 Avg
,https://wa.milesplit.com/meets/219778-ra-long-and-woodland-mark-morris-2015/results,2,Woodland High School,https://wa.milesplit.com/teams/6396-woodland-high-school,41,2+4+10+11+14  (18),6:21 1-5 Split | 24:04 Avg
,https://wa.milesplit.com/meets/219778-ra-long-and-woodland-mark-morris-2015/results,3,R A Long High School,https://wa.milesplit.com/teams/6531-r-a-long-high-school,48,3+8+9+13+15  (16+19),6:26 1-5 Split | 24:44 Avg
,https://wa.milesplit.com/meets/371331-2a-evergreen-league-rochester-v-centralia-2019/results,1,Centralia High School,https://wa.milesplit.com/teams/6369-centralia-high-school,32,2+5+6+9+10  (20+21),1:01 1-5 Split | 19:00 Avg
,https://wa.milesplit.com/meets/371331-2a-evergreen-league-rochester-v-centralia-2019/results,2,White Pass Junior Senior High School,https://wa.milesplit.com/teams/6614-white-pass-junior-senior-high-school,34,3+4+7+8+12  (13+17),1:15 1-5 Split | 19:00 Avg
,https://wa.milesplit.com/meets/371331-2a-evergreen-league-rochester-v-centralia-2019/results,3,Rochester High School,https://wa.milesplit.com/teams/6709-rochester-high-school,68,1+14+16+18+19  (22+25),3:32 1-5 Split | 20:26 Avg
,https://wa.milesplit.com/meets/371331-2a-evergreen-league-rochester-v-centralia-2019/results,4,Mossyrock Junior Senior High School,https://wa.milesplit.com/teams/6610-mossyrock-junior-senior-high-school,99,11+15+23+24+26,6:33 1-5 Split | 22:24 Avg
,https://wa.milesplit.com/meets/371331-2a-evergreen-league-rochester-v-centralia-2019/results,1,White Pass Junior Senior High School,https://wa.milesplit.com/teams/6614-white-pass-junior-senior-high-school,15,1+2+3+4+5  (6+7),3:56 1-5 Split | 24:02 Avg
471086,https://wa.milesplit.com/meets/252966-aberdeen-and-black-hills-centralia-2016/results/471086/formatted/,1,A.G. West Black Hills High School,https://wa.milesplit.com/teams/6798-ag-west-black-hills-high-school,28,2+4+5+6+11  (14+16),1:22 1-5 Split | 19:23 Avg
471086,https://wa.milesplit.com/meets/252966-aberdeen-and-black-hills-centralia-2016/results/471086/formatted/,2,Centralia High School,https://wa.milesplit.com/teams/6369-centralia-high-school,41,3+7+9+10+12  (13+15),1:56 1-5 Split | 19:53 Avg
471086,https://wa.milesplit.com/meets/252966-aberdeen-and-black-hills-centralia-2016/results/471086/formatted/,3,Aberdeen High School,https://wa.milesplit.com/teams/6354-aberdeen-high-school,63,1+8+17+18+19  (20),6:03 1-5 Split | 21:16 Avg
471089,https://wa.milesplit.com/meets/252966-aberdeen-and-black-hills-centralia-2016/results/471089/formatted/,1,Centralia High School,https://wa.milesplit.com/teams/6369-centralia-high-school,30,2+4+7+8+9  (10+12),3:04 1-5 Split | 24:05 Avg
471089,https://wa.milesplit.com/meets/252966-aberdeen-and-black-hills-centralia-2016/results/471089/formatted/,2,A.G. West Black Hills High School,https://wa.milesplit.com/teams/6798-ag-west-black-hills-high-school,36,1+5+6+11+13  (19),6:11 1-5 Split | 24:41 Avg
471089,https://wa.milesplit.com/meets/252966-aberdeen-and-black-hills-centralia-2016/results/471089/formatted/,3,Aberdeen High School,https://wa.milesplit.com/teams/6354-aberdeen-high-school,65,3+14+15+16+17  (18),8:27 1-5 Split | 28:11 Avg
539456,https://wa.milesplit.com/meets/284649-gnl-league-west-valley-pullman-2017/results/539456/formatted/,1,Pullman High School,https://wa.milesplit.com/teams/6390-pullman-high-school,15,1+2+3+4+5  (6+7),1:01 1-5 Split | 19:51 Avg
539456,https://wa.milesplit.com/meets/284649-gnl-league-west-valley-pullman-2017/results/539456/formatted/,2,West Valley High School,https://wa.milesplit.com/teams/6386-west-valley-high-school,50,8+9+10+11+12  (13+14),0:49 1-5 Split | 21:56 Avg
539455,https://wa.milesplit.com/meets/284649-gnl-league-west-valley-pullman-2017/results/539455/formatted/,1,Pullman High School,https://wa.milesplit.com/teams/6390-pullman-high-school,26,1+3+5+8+9  (11+14),1:46 1-5 Split | 18:05 Avg
539455,https://wa.milesplit.com/meets/284649-gnl-league-west-valley-pullman-2017/results/539455/formatted/,2,West Valley High School,https://wa.milesplit.com/teams/6386-west-valley-high-school,29,2+4+6+7+10  (12+13),1:33 1-5 Split | 18:22 Avg
539455,https://wa.milesplit.com/meets/284649-gnl-league-west-valley-pullman-2017/results/539455/formatted/,1,West Valley High School,https://wa.milesplit.com/teams/6386-west-valley-high-school,22,1+3+5+6+7  (8+12),1:40 1-5 Split | 22:17 Avg
539455,https://wa.milesplit.com/meets/284649-gnl-league-west-valley-pullman-2017/results/539455/formatted/,2,Pullman High School,https://wa.milesplit.com/teams/6390-pullman-high-school,36,2+4+9+10+11  (13+14),2:14 1-5 Split | 23:04 Avg
467133,https://wa.milesplit.com/meets/252264-2a-evco-centralia-tumwater-2016/results/467133/formatted/,1,Tumwater High School,https://wa.milesplit.com/teams/6746-tumwater-high-school,24,1+2+4+8+9  (10+11),1:27 1-5 Split | 18:47 Avg
467133,https://wa.milesplit.com/meets/252264-2a-evco-centralia-tumwater-2016/results/467133/formatted/,2,Centralia High School,https://wa.milesplit.com/teams/6369-centralia-high-school,33,3+5+6+7+12  (13+14),2:26 1-5 Split | 19:16 Avg
467135,https://wa.milesplit.com/meets/252264-2a-evco-centralia-tumwater-2016/results/467135/formatted/,1,Tumwater High School,https://wa.milesplit.com/teams/6746-tumwater-high-school,27,2+4+6+7+8  (9+11),1:32 1-5 Split | 23:22 Avg
467135,https://wa.milesplit.com/meets/252264-2a-evco-centralia-tumwater-2016/results/467135/formatted/,2,Centralia High School,https://wa.milesplit.com/teams/6369-centralia-high-school,31,1+3+5+10+12  (13+14),2:32 1-5 Split | 23:17 Avg
467173,https://wa.milesplit.com/meets/252274-gsl-1-mt-spokane-lewis-and-clark-2016/results/467173/formatted/,1,Lewis And Clark High School,https://wa.milesplit.com/teams/6383-lewis-and-clark-high-school,17,1+2+3+4+7  (8+9),0:52 1-5 Split | 18:48 Avg
467173,https://wa.milesplit.com/meets/252274-gsl-1-mt-spokane-lewis-and-clark-2016/results/467173/formatted/,2,Mount Spokane High School,https://wa.milesplit.com/teams/6837-mount-spokane-high-school,44,5+6+10+11+12  (13+14),1:29 1-5 Split | 19:40 Avg
467175,https://wa.milesplit.com/meets/252274-gsl-1-mt-spokane-lewis-and-clark-2016/results/467175/formatted/,1,Lewis And Clark High School,https://wa.milesplit.com/teams/6383-lewis-and-clark-high-school,15,1+2+3+4+5  (6+7),2:08 1-5 Split | 21:57 Avg
467175,https://wa.milesplit.com/meets/252274-gsl-1-mt-spokane-lewis-and-clark-2016/results/467175/formatted/,2,Mount Spokane High School,https://wa.milesplit.com/teams/6837-mount-spokane-high-school,50,8+9+10+11+12  (13+14),1:27 1-5 Split | 24:03 Avg
467174,https://wa.milesplit.com/meets/252274-gsl-1-mt-spokane-lewis-and-clark-2016/results/467174/formatted/,1,Lewis And Clark High School,https://wa.milesplit.com/teams/6383-lewis-and-clark-high-school,21,2+3+4+5+7  (8+10),0:21 1-5 Split | 17:07 Avg
467174,https://wa.milesplit.com/meets/252274-gsl-1-mt-spokane-lewis-and-clark-2016/results/467174/formatted/,2,Mount Spokane High School,https://wa.milesplit.com/teams/6837-mount-spokane-high-school,39,1+6+9+11+12  (13+14),2:46 1-5 Split | 17:47 Avg
467176,https://wa.milesplit.com/meets/252274-gsl-1-mt-spokane-lewis-and-clark-2016/results/467176/formatted/,1,Lewis And Clark High School,https://wa.milesplit.com/teams/6383-lewis-and-clark-high-school,17,1+2+3+5+6  (8+10),1:21 1-5 Split | 19:25 Avg
467176,https://wa.milesplit.com/meets/252274-gsl-1-mt-spokane-lewis-and-clark-2016/results/467176/formatted/,2,Mount Spokane High School,https://wa.milesplit.com/teams/6837-mount-spokane-high-school,43,4+7+9+11+12  (13+14),2:52 1-5 Split | 21:01 Avg
398402,https://wa.milesplit.com/meets/219747-gnl-3-pullman-east-valley-spokane-2015/results/398402/formatted/,1,Pullman High School,https://wa.milesplit.com/teams/6390-pullman-high-school,27,2+3+4+7+11  (13+14),6:20 1-5 Split | 23:22 Avg
398402,https://wa.milesplit.com/meets/219747-gnl-3-pullman-east-valley-spokane-2015/results/398402/formatted/,2,East Valley High School,https://wa.milesplit.com/teams/6387-east-valley-high-school,29,1+5+6+8+9  (10+12),7:16 1-5 Split | 24:20 Avg
398401,https://wa.milesplit.com/meets/219747-gnl-3-pullman-east-valley-spokane-2015/results/398401/formatted/,1,East Valley High School,https://wa.milesplit.com/teams/6387-east-valley-high-school,15,1+2+3+4+5  (6+7),2:23 1-5 Split | 28:56 Avg
471147,https://wa.milesplit.com/meets/252976-gig-harbor-home-meet-2-2016/results/471147/formatted/,1,Gig Harbor High School,https://wa.milesplit.com/teams/6283-gig-harbor-high-school,15,1+2+3+4+5  (6+7),1:36 1-5 Split | 16:32 Avg
471147,https://wa.milesplit.com/meets/252976-gig-harbor-home-meet-2-2016/results/471147/formatted/,2,Shelton High School,https://wa.milesplit.com/teams/6371-shelton-high-school,50,8+9+10+11+12  (13+14),2:01 1-5 Split | 19:06 Avg
471148,https://wa.milesplit.com/meets/252976-gig-harbor-home-meet-2-2016/results/471148/formatted/,1,Gig Harbor High School,https://wa.milesplit.com/teams/6283-gig-harbor-high-school,15,1+2+3+4+5  (6+7),3:10 1-5 Split | 23:38 Avg
395359,https://wa.milesplit.com/meets/219262-centralia-tumwater-at-wf-west-2015/results/395359/formatted/,1,W F West High School,https://wa.milesplit.com/teams/6370-w-f-west-high-school,21,1+2+4+5+9  (13+14),1:26 1-5 Split | 10:41 Avg
395359,https://wa.milesplit.com/meets/219262-centralia-tumwater-at-wf-west-2015/results/395359/formatted/,2,Centralia High School,https://wa.milesplit.com/teams/6369-centralia-high-school,34,3+6+7+8+10  (11+12),0:56 1-5 Split | 11:03 Avg
395359,https://wa.milesplit.com/meets/219262-centralia-tumwater-at-wf-west-2015/results/395359/formatted/,1,Centralia High School,https://wa.milesplit.com/teams/6369-centralia-high-school,24,1+3+5+6+9  (11+12),1:10 1-5 Split | 11:45 Avg
395359,https://wa.milesplit.com/meets/219262-centralia-tumwater-at-wf-west-2015/results/395359/formatted/,2,W F West High School,https://wa.milesplit.com/teams/6370-w-f-west-high-school,31,2+4+7+8+10,1:17 1-5 Split | 11:59 Avg
395358,https://wa.milesplit.com/meets/219262-centralia-tumwater-at-wf-west-2015/results/395358/formatted/,1,W F West High School,https://wa.milesplit.com/teams/6370-w-f-west-high-school,33,1+2+7+10+13  (15+16),2:37 1-5 Split | 18:43 Avg
395358,https://wa.milesplit.com/meets/219262-centralia-tumwater-at-wf-west-2015/results/395358/formatted/,2,Tumwater High School,https://wa.milesplit.com/teams/6746-tumwater-high-school,34,4+5+6+8+11  (12+14),0:46 1-5 Split | 19:13 Avg
395358,https://wa.milesplit.com/meets/219262-centralia-tumwater-at-wf-west-2015/results/395358/formatted/,3,Centralia High School,https://wa.milesplit.com/teams/6369-centralia-high-school,66,3+9+17+18+19  (20+21),1:37 1-5 Split | 19:40 Avg
395358,https://wa.milesplit.com/meets/219262-centralia-tumwater-at-wf-west-2015/results/395358/formatted/,1,W F West High School,https://wa.milesplit.com/teams/6370-w-f-west-high-school,32,2+4+6+9+11  (15+16),3:05 1-5 Split | 24:08 Avg
395358,https://wa.milesplit.com/meets/219262-centralia-tumwater-at-wf-west-2015/results/395358/formatted/,2,Centralia High School,https://wa.milesplit.com/teams/6369-centralia-high-school,45,3+5+8+12+17  (18+19),5:27 1-5 Split | 25:00 Avg
395358,https://wa.milesplit.com/meets/219262-centralia-tumwater-at-wf-west-2015/results/395358/formatted/,3,Tumwater High School,https://wa.milesplit.com/teams/6746-tumwater-high-school,45,1+7+10+13+14,4:29 1-5 Split | 24:46 Avg
544923,https://www.milesplit.com/meets/285369-district-7-ne-1b2b-league-meet-at-republic-2017/results/544923/formatted/,1,Mary Walker High School,https://wa.milesplit.com/teams/6415-mary-walker-high-school,33,1+3+8+9+12  (15+20),2:57 1-5 Split | 19:05 Avg
544923,https://www.milesplit.com/meets/285369-district-7-ne-1b2b-league-meet-at-republic-2017/results/544923/formatted/,2,Creston School,https://wa.milesplit.com/teams/6616-creston-school,59,5+10+13+14+17,2:28 1-5 Split | 20:28 Avg
544923,https://www.milesplit.com/meets/285369-district-7-ne-1b2b-league-meet-at-republic-2017/results/544923/formatted/,3,Kettle Falls High School,https://wa.milesplit.com/teams/6702-kettle-falls-high-school,61,6+7+11+16+21  (25+26),3:53 1-5 Split | 20:43 Avg
544923,https://www.milesplit.com/meets/285369-district-7-ne-1b2b-league-meet-at-republic-2017/results/544923/formatted/,4,Valley Christian School,https://wa.milesplit.com/teams/6497-valley-christian-school,65,2+4+18+19+22  (23+24),5:59 1-5 Split | 20:42 Avg
471239,https://wa.milesplit.com/meets/252999-kentlake-kentridge-2016/results/471239/formatted/,1,Kentridge,https://wa.milesplit.com/teams/6282-kentridge,15,1+2+3+4+5  (6+7),1:04 1-5 Split | 18:49 Avg
471239,https://wa.milesplit.com/meets/252999-kentlake-kentridge-2016/results/471239/formatted/,2,Kentlake High School,https://wa.milesplit.com/teams/6797-kentlake-high-school,50,8+9+10+11+12  (13+14),0:47 1-5 Split | 20:08 Avg
471241,https://wa.milesplit.com/meets/252999-kentlake-kentridge-2016/results/471241/formatted/,1,Kentridge,https://wa.milesplit.com/teams/6282-kentridge,15,1+2+3+4+5  (6+7),0:43 1-5 Split | 24:25 Avg
471241,https://wa.milesplit.com/meets/252999-kentlake-kentridge-2016/results/471241/formatted/,2,Kentlake High School,https://wa.milesplit.com/teams/6797-kentlake-high-school,50,8+9+10+11+12  (13+14),2:09 1-5 Split | 28:56 Avg
471238,https://wa.milesplit.com/meets/252999-kentlake-kentridge-2016/results/471238/formatted/,1,Kentridge,https://wa.milesplit.com/teams/6282-kentridge,18,1+2+4+5+6  (8+9),0:44 1-5 Split | 17:41 Avg
471238,https://wa.milesplit.com/meets/252999-kentlake-kentridge-2016/results/471238/formatted/,2,Kentlake High School,https://wa.milesplit.com/teams/6797-kentlake-high-school,43,3+7+10+11+12  (13+14),1:38 1-5 Split | 18:30 Avg
471240,https://wa.milesplit.com/meets/252999-kentlake-kentridge-2016/results/471240/formatted/,1,Kentridge,https://wa.milesplit.com/teams/6282-kentridge,15,1+2+3+4+5  (6+8),0:41 1-5 Split | 23:04 Avg
471240,https://wa.milesplit.com/meets/252999-kentlake-kentridge-2016/results/471240/formatted/,2,Kentlake High School,https://wa.milesplit.com/teams/6797-kentlake-high-school,49,7+9+10+11+12  (13+14),1:11 1-5 Split | 24:36 Avg
466142,https://or.milesplit.com/meets/246846-saxon-invite-2016/results/466142/formatted/,1,Newberg,https://or.milesplit.com/teams/18506-newberg,29,1+4+5+9+10  (21),1:23 1-5 Split | 19:35 Avg
466142,https://or.milesplit.com/meets/246846-saxon-invite-2016/results/466142/formatted/,2,Beaverton,https://or.milesplit.com/teams/4538-beaverton,57,7+8+12+13+17  (25+26),0:43 1-5 Split | 20:07 Avg
466142,https://or.milesplit.com/meets/246846-saxon-invite-2016/results/466142/formatted/,3,Corvallis,https://or.milesplit.com/teams/4563-corvallis,81,2+3+14+30+32  (42),3:14 1-5 Split | 20:38 Avg
466142,https://or.milesplit.com/meets/246846-saxon-invite-2016/results/466142/formatted/,4,South Salem,https://or.milesplit.com/teams/15526-south-salem,86,6+11+19+22+28,2:12 1-5 Split | 20:43 Avg
466142,https://or.milesplit.com/meets/246846-saxon-invite-2016/results/466142/formatted/,5,Reynolds,https://or.milesplit.com/teams/4619-reynolds,101,16+18+20+23+24  (33),0:46 1-5 Split | 20:51 Avg
466142,https://or.milesplit.com/meets/246846-saxon-invite-2016/results/466142/formatted/,6,Benson,https://or.milesplit.com/teams/4540-benson,144,15+27+31+34+37  (38+40),3:33 1-5 Split | 22:17 Avg
466142,https://or.milesplit.com/meets/246846-saxon-invite-2016/results/466142/formatted/,7,Molalla,https://or.milesplit.com/teams/18498-molalla,180,29+35+36+39+41  (43),2:54 1-5 Split | 23:41 Avg
466145,https://or.milesplit.com/meets/246846-saxon-invite-2016/results/466145/formatted/,1,Newberg,https://or.milesplit.com/teams/18506-newberg,26,1+4+6+7+8  (9+12),1:45 1-5 Split | 23:40 Avg
466145,https://or.milesplit.com/meets/246846-saxon-invite-2016/results/466145/formatted/,2,Corvallis,https://or.milesplit.com/teams/4563-corvallis,35,2+3+5+10+15  (16+17),2:26 1-5 Split | 24:03 Avg
466145,https://or.milesplit.com/meets/246846-saxon-invite-2016/results/466145/formatted/,3,South Salem,https://or.milesplit.com/teams/15526-south-salem,95,13+14+18+24+26  (27+29),3:49 1-5 Split | 26:52 Avg
466145,https://or.milesplit.com/meets/246846-saxon-invite-2016/results/466145/formatted/,4,Molalla,https://or.milesplit.com/teams/18498-molalla,104,11+19+20+23+31,14:09 1-5 Split | 29:18 Avg
466145,https://or.milesplit.com/meets/246846-saxon-invite-2016/results/466145/formatted/,5,Reynolds,https://or.milesplit.com/teams/4619-reynolds,126,21+22+25+28+30,5:23 1-5 Split | 29:18 Avg
466144,https://or.milesplit.com/meets/246846-saxon-invite-2016/results/466144/formatted/,1,Corvallis,https://or.milesplit.com/teams/4563-corvallis,25,2+4+5+6+8  (13+20),1:26 1-5 Split | 25:08 Avg
466144,https://or.milesplit.com/meets/246846-saxon-invite-2016/results/466144/formatted/,2,Century,https://or.milesplit.com/teams/4555-century,52,3+9+10+11+19,2:41 1-5 Split | 25:56 Avg
466144,https://or.milesplit.com/meets/246846-saxon-invite-2016/results/466144/formatted/,3,Newberg,https://or.milesplit.com/teams/18506-newberg,56,1+7+15+16+17  (18+21),3:19 1-5 Split | 25:47 Avg
466144,https://or.milesplit.com/meets/246846-saxon-invite-2016/results/466144/formatted/,4,Valley Catholic,https://or.milesplit.com/teams/18670-valley-catholic,95,12+14+22+23+24  (25+26),4:58 1-5 Split | 28:38 Avg
466143,https://or.milesplit.com/meets/246846-saxon-invite-2016/results/466143/formatted/,1,Valley Catholic,https://or.milesplit.com/teams/18670-valley-catholic,49,6+7+10+11+15,0:38 1-5 Split | 17:31 Avg
466143,https://or.milesplit.com/meets/246846-saxon-invite-2016/results/466143/formatted/,2,Newberg,https://or.milesplit.com/teams/18506-newberg,80,3+9+18+24+26  (29+35),1:40 1-5 Split | 17:55 Avg
466143,https://or.milesplit.com/meets/246846-saxon-invite-2016/results/466143/formatted/,3,Beaverton,https://or.milesplit.com/teams/4538-beaverton,87,1+14+16+23+33,2:17 1-5 Split | 17:59 Avg
466143,https://or.milesplit.com/meets/246846-saxon-invite-2016/results/466143/formatted/,4,Reynolds,https://or.milesplit.com/teams/4619-reynolds,126,8+13+25+32+48  (65+68),2:07 1-5 Split | 18:26 Avg
466143,https://or.milesplit.com/meets/246846-saxon-invite-2016/results/466143/formatted/,5,South Salem,https://or.milesplit.com/teams/15526-south-salem,127,12+17+20+37+41  (54+64),1:45 1-5 Split | 18:30 Avg
466143,https://or.milesplit.com/meets/246846-saxon-invite-2016/results/466143/formatted/,6,Benson,https://or.milesplit.com/teams/4540-benson,140,4+5+36+42+53  (60+69),2:41 1-5 Split | 18:29 Avg
466143,https://or.milesplit.com/meets/246846-saxon-invite-2016/results/466143/formatted/,7,Corvallis,https://or.milesplit.com/teams/4563-corvallis,151,2+27+30+40+52,2:55 1-5 Split | 18:38 Avg
466143,https://or.milesplit.com/meets/246846-saxon-invite-2016/results/466143/formatted/,8,Molalla,https://or.milesplit.com/teams/18498-molalla,176,19+28+39+43+47  (56+58),1:18 1-5 Split | 19:03 Avg
466143,https://or.milesplit.com/meets/246846-saxon-invite-2016/results/466143/formatted/,9,Thurston,https://or.milesplit.com/teams/18658-thurston,194,21+31+34+45+63  (67+70),1:50 1-5 Split | 19:10 Avg
466143,https://or.milesplit.com/meets/246846-saxon-invite-2016/results/466143/formatted/,10,Willamette High School,https://or.milesplit.com/teams/18699-willamette-high-school,254,38+46+49+50+71,2:00 1-5 Split | 19:52 Avg
466143,https://or.milesplit.com/meets/246846-saxon-invite-2016/results/466143/formatted/,11,Century,https://or.milesplit.com/teams/4555-century,272,22+57+59+62+72  (75),3:08 1-5 Split | 19:58 Avg
466143,https://or.milesplit.com/meets/246846-saxon-invite-2016/results/466143/formatted/,12,Redmond,https://or.milesplit.com/teams/4461-redmond,277,44+51+55+61+66  (73+74),0:59 1-5 Split | 19:55 Avg
466146,https://or.milesplit.com/meets/246846-saxon-invite-2016/results/466146/formatted/,1,Newberg,https://or.milesplit.com/teams/18506-newberg,42,2+7+9+11+13  (14+16),1:24 1-5 Split | 21:11 Avg
466146,https://or.milesplit.com/meets/246846-saxon-invite-2016/results/466146/formatted/,2,Redmond,https://or.milesplit.com/teams/4461-redmond,65,8+10+12+15+20  (21+24),1:16 1-5 Split | 21:44 Avg
466146,https://or.milesplit.com/meets/246846-saxon-invite-2016/results/466146/formatted/,3,Corvallis,https://or.milesplit.com/teams/4563-corvallis,95,4+5+27+28+31  (39),3:12 1-5 Split | 22:32 Avg
466146,https://or.milesplit.com/meets/246846-saxon-invite-2016/results/466146/formatted/,4,South Salem,https://or.milesplit.com/teams/15526-south-salem,121,1+17+30+35+38  (41),6:29 1-5 Split | 22:57 Avg
466146,https://or.milesplit.com/meets/246846-saxon-invite-2016/results/466146/formatted/,5,Century,https://or.milesplit.com/teams/4555-century,123,3+18+32+34+36,4:03 1-5 Split | 23:24 Avg
466146,https://or.milesplit.com/meets/246846-saxon-invite-2016/results/466146/formatted/,6,Creswell,https://or.milesplit.com/teams/4567-creswell,150,19+25+29+33+44,4:10 1-5 Split | 24:01 Avg
466146,https://or.milesplit.com/meets/246846-saxon-invite-2016/results/466146/formatted/,7,Reynolds,https://or.milesplit.com/teams/4619-reynolds,151,6+23+37+42+43  (46),5:07 1-5 Split | 24:11 Avg
466146,https://or.milesplit.com/meets/246846-saxon-invite-2016/results/466146/formatted/,8,Molalla,https://or.milesplit.com/teams/18498-molalla,180,22+26+40+45+47,5:37 1-5 Split | 25:30 Avg
485197,https://wa.milesplit.com/meets/255975-4a-kingco-league-championships-2016/results/485197/formatted/,1,Skyline High School,https://wa.milesplit.com/teams/6833-skyline-high-school,41,2+3+6+13+17  (22+23),0:51 1-5 Split | 17:46 Avg
485197,https://wa.milesplit.com/meets/255975-4a-kingco-league-championships-2016/results/485197/formatted/,2,Issaquah High School,https://wa.milesplit.com/teams/6360-issaquah-high-school,50,1+5+7+18+19  (24+25),1:04 1-5 Split | 17:50 Avg
485197,https://wa.milesplit.com/meets/255975-4a-kingco-league-championships-2016/results/485197/formatted/,3,Inglemoor Senior High School,https://wa.milesplit.com/teams/6367-inglemoor-senior-high-school,75,4+8+14+20+29  (40+44),1:21 1-5 Split | 18:06 Avg
485197,https://wa.milesplit.com/meets/255975-4a-kingco-league-championships-2016/results/485197/formatted/,4,Bothell,https://wa.milesplit.com/teams/6366-bothell,87,9+15+16+21+26  (36+37),0:52 1-5 Split | 18:14 Avg
485197,https://wa.milesplit.com/meets/255975-4a-kingco-league-championships-2016/results/485197/formatted/,5,Eastlake,https://wa.milesplit.com/teams/6767-eastlake,110,10+12+27+30+31  (32+33),0:52 1-5 Split | 18:28 Avg
485197,https://wa.milesplit.com/meets/255975-4a-kingco-league-championships-2016/results/485197/formatted/,6,Mount Si High School,https://wa.milesplit.com/teams/6276-mount-si-high-school,165,11+28+38+43+45  (49+51),1:54 1-5 Split | 19:07 Avg
485197,https://wa.milesplit.com/meets/255975-4a-kingco-league-championships-2016/results/485197/formatted/,7,Woodinville Senior High School,https://wa.milesplit.com/teams/6582-woodinville-senior-high-school,196,34+35+39+41+47  (52+54),1:07 1-5 Split | 19:23 Avg
485197,https://wa.milesplit.com/meets/255975-4a-kingco-league-championships-2016/results/485197/formatted/,8,Newport (Bellevue),https://wa.milesplit.com/teams/19082-newport-bellevue,239,42+46+48+50+53  (55+56),0:46 1-5 Split | 20:03 Avg
485197,https://wa.milesplit.com/meets/255975-4a-kingco-league-championships-2016/results/485197/formatted/,1,Issaquah High School,https://wa.milesplit.com/teams/6360-issaquah-high-school,34,1+3+9+10+11  (16+20),1:18 1-5 Split | 21:24 Avg
485197,https://wa.milesplit.com/meets/255975-4a-kingco-league-championships-2016/results/485197/formatted/,2,Skyline High School,https://wa.milesplit.com/teams/6833-skyline-high-school,37,4+6+7+8+12  (13+23),0:30 1-5 Split | 21:40 Avg
485197,https://wa.milesplit.com/meets/255975-4a-kingco-league-championships-2016/results/485197/formatted/,3,Mount Si High School,https://wa.milesplit.com/teams/6276-mount-si-high-school,70,2+5+18+19+26  (37+39),2:04 1-5 Split | 21:57 Avg
485197,https://wa.milesplit.com/meets/255975-4a-kingco-league-championships-2016/results/485197/formatted/,4,Inglemoor Senior High School,https://wa.milesplit.com/teams/6367-inglemoor-senior-high-school,121,17+21+24+29+30  (31+32),1:07 1-5 Split | 22:43 Avg
485197,https://wa.milesplit.com/meets/255975-4a-kingco-league-championships-2016/results/485197/formatted/,5,Bothell,https://wa.milesplit.com/teams/6366-bothell,151,15+22+25+40+49  (52+53),3:01 1-5 Split | 23:16 Avg
485197,https://wa.milesplit.com/meets/255975-4a-kingco-league-championships-2016/results/485197/formatted/,6,Eastlake,https://wa.milesplit.com/teams/6767-eastlake,172,14+33+34+44+47  (48+51),3:04 1-5 Split | 23:49 Avg
485197,https://wa.milesplit.com/meets/255975-4a-kingco-league-championships-2016/results/485197/formatted/,7,Woodinville Senior High School,https://wa.milesplit.com/teams/6582-woodinville-senior-high-school,192,27+28+41+42+54  (55+56),2:22 1-5 Split | 23:56 Avg
485197,https://wa.milesplit.com/meets/255975-4a-kingco-league-championships-2016/results/485197/formatted/,8,Newport (Bellevue),https://wa.milesplit.com/teams/19082-newport-bellevue,197,35+36+38+43+45  (46+50),1:04 1-5 Split | 24:08 Avg
485196,https://wa.milesplit.com/meets/255975-4a-kingco-league-championships-2016/results/485196/formatted/,1,Skyline High School,https://wa.milesplit.com/teams/6833-skyline-high-school,57,7+9+11+12+18  (21+41),0:27 1-5 Split | 16:39 Avg
485196,https://wa.milesplit.com/meets/255975-4a-kingco-league-championships-2016/results/485196/formatted/,2,Issaquah High School,https://wa.milesplit.com/teams/6360-issaquah-high-school,63,4+8+13+16+22  (26+33),0:45 1-5 Split | 16:41 Avg
485196,https://wa.milesplit.com/meets/255975-4a-kingco-league-championships-2016/results/485196/formatted/,3,Mount Si High School,https://wa.milesplit.com/teams/6276-mount-si-high-school,77,1+10+14+25+27  (35+37),1:40 1-5 Split | 16:37 Avg
485196,https://wa.milesplit.com/meets/255975-4a-kingco-league-championships-2016/results/485196/formatted/,4,Inglemoor Senior High School,https://wa.milesplit.com/teams/6367-inglemoor-senior-high-school,86,6+15+17+19+29  (34),0:44 1-5 Split | 16:55 Avg
485196,https://wa.milesplit.com/meets/255975-4a-kingco-league-championships-2016/results/485196/formatted/,5,Woodinville Senior High School,https://wa.milesplit.com/teams/6582-woodinville-senior-high-school,128,3+5+30+44+46  (47+51),2:58 1-5 Split | 17:23 Avg
485196,https://wa.milesplit.com/meets/255975-4a-kingco-league-championships-2016/results/485196/formatted/,6,Eastlake,https://wa.milesplit.com/teams/6767-eastlake,136,2+24+31+36+43  (45+49),2:46 1-5 Split | 17:11 Avg
485196,https://wa.milesplit.com/meets/255975-4a-kingco-league-championships-2016/results/485196/formatted/,7,Bothell,https://wa.milesplit.com/teams/6366-bothell,141,20+23+28+32+38  (39+53),1:01 1-5 Split | 17:21 Avg
485196,https://wa.milesplit.com/meets/255975-4a-kingco-league-championships-2016/results/485196/formatted/,8,Newport (Bellevue),https://wa.milesplit.com/teams/19082-newport-bellevue,232,40+42+48+50+52  (54+55),1:20 1-5 Split | 18:51 Avg
485196,https://wa.milesplit.com/meets/255975-4a-kingco-league-championships-2016/results/485196/formatted/,1,Issaquah High School,https://wa.milesplit.com/teams/6360-issaquah-high-school,32,2+3+5+8+14  (20+21),0:54 1-5 Split | 19:12 Avg
485196,https://wa.milesplit.com/meets/255975-4a-kingco-league-championships-2016/results/485196/formatted/,2,Mount Si High School,https://wa.milesplit.com/teams/6276-mount-si-high-school,60,1+7+11+19+22  (33+38),2:04 1-5 Split | 19:37 Avg
485196,https://wa.milesplit.com/meets/255975-4a-kingco-league-championships-2016/results/485196/formatted/,3,Eastlake,https://wa.milesplit.com/teams/6767-eastlake,83,6+9+16+18+34  (41+53),2:05 1-5 Split | 20:04 Avg
485196,https://wa.milesplit.com/meets/255975-4a-kingco-league-championships-2016/results/485196/formatted/,4,Skyline High School,https://wa.milesplit.com/teams/6833-skyline-high-school,96,12+15+17+25+27  (31+35),1:08 1-5 Split | 20:18 Avg
485196,https://wa.milesplit.com/meets/255975-4a-kingco-league-championships-2016/results/485196/formatted/,5,Inglemoor Senior High School,https://wa.milesplit.com/teams/6367-inglemoor-senior-high-school,123,4+23+28+29+39  (47),2:28 1-5 Split | 20:34 Avg
485196,https://wa.milesplit.com/meets/255975-4a-kingco-league-championships-2016/results/485196/formatted/,6,Bothell,https://wa.milesplit.com/teams/6366-bothell,145,13+24+30+36+42  (46+52),2:00 1-5 Split | 20:51 Avg
485196,https://wa.milesplit.com/meets/255975-4a-kingco-league-championships-2016/results/485196/formatted/,7,Newport (Bellevue),https://wa.milesplit.com/teams/19082-newport-bellevue,174,10+32+40+44+48  (54+55),3:00 1-5 Split | 21:18 Avg
485196,https://wa.milesplit.com/meets/255975-4a-kingco-league-championships-2016/results/485196/formatted/,8,Woodinville Senior High School,https://wa.milesplit.com/teams/6582-woodinville-senior-high-school,200,26+37+43+45+49  (50+51),1:51 1-5 Split | 21:38 Avg
395355,https://www.milesplit.com/meets/219260-bonney-lake-peninsula-auburn-riverside-2015/results/395355/formatted/,1,Peninsula High School,https://wa.milesplit.com/teams/6647-peninsula-high-school,17,1+2+3+5+6  (7+20),0:37 1-5 Split | 19:17 Avg
395355,https://www.milesplit.com/meets/219260-bonney-lake-peninsula-auburn-riverside-2015/results/395355/formatted/,2,Auburn Riverside High School,https://wa.milesplit.com/teams/6780-auburn-riverside-high-school,53,4+8+12+14+15  (18+19),0:29 1-5 Split | 19:51 Avg
395355,https://www.milesplit.com/meets/219260-bonney-lake-peninsula-auburn-riverside-2015/results/395355/formatted/,3,Bonney Lake,https://wa.milesplit.com/teams/7209-bonney-lake,59,9+10+11+13+16  (17+21),0:20 1-5 Split | 19:55 Avg
395355,https://www.milesplit.com/meets/219260-bonney-lake-peninsula-auburn-riverside-2015/results/395355/formatted/,1,Peninsula High School,https://wa.milesplit.com/teams/6647-peninsula-high-school,16,1+2+3+4+6  (11+12),3:17 1-5 Split | 24:34 Avg
395355,https://www.milesplit.com/meets/219260-bonney-lake-peninsula-auburn-riverside-2015/results/395355/formatted/,2,Auburn Riverside High School,https://wa.milesplit.com/teams/6780-auburn-riverside-high-school,39,5+7+8+9+10  (13+14),1:47 1-5 Split | 26:45 Avg
395354,https://www.milesplit.com/meets/219260-bonney-lake-peninsula-auburn-riverside-2015/results/395354/formatted/,1,Peninsula High School,https://wa.milesplit.com/teams/6647-peninsula-high-school,28,3+4+6+7+8  (19+21),0:39 1-5 Split | 17:54 Avg
395354,https://www.milesplit.com/meets/219260-bonney-lake-peninsula-auburn-riverside-2015/results/395354/formatted/,2,Bonney Lake,https://wa.milesplit.com/teams/7209-bonney-lake,33,1+2+5+11+14  (16+20),1:30 1-5 Split | 17:56 Avg
395354,https://www.milesplit.com/meets/219260-bonney-lake-peninsula-auburn-riverside-2015/results/395354/formatted/,3,Auburn Riverside High School,https://wa.milesplit.com/teams/6780-auburn-riverside-high-school,59,9+10+12+13+15  (17+18),0:34 1-5 Split | 18:24 Avg
395354,https://www.milesplit.com/meets/219260-bonney-lake-peninsula-auburn-riverside-2015/results/395354/formatted/,1,Peninsula High School,https://wa.milesplit.com/teams/6647-peninsula-high-school,18,1+2+3+4+8  (9+17),2:07 1-5 Split | 21:57 Avg
395354,https://www.milesplit.com/meets/219260-bonney-lake-peninsula-auburn-riverside-2015/results/395354/formatted/,2,Bonney Lake,https://wa.milesplit.com/teams/7209-bonney-lake,52,5+6+11+12+18  (20+21),2:38 1-5 Split | 23:24 Avg
395354,https://www.milesplit.com/meets/219260-bonney-lake-peninsula-auburn-riverside-2015/results/395354/formatted/,3,Auburn Riverside High School,https://wa.milesplit.com/teams/6780-auburn-riverside-high-school,59,7+10+13+14+15  (16+19),1:25 1-5 Split | 23:35 Avg
478251,https://wa.milesplit.com/meets/246545-richland-invitational-2016/results/478251/formatted/,1,Central Valley Senior High School,https://wa.milesplit.com/teams/6686-central-valley-senior-high-school,93,11+12+20+24+26  (30+45),0:20 1-5 Split | 15:41 Avg
478251,https://wa.milesplit.com/meets/246545-richland-invitational-2016/results/478251/formatted/,2,Henry M Jackson High School,https://wa.milesplit.com/teams/6773-henry-m-jackson-high-school,112,1+13+15+34+49  (100+115),1:26 1-5 Split | 15:40 Avg
478251,https://wa.milesplit.com/meets/246545-richland-invitational-2016/results/478251/formatted/,3,North Central High School,https://wa.milesplit.com/teams/6384-north-central-high-school,117,18+19+22+27+31  (73+90),0:14 1-5 Split | 15:48 Avg
478251,https://wa.milesplit.com/meets/246545-richland-invitational-2016/results/478251/formatted/,4,Bellarmine Preparatory School,https://wa.milesplit.com/teams/6432-bellarmine-preparatory-school,142,3+14+21+25+79  (101),1:37 1-5 Split | 15:47 Avg
478251,https://wa.milesplit.com/meets/246545-richland-invitational-2016/results/478251/formatted/,5,Eisenhower Senior High School,https://wa.milesplit.com/teams/6740-eisenhower-senior-high-school,182,6+10+41+44+81  (84+88),1:26 1-5 Split | 15:57 Avg
478251,https://wa.milesplit.com/meets/246545-richland-invitational-2016/results/478251/formatted/,6,Gonzaga Preparatory School,https://wa.milesplit.com/teams/6498-gonzaga-preparatory-school,192,7+23+43+52+67  (80+97),1:11 1-5 Split | 16:04 Avg
478251,https://wa.milesplit.com/meets/246545-richland-invitational-2016/results/478251/formatted/,7,Ferris High School,https://wa.milesplit.com/teams/6385-ferris-high-school,197,2+37+42+55+61  (85+104),1:31 1-5 Split | 16:01 Avg
478251,https://wa.milesplit.com/meets/246545-richland-invitational-2016/results/478251/formatted/,8,Lewis And Clark High School,https://wa.milesplit.com/teams/6383-lewis-and-clark-high-school,204,17+28+35+50+74  (78+86),0:56 1-5 Split | 16:07 Avg
478251,https://wa.milesplit.com/meets/246545-richland-invitational-2016/results/478251/formatted/,9,Nathan Hale High School,https://wa.milesplit.com/teams/6585-nathan-hale-high-school,283,36+39+54+62+92  (94+116),0:55 1-5 Split | 16:25 Avg
478251,https://wa.milesplit.com/meets/246545-richland-invitational-2016/results/478251/formatted/,10,Richland High School,https://wa.milesplit.com/teams/6347-richland-high-school,285,4+38+63+69+111,2:28 1-5 Split | 16:24 Avg
478251,https://wa.milesplit.com/meets/246545-richland-invitational-2016/results/478251/formatted/,11,Mead Senior High School,https://wa.milesplit.com/teams/6381-mead-senior-high-school,289,29+33+59+77+91  (125+127),1:01 1-5 Split | 16:24 Avg
478251,https://wa.milesplit.com/meets/246545-richland-invitational-2016/results/478251/formatted/,12,Riverside High School,https://wa.milesplit.com/teams/6693-riverside-high-school,326,9+46+53+108+110  (121+134),2:12 1-5 Split | 16:38 Avg
478251,https://wa.milesplit.com/meets/246545-richland-invitational-2016/results/478251/formatted/,13,Southridge High School,https://wa.milesplit.com/teams/6807-southridge-high-school,348,47+48+68+87+98  (105+106),0:53 1-5 Split | 16:37 Avg
478251,https://wa.milesplit.com/meets/246545-richland-invitational-2016/results/478251/formatted/,14,University High School,https://wa.milesplit.com/teams/6380-university-high-school,350,40+60+72+76+102  (119+128),1:08 1-5 Split | 16:37 Avg
478251,https://wa.milesplit.com/meets/246545-richland-invitational-2016/results/478251/formatted/,15,West Valley High School,https://wa.milesplit.com/teams/6386-west-valley-high-school,358,8+51+83+107+109  (123+135),2:11 1-5 Split | 16:42 Avg
478251,https://wa.milesplit.com/meets/246545-richland-invitational-2016/results/478251/formatted/,16,Seattle Preparatory School,https://wa.milesplit.com/teams/6430-seattle-preparatory-school,361,57+58+64+89+93,0:31 1-5 Split | 16:40 Avg
478251,https://wa.milesplit.com/meets/246545-richland-invitational-2016/results/478251/formatted/,17,Eastmont Senior High School,https://wa.milesplit.com/teams/6533-eastmont-senior-high-school,406,56+66+82+99+103  (129+142),0:49 1-5 Split | 16:51 Avg
478251,https://wa.milesplit.com/meets/246545-richland-invitational-2016/results/478251/formatted/,18,Deer Park High School,https://wa.milesplit.com/teams/6690-deer-park-high-school,434,16+75+96+114+133  (140),2:26 1-5 Split | 17:02 Avg
478251,https://wa.milesplit.com/meets/246545-richland-invitational-2016/results/478251/formatted/,19,Mount Spokane High School,https://wa.milesplit.com/teams/6837-mount-spokane-high-school,451,5+95+112+113+126  (139),2:42 1-5 Split | 17:05 Avg
478251,https://wa.milesplit.com/meets/246545-richland-invitational-2016/results/478251/formatted/,20,Hanford High School,https://wa.milesplit.com/teams/6516-hanford-high-school,464,32+65+117+120+130  (131),2:03 1-5 Split | 17:11 Avg
478251,https://wa.milesplit.com/meets/246545-richland-invitational-2016/results/478251/formatted/,21,Granger High School,https://wa.milesplit.com/teams/6730-granger-high-school,594,70+118+132+136+138,1:45 1-5 Split | 17:47 Avg
478251,https://wa.milesplit.com/meets/246545-richland-invitational-2016/results/478251/formatted/,22,Shadle Park High School,https://wa.milesplit.com/teams/6695-shadle-park-high-school,595,71+122+124+137+141  (143+144),1:58 1-5 Split | 17:48 Avg
478251,https://wa.milesplit.com/meets/246545-richland-invitational-2016/results/478251/formatted/,1,Lewis And Clark High School,https://wa.milesplit.com/teams/6383-lewis-and-clark-high-school,32,1+3+6+10+12  (43+44),1:49 1-5 Split | 18:48 Avg
478251,https://wa.milesplit.com/meets/246545-richland-invitational-2016/results/478251/formatted/,2,Hanford High School,https://wa.milesplit.com/teams/6516-hanford-high-school,97,14+16+20+21+26  (32+39),0:42 1-5 Split | 19:54 Avg
478251,https://wa.milesplit.com/meets/246545-richland-invitational-2016/results/478251/formatted/,3,Deer Park High School,https://wa.milesplit.com/teams/6690-deer-park-high-school,98,2+4+15+36+41  (56+57),2:48 1-5 Split | 19:33 Avg
478251,https://wa.milesplit.com/meets/246545-richland-invitational-2016/results/478251/formatted/,4,Bellarmine Preparatory School,https://wa.milesplit.com/teams/6432-bellarmine-preparatory-school,107,8+17+23+24+35,1:25 1-5 Split | 19:57 Avg
478251,https://wa.milesplit.com/meets/246545-richland-invitational-2016/results/478251/formatted/,5,Kamiakin High School,https://wa.milesplit.com/teams/6515-kamiakin-high-school,117,13+19+22+30+33  (34+47),0:55 1-5 Split | 20:05 Avg
478251,https://wa.milesplit.com/meets/246545-richland-invitational-2016/results/478251/formatted/,6,Gonzaga Preparatory School,https://wa.milesplit.com/teams/6498-gonzaga-preparatory-school,117,5+7+28+31+46  (50+55),2:25 1-5 Split | 19:55 Avg
478251,https://wa.milesplit.com/meets/246545-richland-invitational-2016/results/478251/formatted/,7,Henry M Jackson High School,https://wa.milesplit.com/teams/6773-henry-m-jackson-high-school,142,9+18+29+38+48  (49+59),1:43 1-5 Split | 20:19 Avg
478251,https://wa.milesplit.com/meets/246545-richland-invitational-2016/results/478251/formatted/,8,Nathan Hale High School,https://wa.milesplit.com/teams/6585-nathan-hale-high-school,175,11+37+40+42+45  (51+52),1:29 1-5 Split | 20:38 Avg
478251,https://wa.milesplit.com/meets/246545-richland-invitational-2016/results/478251/formatted/,9,Southridge High School,https://wa.milesplit.com/teams/6807-southridge-high-school,217,25+27+53+54+58  (60+61),1:53 1-5 Split | 21:08 Avg
478254,https://wa.milesplit.com/meets/246545-richland-invitational-2016/results/478254/formatted/,1,Wenatchee High School,https://wa.milesplit.com/teams/6267-wenatchee-high-school,61,5+6+8+18+24  (33+105),0:40 1-5 Split | 17:34 Avg
478254,https://wa.milesplit.com/meets/246545-richland-invitational-2016/results/478254/formatted/,2,Kamiakin High School,https://wa.milesplit.com/teams/6515-kamiakin-high-school,78,7+14+15+20+22  (34+66),0:31 1-5 Split | 17:44 Avg
478254,https://wa.milesplit.com/meets/246545-richland-invitational-2016/results/478254/formatted/,3,Seattle Preparatory School,https://wa.milesplit.com/teams/6430-seattle-preparatory-school,89,1+10+16+25+37  (63+76),1:17 1-5 Split | 17:42 Avg
478254,https://wa.milesplit.com/meets/246545-richland-invitational-2016/results/478254/formatted/,4,Henry M Jackson High School,https://wa.milesplit.com/teams/6773-henry-m-jackson-high-school,97,3+9+19+27+39  (44+48),1:03 1-5 Split | 17:46 Avg
478254,https://wa.milesplit.com/meets/246545-richland-invitational-2016/results/478254/formatted/,5,North Central High School,https://wa.milesplit.com/teams/6384-north-central-high-school,113,12+13+23+30+35  (36+53),0:37 1-5 Split | 17:55 Avg
478254,https://wa.milesplit.com/meets/246545-richland-invitational-2016/results/478254/formatted/,6,Central Valley Senior High School,https://wa.milesplit.com/teams/6686-central-valley-senior-high-school,192,28+38+40+41+45  (46+61),0:26 1-5 Split | 18:18 Avg
478254,https://wa.milesplit.com/meets/246545-richland-invitational-2016/results/478254/formatted/,7,Lewis And Clark High School,https://wa.milesplit.com/teams/6383-lewis-and-clark-high-school,208,4+31+47+51+75  (96+104),1:51 1-5 Split | 18:20 Avg
478254,https://wa.milesplit.com/meets/246545-richland-invitational-2016/results/478254/formatted/,8,Rogers High School,https://wa.milesplit.com/teams/6851-rogers-high-school,247,21+29+43+65+89  (153+172),1:30 1-5 Split | 18:33 Avg
478254,https://wa.milesplit.com/meets/246545-richland-invitational-2016/results/478254/formatted/,9,Pullman High School,https://wa.milesplit.com/teams/6390-pullman-high-school,288,26+50+67+72+73  (74+108),1:07 1-5 Split | 18:46 Avg
478254,https://wa.milesplit.com/meets/246545-richland-invitational-2016/results/478254/formatted/,10,Gonzaga Preparatory School,https://wa.milesplit.com/teams/6498-gonzaga-preparatory-school,307,11+60+64+82+90  (100+132),1:52 1-5 Split | 18:49 Avg
478254,https://wa.milesplit.com/meets/246545-richland-invitational-2016/results/478254/formatted/,11,Richland High School,https://wa.milesplit.com/teams/6347-richland-high-school,363,2+42+80+118+121  (131+133),2:52 1-5 Split | 18:57 Avg
478254,https://wa.milesplit.com/meets/246545-richland-invitational-2016/results/478254/formatted/,12,Walla Walla Senior High School,https://wa.milesplit.com/teams/6715-walla-walla-senior-high-school,366,49+52+57+97+111  (112+148),1:15 1-5 Split | 19:04 Avg
478254,https://wa.milesplit.com/meets/246545-richland-invitational-2016/results/478254/formatted/,13,Mount Spokane High School,https://wa.milesplit.com/teams/6837-mount-spokane-high-school,382,58+62+78+85+99  (107+114),0:46 1-5 Split | 19:10 Avg
478254,https://wa.milesplit.com/meets/246545-richland-invitational-2016/results/478254/formatted/,14,West Valley Senior High School,https://wa.milesplit.com/teams/6738-west-valley-senior-high-school,420,17+59+87+120+137  (143+170),2:34 1-5 Split | 19:16 Avg
478254,https://wa.milesplit.com/meets/246545-richland-invitational-2016/results/478254/formatted/,15,A.C. Davis High School,https://wa.milesplit.com/teams/6739-ac-davis-high-school,487,56+81+86+125+139  (141+167),1:38 1-5 Split | 19:35 Avg
478254,https://wa.milesplit.com/meets/246545-richland-invitational-2016/results/478254/formatted/,16,Hanford High School,https://wa.milesplit.com/teams/6516-hanford-high-school,499,55+79+93+134+138  (152+154),1:40 1-5 Split | 19:37 Avg
478254,https://wa.milesplit.com/meets/246545-richland-invitational-2016/results/478254/formatted/,17,Royal High School,https://wa.milesplit.com/teams/6544-royal-high-school,504,54+71+84+117+178  (192+196),2:58 1-5 Split | 19:45 Avg
478254,https://wa.milesplit.com/meets/246545-richland-invitational-2016/results/478254/formatted/,18,Eastmont Senior High School,https://wa.milesplit.com/teams/6533-eastmont-senior-high-school,516,68+69+113+115+151  (162+164),1:40 1-5 Split | 19:42 Avg
478254,https://wa.milesplit.com/meets/246545-richland-invitational-2016/results/478254/formatted/,19,Pendleton,https://or.milesplit.com/teams/18527-pendleton,528,70+83+102+128+145  (176+180),1:32 1-5 Split | 19:46 Avg
478254,https://wa.milesplit.com/meets/246545-richland-invitational-2016/results/478254/formatted/,20,Othello High School,https://wa.milesplit.com/teams/6512-othello-high-school,543,32+77+126+129+179  (186+191),3:35 1-5 Split | 19:51 Avg
478254,https://wa.milesplit.com/meets/246545-richland-invitational-2016/results/478254/formatted/,21,Moscow High School,https://id.milesplit.com/teams/8286-moscow-high-school,639,110+119+122+123+165  (168+190),1:15 1-5 Split | 20:11 Avg
478254,https://wa.milesplit.com/meets/246545-richland-invitational-2016/results/478254/formatted/,22,Chiawana,https://wa.milesplit.com/teams/23369-chiawana,657,94+106+140+156+161  (163+173),1:31 1-5 Split | 20:17 Avg
478254,https://wa.milesplit.com/meets/246545-richland-invitational-2016/results/478254/formatted/,23,Southridge High School,https://wa.milesplit.com/teams/6807-southridge-high-school,663,92+116+127+147+181  (188+194),2:25 1-5 Split | 20:24 Avg
478254,https://wa.milesplit.com/meets/246545-richland-invitational-2016/results/478254/formatted/,24,College Place HS,https://or.milesplit.com/teams/38330-college-place-hs,668,91+101+135+146+195  (199),3:44 1-5 Split | 20:38 Avg
478254,https://wa.milesplit.com/meets/246545-richland-invitational-2016/results/478254/formatted/,25,Deer Park High School,https://wa.milesplit.com/teams/6690-deer-park-high-school,694,98+103+149+157+187,2:36 1-5 Split | 20:36 Avg
478254,https://wa.milesplit.com/meets/246545-richland-invitational-2016/results/478254/formatted/,26,East Valley High School,https://wa.milesplit.com/teams/6387-east-valley-high-school,714,95+142+144+158+175  (184+198),2:01 1-5 Split | 20:38 Avg
478254,https://wa.milesplit.com/meets/246545-richland-invitational-2016/results/478254/formatted/,27,White Swan High School,https://wa.milesplit.com/teams/6260-white-swan-high-school,722,88+136+150+159+189  (203+205),3:03 1-5 Split | 20:46 Avg
478254,https://wa.milesplit.com/meets/246545-richland-invitational-2016/results/478254/formatted/,28,West Valley High School,https://wa.milesplit.com/teams/6386-west-valley-high-school,777,109+130+160+185+193  (202),2:53 1-5 Split | 21:06 Avg
478254,https://wa.milesplit.com/meets/246545-richland-invitational-2016/results/478254/formatted/,29,Kennewick High School,https://wa.milesplit.com/teams/6514-kennewick-high-school,846,155+169+171+174+177  (197+201),0:47 1-5 Split | 21:19 Avg
478254,https://wa.milesplit.com/meets/246545-richland-invitational-2016/results/478254/formatted/,30,University High School,https://wa.milesplit.com/teams/6380-university-high-school,855,124+166+182+183+200  (204),5:32 1-5 Split | 22:07 Avg
478253,https://wa.milesplit.com/meets/246545-richland-invitational-2016/results/478253/formatted/,1,Henry M Jackson High School,https://wa.milesplit.com/teams/6773-henry-m-jackson-high-school,58,1+7+12+17+21  (25+33),1:09 1-5 Split | 17:45 Avg
478253,https://wa.milesplit.com/meets/246545-richland-invitational-2016/results/478253/formatted/,2,Pullman High School,https://wa.milesplit.com/teams/6390-pullman-high-school,65,4+6+8+15+32  (35+41),1:14 1-5 Split | 17:52 Avg
478253,https://wa.milesplit.com/meets/246545-richland-invitational-2016/results/478253/formatted/,3,Central Valley Senior High School,https://wa.milesplit.com/teams/6686-central-valley-senior-high-school,98,10+16+18+26+28  (31+48),0:50 1-5 Split | 18:10 Avg
478253,https://wa.milesplit.com/meets/246545-richland-invitational-2016/results/478253/formatted/,4,Lewis And Clark High School,https://wa.milesplit.com/teams/6383-lewis-and-clark-high-school,108,2+14+19+27+46  (62+89),2:02 1-5 Split | 18:13 Avg
478253,https://wa.milesplit.com/meets/246545-richland-invitational-2016/results/478253/formatted/,5,Seattle Preparatory School,https://wa.milesplit.com/teams/6430-seattle-preparatory-school,150,5+9+29+43+64  (102+117),2:18 1-5 Split | 18:34 Avg
478253,https://wa.milesplit.com/meets/246545-richland-invitational-2016/results/478253/formatted/,6,Chiawana,https://wa.milesplit.com/teams/23369-chiawana,212,20+24+44+49+75  (77+85),1:47 1-5 Split | 19:03 Avg
478253,https://wa.milesplit.com/meets/246545-richland-invitational-2016/results/478253/formatted/,7,Wenatchee High School,https://wa.milesplit.com/teams/6267-wenatchee-high-school,228,3+30+54+61+80  (132),3:14 1-5 Split | 19:08 Avg
478253,https://wa.milesplit.com/meets/246545-richland-invitational-2016/results/478253/formatted/,8,Rogers High School,https://wa.milesplit.com/teams/6851-rogers-high-school,239,13+34+38+68+86  (95+107),2:49 1-5 Split | 19:14 Avg
478253,https://wa.milesplit.com/meets/246545-richland-invitational-2016/results/478253/formatted/,9,Walla Walla Senior High School,https://wa.milesplit.com/teams/6715-walla-walla-senior-high-school,241,22+36+37+59+87  (88+100),2:29 1-5 Split | 19:18 Avg
478253,https://wa.milesplit.com/meets/246545-richland-invitational-2016/results/478253/formatted/,10,Hanford High School,https://wa.milesplit.com/teams/6516-hanford-high-school,297,51+52+53+69+72  (73+90),0:32 1-5 Split | 19:37 Avg
478253,https://wa.milesplit.com/meets/246545-richland-invitational-2016/results/478253/formatted/,11,Mount Spokane High School,https://wa.milesplit.com/teams/6837-mount-spokane-high-school,301,45+55+65+66+70  (82),0:38 1-5 Split | 19:41 Avg
478253,https://wa.milesplit.com/meets/246545-richland-invitational-2016/results/478253/formatted/,12,Kamiakin High School,https://wa.milesplit.com/teams/6515-kamiakin-high-school,342,23+40+60+104+115  (121),4:07 1-5 Split | 20:15 Avg
478253,https://wa.milesplit.com/meets/246545-richland-invitational-2016/results/478253/formatted/,13,University High School,https://wa.milesplit.com/teams/6380-university-high-school,388,50+57+71+101+109  (116+130),2:40 1-5 Split | 20:30 Avg
478253,https://wa.milesplit.com/meets/246545-richland-invitational-2016/results/478253/formatted/,14,Othello High School,https://wa.milesplit.com/teams/6512-othello-high-school,403,56+67+83+91+106  (113+127),2:18 1-5 Split | 20:34 Avg
478253,https://wa.milesplit.com/meets/246545-richland-invitational-2016/results/478253/formatted/,15,Sunnyside High School,https://wa.milesplit.com/teams/6393-sunnyside-high-school,412,74+78+79+84+97  (99+114),1:24 1-5 Split | 20:34 Avg
478253,https://wa.milesplit.com/meets/246545-richland-invitational-2016/results/478253/formatted/,16,Richland High School,https://wa.milesplit.com/teams/6347-richland-high-school,425,11+63+111+112+128,6:40 1-5 Split | 21:17 Avg
478253,https://wa.milesplit.com/meets/246545-richland-invitational-2016/results/478253/formatted/,17,Pendleton,https://or.milesplit.com/teams/18527-pendleton,444,47+93+96+103+105  (135),2:32 1-5 Split | 21:03 Avg
478253,https://wa.milesplit.com/meets/246545-richland-invitational-2016/results/478253/formatted/,18,Pasco Senior High School,https://wa.milesplit.com/teams/6537-pasco-senior-high-school,486,58+92+94+120+122  (131+134),3:30 1-5 Split | 21:34 Avg
478253,https://wa.milesplit.com/meets/246545-richland-invitational-2016/results/478253/formatted/,19,Liberty Christian School,https://wa.milesplit.com/teams/6438-liberty-christian-school,489,39+81+110+123+136,9:43 1-5 Split | 22:43 Avg
478253,https://wa.milesplit.com/meets/246545-richland-invitational-2016/results/478253/formatted/,20,Eastmont Senior High School,https://wa.milesplit.com/teams/6533-eastmont-senior-high-school,490,42+98+108+118+124  (133),4:16 1-5 Split | 21:46 Avg
478253,https://wa.milesplit.com/meets/246545-richland-invitational-2016/results/478253/formatted/,21,Riverside High School,https://wa.milesplit.com/teams/6693-riverside-high-school,575,76+119+125+126+129  (137),4:29 1-5 Split | 23:02 Avg
478253,https://wa.milesplit.com/meets/246545-richland-invitational-2016/results/478253/formatted/,1,Lewis And Clark High School,https://wa.milesplit.com/teams/6383-lewis-and-clark-high-school,32,3+5+7+8+9  (25+55),0:46 1-5 Split | 21:19 Avg
478253,https://wa.milesplit.com/meets/246545-richland-invitational-2016/results/478253/formatted/,2,Bellarmine Preparatory School,https://wa.milesplit.com/teams/6432-bellarmine-preparatory-school,108,15+17+21+24+31  (74),0:33 1-5 Split | 22:25 Avg
478253,https://wa.milesplit.com/meets/246545-richland-invitational-2016/results/478253/formatted/,3,Wenatchee High School,https://wa.milesplit.com/teams/6267-wenatchee-high-school,137,2+13+22+23+77  (94+108),3:26 1-5 Split | 22:19 Avg
478253,https://wa.milesplit.com/meets/246545-richland-invitational-2016/results/478253/formatted/,4,Gonzaga Preparatory School,https://wa.milesplit.com/teams/6498-gonzaga-preparatory-school,169,26+29+32+40+42  (51+66),0:27 1-5 Split | 22:54 Avg
478253,https://wa.milesplit.com/meets/246545-richland-invitational-2016/results/478253/formatted/,5,Kamiakin High School,https://wa.milesplit.com/teams/6515-kamiakin-high-school,171,10+16+34+44+67  (83+89),1:59 1-5 Split | 22:46 Avg
478253,https://wa.milesplit.com/meets/246545-richland-invitational-2016/results/478253/formatted/,6,Seattle Preparatory School,https://wa.milesplit.com/teams/6430-seattle-preparatory-school,183,4+20+47+52+60  (62+78),2:28 1-5 Split | 22:46 Avg
478253,https://wa.milesplit.com/meets/246545-richland-invitational-2016/results/478253/formatted/,7,Chiawana,https://wa.milesplit.com/teams/23369-chiawana,193,12+33+35+37+76  (84+92),2:04 1-5 Split | 22:57 Avg
478253,https://wa.milesplit.com/meets/246545-richland-invitational-2016/results/478253/formatted/,8,Henry M Jackson High School,https://wa.milesplit.com/teams/6773-henry-m-jackson-high-school,194,19+30+43+48+54  (63+69),1:10 1-5 Split | 22:59 Avg
478253,https://wa.milesplit.com/meets/246545-richland-invitational-2016/results/478253/formatted/,9,Nathan Hale High School,https://wa.milesplit.com/teams/6585-nathan-hale-high-school,197,14+27+49+50+57  (65+75),1:28 1-5 Split | 22:59 Avg
478253,https://wa.milesplit.com/meets/246545-richland-invitational-2016/results/478253/formatted/,10,West Valley Senior High School,https://wa.milesplit.com/teams/6738-west-valley-senior-high-school,240,6+18+64+71+81  (87+88),2:54 1-5 Split | 23:03 Avg
478253,https://wa.milesplit.com/meets/246545-richland-invitational-2016/results/478253/formatted/,11,Pasco Senior High School,https://wa.milesplit.com/teams/6537-pasco-senior-high-school,299,11+46+73+79+90  (124+125),2:53 1-5 Split | 23:33 Avg
478253,https://wa.milesplit.com/meets/246545-richland-invitational-2016/results/478253/formatted/,12,Royal High School,https://wa.milesplit.com/teams/6544-royal-high-school,311,38+41+59+82+91  (99+132),1:47 1-5 Split | 23:45 Avg
478253,https://wa.milesplit.com/meets/246545-richland-invitational-2016/results/478253/formatted/,13,Sunnyside High School,https://wa.milesplit.com/teams/6393-sunnyside-high-school,371,1+56+97+106+111  (122+150),5:30 1-5 Split | 24:04 Avg
478253,https://wa.milesplit.com/meets/246545-richland-invitational-2016/results/478253/formatted/,14,Eastmont Senior High School,https://wa.milesplit.com/teams/6533-eastmont-senior-high-school,386,45+53+86+98+104  (127+135),2:14 1-5 Split | 24:21 Avg
478253,https://wa.milesplit.com/meets/246545-richland-invitational-2016/results/478253/formatted/,15,Hanford High School,https://wa.milesplit.com/teams/6516-hanford-high-school,439,58+72+85+110+114  (126+128),2:16 1-5 Split | 24:41 Avg
478253,https://wa.milesplit.com/meets/246545-richland-invitational-2016/results/478253/formatted/,16,Riverside High School,https://wa.milesplit.com/teams/6693-riverside-high-school,447,39+68+70+116+154,11:05 1-5 Split | 26:09 Avg
478253,https://wa.milesplit.com/meets/246545-richland-invitational-2016/results/478253/formatted/,17,Othello High School,https://wa.milesplit.com/teams/6512-othello-high-school,501,36+96+107+129+133  (134+143),4:26 1-5 Split | 25:38 Avg
478253,https://wa.milesplit.com/meets/246545-richland-invitational-2016/results/478253/formatted/,18,Pendleton,https://or.milesplit.com/teams/18527-pendleton,528,80+93+115+117+123  (131+146),2:29 1-5 Split | 25:29 Avg
478253,https://wa.milesplit.com/meets/246545-richland-invitational-2016/results/478253/formatted/,19,Moscow High School,https://id.milesplit.com/teams/8286-moscow-high-school,554,101+102+103+109+139  (152+153),2:19 1-5 Split | 25:54 Avg
478253,https://wa.milesplit.com/meets/246545-richland-invitational-2016/results/478253/formatted/,20,Pullman High School,https://wa.milesplit.com/teams/6390-pullman-high-school,556,61+118+119+121+137  (145+147),3:49 1-5 Split | 25:53 Avg
478253,https://wa.milesplit.com/meets/246545-richland-invitational-2016/results/478253/formatted/,21,White Swan High School,https://wa.milesplit.com/teams/6260-white-swan-high-school,558,28+112+136+138+144,5:43 1-5 Split | 26:25 Avg
478253,https://wa.milesplit.com/meets/246545-richland-invitational-2016/results/478253/formatted/,22,Richland High School,https://wa.milesplit.com/teams/6347-richland-high-school,591,95+105+120+130+141,2:58 1-5 Split | 26:25 Avg
478253,https://wa.milesplit.com/meets/246545-richland-invitational-2016/results/478253/formatted/,23,Southridge High School,https://wa.milesplit.com/teams/6807-southridge-high-school,643,100+113+140+142+148  (149+151),4:17 1-5 Split | 27:21 Avg
471242,https://wa.milesplit.com/meets/253000-kentwood-mount-rainier-hazen-2016/results/471242/formatted/,1,Kentwood High School,https://wa.milesplit.com/teams/6564-kentwood-high-school,35,2+3+9+10+11  (12+14),1:09 1-5 Split | 18:10 Avg
471242,https://wa.milesplit.com/meets/253000-kentwood-mount-rainier-hazen-2016/results/471242/formatted/,2,Hazen High School,https://wa.milesplit.com/teams/6785-hazen-high-school,35,4+5+6+7+13  (15+16),0:51 1-5 Split | 18:18 Avg
471242,https://wa.milesplit.com/meets/253000-kentwood-mount-rainier-hazen-2016/results/471242/formatted/,3,Mount Rainier High School,https://wa.milesplit.com/teams/6560-mount-rainier-high-school,63,1+8+17+18+19  (20+21),3:16 1-5 Split | 19:26 Avg
471243,https://wa.milesplit.com/meets/253000-kentwood-mount-rainier-hazen-2016/results/471243/formatted/,1,Hazen High School,https://wa.milesplit.com/teams/6785-hazen-high-school,19,1+3+4+5+6  (10+13),1:57 1-5 Split | 21:16 Avg
471243,https://wa.milesplit.com/meets/253000-kentwood-mount-rainier-hazen-2016/results/471243/formatted/,2,Mount Rainier High School,https://wa.milesplit.com/teams/6560-mount-rainier-high-school,46,2+7+11+12+14  (16+17),3:01 1-5 Split | 22:25 Avg
471243,https://wa.milesplit.com/meets/253000-kentwood-mount-rainier-hazen-2016/results/471243/formatted/,3,Kentwood High School,https://wa.milesplit.com/teams/6564-kentwood-high-school,69,8+9+15+18+19  (20+21),3:09 1-5 Split | 23:51 Avg
481429,https://wa.milesplit.com/meets/246715-stevensonwhite-salmon-duel-2016/results/481429/formatted/,1,White Salmon HS,https://wa.milesplit.com/teams/29239-white-salmon-hs,15,1+2+3+4+5  (6+7),0:44 1-5 Split | 10:14 Avg
481429,https://wa.milesplit.com/meets/246715-stevensonwhite-salmon-duel-2016/results/481429/formatted/,2,Stevenson High School,https://wa.milesplit.com/teams/6668-stevenson-high-school,50,8+9+10+11+12  (13+14),0:44 1-5 Split | 11:14 Avg
487804,https://wa.milesplit.com/meets/256378-1b2b-district-7-and-9-regional-2016/results/487804/formatted/,1,Asotin High School,https://wa.milesplit.com/teams/6398-asotin-high-school,67,1+5+16+18+27  (30+41),2:15 1-5 Split | 17:10 Avg
487804,https://wa.milesplit.com/meets/256378-1b2b-district-7-and-9-regional-2016/results/487804/formatted/,2,Saint George's School,https://wa.milesplit.com/teams/6496-saint-georges-school,90,6+10+14+24+36  (45+62),1:33 1-5 Split | 17:38 Avg
487804,https://wa.milesplit.com/meets/256378-1b2b-district-7-and-9-regional-2016/results/487804/formatted/,3,Northwest Christian School,https://wa.milesplit.com/teams/6799-northwest-christian-school,96,2+4+25+31+34  (37+38),2:16 1-5 Split | 17:27 Avg
487804,https://wa.milesplit.com/meets/256378-1b2b-district-7-and-9-regional-2016/results/487804/formatted/,4,Mary Walker High School,https://wa.milesplit.com/teams/6415-mary-walker-high-school,108,7+9+11+39+42  (43+48),1:54 1-5 Split | 17:50 Avg
487804,https://wa.milesplit.com/meets/256378-1b2b-district-7-and-9-regional-2016/results/487804/formatted/,5,Wellpinit School,https://wa.milesplit.com/teams/6703-wellpinit-school,144,15+21+26+35+47  (74),1:35 1-5 Split | 18:14 Avg
487804,https://wa.milesplit.com/meets/256378-1b2b-district-7-and-9-regional-2016/results/487804/formatted/,6,Colfax High School,https://wa.milesplit.com/teams/6721-colfax-high-school,176,17+20+29+53+57  (69),2:32 1-5 Split | 18:45 Avg
487804,https://wa.milesplit.com/meets/256378-1b2b-district-7-and-9-regional-2016/results/487804/formatted/,7,Creston School,https://wa.milesplit.com/teams/6616-creston-school,189,3+19+44+59+64  (75+76),4:50 1-5 Split | 18:55 Avg
487804,https://wa.milesplit.com/meets/256378-1b2b-district-7-and-9-regional-2016/results/487804/formatted/,8,Waitsburg High School,https://wa.milesplit.com/teams/6714-waitsburg-high-school,191,8+22+33+63+65  (71),4:22 1-5 Split | 19:09 Avg
487804,https://wa.milesplit.com/meets/256378-1b2b-district-7-and-9-regional-2016/results/487804/formatted/,9,Kettle Falls High School,https://wa.milesplit.com/teams/6702-kettle-falls-high-school,204,12+32+50+54+56  (58),2:44 1-5 Split | 19:05 Avg
487804,https://wa.milesplit.com/meets/256378-1b2b-district-7-and-9-regional-2016/results/487804/formatted/,10,Republic School,https://wa.milesplit.com/teams/6263-republic-school,226,13+46+52+55+60  (67),3:03 1-5 Split | 19:25 Avg
487804,https://wa.milesplit.com/meets/256378-1b2b-district-7-and-9-regional-2016/results/487804/formatted/,11,Reardan High School,https://wa.milesplit.com/teams/6620-reardan-high-school,227,23+28+49+61+66  (68),3:42 1-5 Split | 19:34 Avg
487804,https://wa.milesplit.com/meets/256378-1b2b-district-7-and-9-regional-2016/results/487804/formatted/,12,Pomeroy Junior Senior High School,https://wa.milesplit.com/teams/6418-pomeroy-junior-senior-high-school,306,40+51+70+72+73,3:51 1-5 Split | 21:13 Avg
487805,https://wa.milesplit.com/meets/256378-1b2b-district-7-and-9-regional-2016/results/487805/formatted/,1,Asotin High School,https://wa.milesplit.com/teams/6398-asotin-high-school,31,2+4+5+8+12  (13),1:49 1-5 Split | 20:38 Avg
487805,https://wa.milesplit.com/meets/256378-1b2b-district-7-and-9-regional-2016/results/487805/formatted/,2,Northwest Christian School,https://wa.milesplit.com/teams/6799-northwest-christian-school,36,1+3+7+10+15,2:50 1-5 Split | 20:51 Avg
487805,https://wa.milesplit.com/meets/256378-1b2b-district-7-and-9-regional-2016/results/487805/formatted/,3,Creston School,https://wa.milesplit.com/teams/6616-creston-school,85,6+14+17+23+25,5:54 1-5 Split | 23:23 Avg
487805,https://wa.milesplit.com/meets/256378-1b2b-district-7-and-9-regional-2016/results/487805/formatted/,4,Republic School,https://wa.milesplit.com/teams/6263-republic-school,86,9+11+20+22+24  (26),3:58 1-5 Split | 23:22 Avg
487805,https://wa.milesplit.com/meets/256378-1b2b-district-7-and-9-regional-2016/results/487805/formatted/,5,Colfax High School,https://wa.milesplit.com/teams/6721-colfax-high-school,101,16+18+19+21+27  (28),4:34 1-5 Split | 24:34 Avg
670247,https://mt.milesplit.com/meets/370197-mountain-west-classic-2019/results/670247/formatted/,1,Bozeman High School,https://mt.milesplit.com/teams/8074-bozeman-high-school,32,1+2+4+9+16  (17+21),0:51 1-5 Split | 17:38 Avg
670247,https://mt.milesplit.com/meets/370197-mountain-west-classic-2019/results/670247/formatted/,2,Lewis And Clark High School,https://wa.milesplit.com/teams/6383-lewis-and-clark-high-school,63,3+7+11+20+22  (27+31),0:47 1-5 Split | 17:57 Avg
670247,https://mt.milesplit.com/meets/370197-mountain-west-classic-2019/results/670247/formatted/,3,Gonzaga Preparatory School,https://wa.milesplit.com/teams/6498-gonzaga-preparatory-school,72,5+6+12+24+25  (26+50),0:54 1-5 Split | 18:00 Avg
670247,https://mt.milesplit.com/meets/370197-mountain-west-classic-2019/results/670247/formatted/,4,Hellgate High School,https://mt.milesplit.com/teams/8120-hellgate-high-school,88,8+10+14+23+33  (40+57),0:51 1-5 Split | 18:07 Avg
670247,https://mt.milesplit.com/meets/370197-mountain-west-classic-2019/results/670247/formatted/,5,University High School,https://wa.milesplit.com/teams/6380-university-high-school,191,28+37+38+39+49  (51+56),0:18 1-5 Split | 18:40 Avg
670247,https://mt.milesplit.com/meets/370197-mountain-west-classic-2019/results/670247/formatted/,6,Central Valley Senior High School,https://wa.milesplit.com/teams/6686-central-valley-senior-high-school,225,19+41+45+53+67  (69+73),0:53 1-5 Split | 18:46 Avg
670247,https://mt.milesplit.com/meets/370197-mountain-west-classic-2019/results/670247/formatted/,7,Sentinel High School,https://mt.milesplit.com/teams/8121-sentinel-high-school,225,30+36+42+47+70  (85+99),0:43 1-5 Split | 18:47 Avg
670247,https://mt.milesplit.com/meets/370197-mountain-west-classic-2019/results/670247/formatted/,8,Ferris High School,https://wa.milesplit.com/teams/6385-ferris-high-school,258,13+18+62+71+94  (117),1:44 1-5 Split | 18:53 Avg
670247,https://mt.milesplit.com/meets/370197-mountain-west-classic-2019/results/670247/formatted/,9,Helena High School,https://mt.milesplit.com/teams/8102-helena-high-school,282,29+35+55+80+83  (128+133),1:01 1-5 Split | 19:00 Avg
670247,https://mt.milesplit.com/meets/370197-mountain-west-classic-2019/results/670247/formatted/,10,Glacier High School,https://mt.milesplit.com/teams/21452-glacier-high-school,294,15+54+64+77+84  (97+104),1:30 1-5 Split | 19:00 Avg
670247,https://mt.milesplit.com/meets/370197-mountain-west-classic-2019/results/670247/formatted/,11,Capital High School,https://mt.milesplit.com/teams/8103-capital-high-school,320,46+63+65+72+74  (119+121),0:31 1-5 Split | 19:08 Avg
670247,https://mt.milesplit.com/meets/370197-mountain-west-classic-2019/results/670247/formatted/,12,Corvallis High School,https://mt.milesplit.com/teams/8142-corvallis-high-school,333,32+66+68+75+92  (93+111),1:09 1-5 Split | 19:12 Avg
670247,https://mt.milesplit.com/meets/370197-mountain-west-classic-2019/results/670247/formatted/,13,Flathead High School,https://mt.milesplit.com/teams/8069-flathead-high-school,392,61+76+78+81+96  (109+135),0:43 1-5 Split | 19:24 Avg
670247,https://mt.milesplit.com/meets/370197-mountain-west-classic-2019/results/670247/formatted/,14,Century High School,https://id.milesplit.com/teams/8217-century-high-school,451,44+58+60+140+149  (157+193),2:08 1-5 Split | 19:40 Avg
670247,https://mt.milesplit.com/meets/370197-mountain-west-classic-2019/results/670247/formatted/,15,Hamilton High School,https://mt.milesplit.com/teams/8144-hamilton-high-school,475,48+86+106+108+127  (154+188),1:33 1-5 Split | 19:45 Avg
670247,https://mt.milesplit.com/meets/370197-mountain-west-classic-2019/results/670247/formatted/,16,Fergus High School,https://mt.milesplit.com/teams/8063-fergus-high-school,552,43+116+122+130+141,1:59 1-5 Split | 20:03 Avg
670247,https://mt.milesplit.com/meets/370197-mountain-west-classic-2019/results/670247/formatted/,17,Whitefish High School,https://mt.milesplit.com/teams/8072-whitefish-high-school,596,79+91+112+146+168  (183+194),2:00 1-5 Split | 20:16 Avg
670247,https://mt.milesplit.com/meets/370197-mountain-west-classic-2019/results/670247/formatted/,18,Charles M. Russell High School,https://mt.milesplit.com/teams/8043-charles-m-russell-high-school,600,82+103+105+134+176  (204+221),2:06 1-5 Split | 20:17 Avg
670247,https://mt.milesplit.com/meets/370197-mountain-west-classic-2019/results/670247/formatted/,19,Butte High School,https://mt.milesplit.com/teams/8170-butte-high-school,611,59+89+90+175+198  (202+208),3:15 1-5 Split | 20:27 Avg
670247,https://mt.milesplit.com/meets/370197-mountain-west-classic-2019/results/670247/formatted/,20,Browning High School,https://mt.milesplit.com/teams/8080-browning-high-school,628,88+107+136+138+159  (170+206),1:33 1-5 Split | 20:25 Avg
670247,https://mt.milesplit.com/meets/370197-mountain-west-classic-2019/results/670247/formatted/,21,Laurel High School,https://mt.milesplit.com/teams/8195-laurel-high-school,637,100+101+131+143+162  (166+178),1:32 1-5 Split | 20:28 Avg
670247,https://mt.milesplit.com/meets/370197-mountain-west-classic-2019/results/670247/formatted/,22,Post Falls High School,https://id.milesplit.com/teams/8284-post-falls-high-school,642,95+110+129+147+161  (179+195),1:36 1-5 Split | 20:29 Avg
670247,https://mt.milesplit.com/meets/370197-mountain-west-classic-2019/results/670247/formatted/,23,Twin Bridges High School,https://mt.milesplit.com/teams/8112-twin-bridges-high-school,678,52+98+132+185+211,3:46 1-5 Split | 20:44 Avg
670247,https://mt.milesplit.com/meets/370197-mountain-west-classic-2019/results/670247/formatted/,24,Lincoln Co High School,https://mt.milesplit.com/teams/8110-lincoln-co-high-school,682,113+114+139+144+172  (180+187),1:29 1-5 Split | 20:37 Avg
670247,https://mt.milesplit.com/meets/370197-mountain-west-classic-2019/results/670247/formatted/,25,Polson High School,https://mt.milesplit.com/teams/8098-polson-high-school,712,115+137+151+153+156  (200),1:09 1-5 Split | 20:48 Avg
670247,https://mt.milesplit.com/meets/370197-mountain-west-classic-2019/results/670247/formatted/,26,Columbia Falls High Schl,https://mt.milesplit.com/teams/8070-columbia-falls-high-schl,722,123+124+142+160+173  (201+212),1:19 1-5 Split | 20:49 Avg
670247,https://mt.milesplit.com/meets/370197-mountain-west-classic-2019/results/670247/formatted/,27,Great Falls High School,https://mt.milesplit.com/teams/8042-great-falls-high-school,745,118+125+163+165+174  (222+248),1:22 1-5 Split | 20:58 Avg
670247,https://mt.milesplit.com/meets/370197-mountain-west-classic-2019/results/670247/formatted/,28,Park High School,https://mt.milesplit.com/teams/8127-park-high-school,754,34+150+155+189+226,5:10 1-5 Split | 21:15 Avg
670247,https://mt.milesplit.com/meets/370197-mountain-west-classic-2019/results/670247/formatted/,29,East Valley High School,https://wa.milesplit.com/teams/6387-east-valley-high-school,780,87+102+126+232+233  (245),5:33 1-5 Split | 22:00 Avg
670247,https://mt.milesplit.com/meets/370197-mountain-west-classic-2019/results/670247/formatted/,30,Big Sky High School,https://mt.milesplit.com/teams/8123-big-sky-high-school,832,145+148+152+191+196  (215+218),1:20 1-5 Split | 21:23 Avg
670247,https://mt.milesplit.com/meets/370197-mountain-west-classic-2019/results/670247/formatted/,31,Broadwater High School,https://mt.milesplit.com/teams/8034-broadwater-high-school,895,164+167+171+177+216  (227+231),1:29 1-5 Split | 21:45 Avg
670247,https://mt.milesplit.com/meets/370197-mountain-west-classic-2019/results/670247/formatted/,32,Loyola Sacred Heart,https://mt.milesplit.com/teams/23495-loyola-sacred-heart,965,169+184+192+197+223,2:11 1-5 Split | 22:13 Avg
670247,https://mt.milesplit.com/meets/370197-mountain-west-classic-2019/results/670247/formatted/,33,Jefferson High School,https://mt.milesplit.com/teams/8092-jefferson-high-school,970,120+158+219+224+249,17:18 1-5 Split | 25:07 Avg
670247,https://mt.milesplit.com/meets/370197-mountain-west-classic-2019/results/670247/formatted/,34,Lake City High School,https://id.milesplit.com/teams/8281-lake-city-high-school,973,181+186+190+203+213  (217+220),1:04 1-5 Split | 22:07 Avg
670247,https://mt.milesplit.com/meets/370197-mountain-west-classic-2019/results/670247/formatted/,35,Deer Park High School,https://wa.milesplit.com/teams/6690-deer-park-high-school,1085,205+209+210+225+236  (237+243),3:10 1-5 Split | 23:21 Avg
670247,https://mt.milesplit.com/meets/370197-mountain-west-classic-2019/results/670247/formatted/,36,Billings Central Catholic High School,https://mt.milesplit.com/teams/21445-billings-central-catholic-high-school,1116,182+207+239+241+247,7:44 1-5 Split | 25:40 Avg
670247,https://mt.milesplit.com/meets/370197-mountain-west-classic-2019/results/670247/formatted/,37,Thompson Falls High Schl,https://mt.milesplit.com/teams/8163-thompson-falls-high-schl,1142,214+229+230+234+235  (240+242),2:34 1-5 Split | 24:30 Avg
670247,https://mt.milesplit.com/meets/370197-mountain-west-classic-2019/results/670247/formatted/,38,Stevensville High School,https://mt.milesplit.com/teams/8143-stevensville-high-school,1155,199+228+238+244+246,7:12 1-5 Split | 26:12 Avg
670247,https://mt.milesplit.com/meets/370197-mountain-west-classic-2019/results/670247/formatted/,1,Bozeman High School,https://mt.milesplit.com/teams/8074-bozeman-high-school,21,2+3+4+5+7  (9+10),0:24 1-5 Split | 20:44 Avg
670247,https://mt.milesplit.com/meets/370197-mountain-west-classic-2019/results/670247/formatted/,2,Lewis And Clark High School,https://wa.milesplit.com/teams/6383-lewis-and-clark-high-school,55,1+11+13+14+16  (20+22),1:20 1-5 Split | 21:14 Avg
670247,https://mt.milesplit.com/meets/370197-mountain-west-classic-2019/results/670247/formatted/,3,Central Valley Senior High School,https://wa.milesplit.com/teams/6686-central-valley-senior-high-school,71,6+12+15+17+21  (24+25),1:21 1-5 Split | 21:29 Avg
670247,https://mt.milesplit.com/meets/370197-mountain-west-classic-2019/results/670247/formatted/,4,Hellgate High School,https://mt.milesplit.com/teams/8120-hellgate-high-school,137,18+19+26+32+42  (43+44),1:31 1-5 Split | 22:24 Avg
670247,https://mt.milesplit.com/meets/370197-mountain-west-classic-2019/results/670247/formatted/,5,Sentinel High School,https://mt.milesplit.com/teams/8121-sentinel-high-school,168,23+30+33+37+45  (47+56),1:06 1-5 Split | 22:50 Avg
670247,https://mt.milesplit.com/meets/370197-mountain-west-classic-2019/results/670247/formatted/,6,Flathead High School,https://mt.milesplit.com/teams/8069-flathead-high-school,180,8+28+31+50+63  (73+81),3:00 1-5 Split | 22:46 Avg
670247,https://mt.milesplit.com/meets/370197-mountain-west-classic-2019/results/670247/formatted/,7,Helena High School,https://mt.milesplit.com/teams/8102-helena-high-school,227,36+38+48+52+53  (61+66),0:49 1-5 Split | 23:26 Avg
670247,https://mt.milesplit.com/meets/370197-mountain-west-classic-2019/results/670247/formatted/,8,Gonzaga Preparatory School,https://wa.milesplit.com/teams/6498-gonzaga-preparatory-school,260,29+35+64+65+67  (83+102),1:35 1-5 Split | 23:33 Avg
670247,https://mt.milesplit.com/meets/370197-mountain-west-classic-2019/results/670247/formatted/,9,Glacier High School,https://mt.milesplit.com/teams/21452-glacier-high-school,349,51+60+71+72+95  (118+131),1:45 1-5 Split | 24:28 Avg
670247,https://mt.milesplit.com/meets/370197-mountain-west-classic-2019/results/670247/formatted/,10,Post Falls High School,https://id.milesplit.com/teams/8284-post-falls-high-school,367,27+68+75+86+111  (119+145),3:28 1-5 Split | 24:30 Avg
670247,https://mt.milesplit.com/meets/370197-mountain-west-classic-2019/results/670247/formatted/,11,Charles M. Russell High School,https://mt.milesplit.com/teams/8043-charles-m-russell-high-school,371,49+54+69+93+106  (121+122),2:07 1-5 Split | 24:35 Avg
670247,https://mt.milesplit.com/meets/370197-mountain-west-classic-2019/results/670247/formatted/,12,University High School,https://wa.milesplit.com/teams/6380-university-high-school,376,55+57+58+101+105  (132+134),1:53 1-5 Split | 24:34 Avg
670247,https://mt.milesplit.com/meets/370197-mountain-west-classic-2019/results/670247/formatted/,13,Capital High School,https://mt.milesplit.com/teams/8103-capital-high-school,389,59+74+76+89+91  (115+117),1:32 1-5 Split | 24:50 Avg
670247,https://mt.milesplit.com/meets/370197-mountain-west-classic-2019/results/670247/formatted/,14,Corvallis High School,https://mt.milesplit.com/teams/8142-corvallis-high-school,447,34+40+96+109+168,8:25 1-5 Split | 25:43 Avg
670247,https://mt.milesplit.com/meets/370197-mountain-west-classic-2019/results/670247/formatted/,15,Browning High School,https://mt.milesplit.com/teams/8080-browning-high-school,474,80+97+98+99+100  (113+142),0:38 1-5 Split | 25:23 Avg
670247,https://mt.milesplit.com/meets/370197-mountain-west-classic-2019/results/670247/formatted/,16,Fergus High School,https://mt.milesplit.com/teams/8063-fergus-high-school,559,62+77+107+141+172,7:48 1-5 Split | 26:48 Avg
670247,https://mt.milesplit.com/meets/370197-mountain-west-classic-2019/results/670247/formatted/,17,Laurel High School,https://mt.milesplit.com/teams/8195-laurel-high-school,561,78+88+110+129+156  (159),4:25 1-5 Split | 26:22 Avg
670247,https://mt.milesplit.com/meets/370197-mountain-west-classic-2019/results/670247/formatted/,18,Great Falls High School,https://mt.milesplit.com/teams/8042-great-falls-high-school,565,82+94+108+138+143  (162+163),2:46 1-5 Split | 26:17 Avg
670247,https://mt.milesplit.com/meets/370197-mountain-west-classic-2019/results/670247/formatted/,19,Big Sky High School,https://mt.milesplit.com/teams/8123-big-sky-high-school,596,92+112+126+127+139  (170),2:04 1-5 Split | 26:24 Avg
670247,https://mt.milesplit.com/meets/370197-mountain-west-classic-2019/results/670247/formatted/,20,Whitefish High School,https://mt.milesplit.com/teams/8072-whitefish-high-school,599,104+116+124+125+130  (151+154),1:02 1-5 Split | 26:17 Avg
670247,https://mt.milesplit.com/meets/370197-mountain-west-classic-2019/results/670247/formatted/,21,Loyola Sacred Heart,https://mt.milesplit.com/teams/23495-loyola-sacred-heart,601,39+46+165+174+177,10:22 1-5 Split | 28:38 Avg
670247,https://mt.milesplit.com/meets/370197-mountain-west-classic-2019/results/670247/formatted/,22,Beaverhead Co High School,https://mt.milesplit.com/teams/8025-beaverhead-co-high-school,607,84+90+128+136+169  (175+180),6:14 1-5 Split | 27:05 Avg
670247,https://mt.milesplit.com/meets/370197-mountain-west-classic-2019/results/670247/formatted/,23,Columbia Falls High Schl,https://mt.milesplit.com/teams/8070-columbia-falls-high-schl,645,41+137+147+153+167  (171+187),7:39 1-5 Split | 27:47 Avg
670247,https://mt.milesplit.com/meets/370197-mountain-west-classic-2019/results/670247/formatted/,24,Century High School,https://id.milesplit.com/teams/8217-century-high-school,655,70+114+150+155+166,5:40 1-5 Split | 27:45 Avg
670247,https://mt.milesplit.com/meets/370197-mountain-west-classic-2019/results/670247/formatted/,25,Belgrade High School,https://mt.milesplit.com/teams/8077-belgrade-high-school,679,103+133+135+148+160  (185),3:58 1-5 Split | 27:34 Avg
670247,https://mt.milesplit.com/meets/370197-mountain-west-classic-2019/results/670247/formatted/,26,East Valley High School,https://wa.milesplit.com/teams/6387-east-valley-high-school,689,87+123+140+161+178  (183+186),8:38 1-5 Split | 28:30 Avg
670247,https://mt.milesplit.com/meets/370197-mountain-west-classic-2019/results/670247/formatted/,27,Arlee High School,https://mt.milesplit.com/teams/8097-arlee-high-school,700,79+85+173+179+184,12:29 1-5 Split | 30:47 Avg
670247,https://mt.milesplit.com/meets/370197-mountain-west-classic-2019/results/670247/formatted/,28,Frenchtown High School,https://mt.milesplit.com/teams/8124-frenchtown-high-school,738,120+144+146+152+176  (181),7:15 1-5 Split | 28:58 Avg
670247,https://mt.milesplit.com/meets/370197-mountain-west-classic-2019/results/670247/formatted/,29,Lake City High School,https://id.milesplit.com/teams/8281-lake-city-high-school,810,149+157+158+164+182,8:11 1-5 Split | 30:47 Avg
670246,https://mt.milesplit.com/meets/370197-mountain-west-classic-2019/results/670246/formatted/,1,Bozeman High School,https://mt.milesplit.com/teams/8074-bozeman-high-school,65,7+11+12+17+18  (22+57),0:20 1-5 Split | 16:23 Avg
670246,https://mt.milesplit.com/meets/370197-mountain-west-classic-2019/results/670246/formatted/,2,Hellgate High School,https://mt.milesplit.com/teams/8120-hellgate-high-school,94,4+9+10+30+41  (43+69),0:56 1-5 Split | 16:30 Avg
670246,https://mt.milesplit.com/meets/370197-mountain-west-classic-2019/results/670246/formatted/,3,Lewis And Clark High School,https://wa.milesplit.com/teams/6383-lewis-and-clark-high-school,149,1+16+25+47+60  (61+79),1:44 1-5 Split | 16:38 Avg
670246,https://mt.milesplit.com/meets/370197-mountain-west-classic-2019/results/670246/formatted/,4,Central Valley Senior High School,https://wa.milesplit.com/teams/6686-central-valley-senior-high-school,154,6+19+26+39+64  (105+147),1:15 1-5 Split | 16:46 Avg
670246,https://mt.milesplit.com/meets/370197-mountain-west-classic-2019/results/670246/formatted/,5,Gonzaga Preparatory School,https://wa.milesplit.com/teams/6498-gonzaga-preparatory-school,167,2+20+31+55+59  (62),1:23 1-5 Split | 16:48 Avg
670246,https://mt.milesplit.com/meets/370197-mountain-west-classic-2019/results/670246/formatted/,6,Sentinel High School,https://mt.milesplit.com/teams/8121-sentinel-high-school,257,23+33+56+67+78  (103+108),1:00 1-5 Split | 17:10 Avg
670246,https://mt.milesplit.com/meets/370197-mountain-west-classic-2019/results/670246/formatted/,7,Helena High School,https://mt.milesplit.com/teams/8102-helena-high-school,276,29+35+42+82+88  (126+188),0:59 1-5 Split | 17:14 Avg
670246,https://mt.milesplit.com/meets/370197-mountain-west-classic-2019/results/670246/formatted/,8,Billings Sr High School,https://mt.milesplit.com/teams/8192-billings-sr-high-school,317,8+15+27+72+195  (248+268),2:31 1-5 Split | 17:09 Avg
670246,https://mt.milesplit.com/meets/370197-mountain-west-classic-2019/results/670246/formatted/,9,Glacier High School,https://mt.milesplit.com/teams/21452-glacier-high-school,342,3+45+97+98+99  (110+175),1:52 1-5 Split | 17:24 Avg
670246,https://mt.milesplit.com/meets/370197-mountain-west-classic-2019/results/670246/formatted/,10,Fergus High School,https://mt.milesplit.com/teams/8063-fergus-high-school,363,5+73+91+94+100  (177+215),1:48 1-5 Split | 17:29 Avg
670246,https://mt.milesplit.com/meets/370197-mountain-west-classic-2019/results/670246/formatted/,11,Columbia Falls High Schl,https://mt.milesplit.com/teams/8070-columbia-falls-high-schl,381,37+58+76+86+124  (183+227),1:12 1-5 Split | 17:32 Avg
670246,https://mt.milesplit.com/meets/370197-mountain-west-classic-2019/results/670246/formatted/,12,Century High School,https://id.milesplit.com/teams/8217-century-high-school,394,14+44+52+141+143  (173+182),1:55 1-5 Split | 17:28 Avg
670246,https://mt.milesplit.com/meets/370197-mountain-west-classic-2019/results/670246/formatted/,13,Billings West High School,https://mt.milesplit.com/teams/8193-billings-west-high-school,396,13+65+90+95+133  (134),1:50 1-5 Split | 17:33 Avg
670246,https://mt.milesplit.com/meets/370197-mountain-west-classic-2019/results/670246/formatted/,14,Hardin High School,https://mt.milesplit.com/teams/8028-hardin-high-school,415,36+80+85+92+122  (140+148),1:11 1-5 Split | 17:40 Avg
670246,https://mt.milesplit.com/meets/370197-mountain-west-classic-2019/results/670246/formatted/,15,Corvallis High School,https://mt.milesplit.com/teams/8142-corvallis-high-school,437,40+71+102+104+120  (131+149),1:07 1-5 Split | 17:42 Avg
670246,https://mt.milesplit.com/meets/370197-mountain-west-classic-2019/results/670246/formatted/,16,Ferris High School,https://wa.milesplit.com/teams/6385-ferris-high-school,459,21+96+112+114+116  (125),1:28 1-5 Split | 17:44 Avg
670246,https://mt.milesplit.com/meets/370197-mountain-west-classic-2019/results/670246/formatted/,17,Lincoln Co High School,https://mt.milesplit.com/teams/8110-lincoln-co-high-school,553,48+50+123+151+181  (214+224),1:31 1-5 Split | 17:54 Avg
670246,https://mt.milesplit.com/meets/370197-mountain-west-classic-2019/results/670246/formatted/,18,Manhattan Christian,https://mt.milesplit.com/teams/27092-manhattan-christian,568,28+77+109+118+236  (239+260),2:34 1-5 Split | 17:58 Avg
670246,https://mt.milesplit.com/meets/370197-mountain-west-classic-2019/results/670246/formatted/,19,Charles M. Russell High School,https://mt.milesplit.com/teams/8043-charles-m-russell-high-school,591,34+87+135+164+171,1:39 1-5 Split | 17:59 Avg
670246,https://mt.milesplit.com/meets/370197-mountain-west-classic-2019/results/670246/formatted/,20,Great Falls High School,https://mt.milesplit.com/teams/8042-great-falls-high-school,598,54+113+115+142+174  (228+229),1:20 1-5 Split | 18:03 Avg
670246,https://mt.milesplit.com/meets/370197-mountain-west-classic-2019/results/670246/formatted/,21,Skyview High School,https://mt.milesplit.com/teams/8194-skyview-high-school,626,66+68+159+166+167  (205+241),1:05 1-5 Split | 18:04 Avg
670246,https://mt.milesplit.com/meets/370197-mountain-west-classic-2019/results/670246/formatted/,22,Hamilton High School,https://mt.milesplit.com/teams/8144-hamilton-high-school,629,46+117+130+150+186  (199+231),1:34 1-5 Split | 18:06 Avg
670246,https://mt.milesplit.com/meets/370197-mountain-west-classic-2019/results/670246/formatted/,23,Capital High School,https://mt.milesplit.com/teams/8103-capital-high-school,634,38+81+145+161+209  (222+226),1:58 1-5 Split | 18:04 Avg
670246,https://mt.milesplit.com/meets/370197-mountain-west-classic-2019/results/670246/formatted/,24,Post Falls High School,https://id.milesplit.com/teams/8284-post-falls-high-school,635,107+121+132+136+139  (189+237),0:14 1-5 Split | 18:10 Avg
670246,https://mt.milesplit.com/meets/370197-mountain-west-classic-2019/results/670246/formatted/,25,Park High School,https://mt.milesplit.com/teams/8127-park-high-school,723,75+111+157+160+220  (238+294),1:26 1-5 Split | 18:18 Avg
670246,https://mt.milesplit.com/meets/370197-mountain-west-classic-2019/results/670246/formatted/,26,East Valley High School,https://wa.milesplit.com/teams/6387-east-valley-high-school,748,127+128+137+169+187  (192),0:32 1-5 Split | 18:22 Avg
670246,https://mt.milesplit.com/meets/370197-mountain-west-classic-2019/results/670246/formatted/,27,Flathead High School,https://mt.milesplit.com/teams/8069-flathead-high-school,839,49+163+193+211+223  (266),1:55 1-5 Split | 18:29 Avg
670246,https://mt.milesplit.com/meets/370197-mountain-west-classic-2019/results/670246/formatted/,28,Lake City High School,https://id.milesplit.com/teams/8281-lake-city-high-school,842,51+93+196+221+281  (295+344),3:03 1-5 Split | 18:38 Avg
670246,https://mt.milesplit.com/meets/370197-mountain-west-classic-2019/results/670246/formatted/,29,Shadle Park High School,https://wa.milesplit.com/teams/6695-shadle-park-high-school,861,84+146+180+218+233  (257),1:32 1-5 Split | 18:36 Avg
670246,https://mt.milesplit.com/meets/370197-mountain-west-classic-2019/results/670246/formatted/,30,Whitefish High School,https://mt.milesplit.com/teams/8072-whitefish-high-school,861,89+153+201+206+212  (258),1:09 1-5 Split | 18:35 Avg
670246,https://mt.milesplit.com/meets/370197-mountain-west-classic-2019/results/670246/formatted/,31,Laurel High School,https://mt.milesplit.com/teams/8195-laurel-high-school,891,70+170+184+225+242  (246+280),1:53 1-5 Split | 18:38 Avg
670246,https://mt.milesplit.com/meets/370197-mountain-west-classic-2019/results/670246/formatted/,32,Belgrade High School,https://mt.milesplit.com/teams/8077-belgrade-high-school,919,63+106+217+263+270  (271+312),2:32 1-5 Split | 18:50 Avg
670246,https://mt.milesplit.com/meets/370197-mountain-west-classic-2019/results/670246/formatted/,33,Manhattan High School,https://mt.milesplit.com/teams/8073-manhattan-high-school,926,101+155+200+230+240  (244+254),1:24 1-5 Split | 18:45 Avg
670246,https://mt.milesplit.com/meets/370197-mountain-west-classic-2019/results/670246/formatted/,34,Frenchtown High School,https://mt.milesplit.com/teams/8124-frenchtown-high-school,947,32+152+154+302+307,4:08 1-5 Split | 19:04 Avg
670246,https://mt.milesplit.com/meets/370197-mountain-west-classic-2019/results/670246/formatted/,35,Hillcrest High School,https://id.milesplit.com/teams/8240-hillcrest-high-school,949,74+83+253+264+275  (278+289),2:29 1-5 Split | 18:55 Avg
670246,https://mt.milesplit.com/meets/370197-mountain-west-classic-2019/results/670246/formatted/,36,Billings Central Catholic High School,https://mt.milesplit.com/teams/21445-billings-central-catholic-high-school,990,24+165+245+277+279  (291+301),3:26 1-5 Split | 18:57 Avg
670246,https://mt.milesplit.com/meets/370197-mountain-west-classic-2019/results/670246/formatted/,37,Browning High School,https://mt.milesplit.com/teams/8080-browning-high-school,1004,129+178+202+207+288  (293+319),2:09 1-5 Split | 18:59 Avg
670246,https://mt.milesplit.com/meets/370197-mountain-west-classic-2019/results/670246/formatted/,38,Broadwater High School,https://mt.milesplit.com/teams/8034-broadwater-high-school,1010,138+191+213+216+252  (306+317),1:17 1-5 Split | 18:54 Avg
670246,https://mt.milesplit.com/meets/370197-mountain-west-classic-2019/results/670246/formatted/,39,Big Sky High School,https://mt.milesplit.com/teams/8123-big-sky-high-school,1013,158+176+194+235+250  (287+290),1:05 1-5 Split | 18:56 Avg
670246,https://mt.milesplit.com/meets/370197-mountain-west-classic-2019/results/670246/formatted/,40,Red Lodge High School,https://mt.milesplit.com/teams/8035-red-lodge-high-school,1066,53+198+261+272+282  (336),3:01 1-5 Split | 19:12 Avg
670246,https://mt.milesplit.com/meets/370197-mountain-west-classic-2019/results/670246/formatted/,41,Polson High School,https://mt.milesplit.com/teams/8098-polson-high-school,1093,185+197+210+234+267  (286),1:12 1-5 Split | 19:07 Avg
670246,https://mt.milesplit.com/meets/370197-mountain-west-classic-2019/results/670246/formatted/,42,Butte High School,https://mt.milesplit.com/teams/8170-butte-high-school,1213,204+219+259+262+269  (276+327),1:04 1-5 Split | 19:27 Avg
670246,https://mt.milesplit.com/meets/370197-mountain-west-classic-2019/results/670246/formatted/,43,Deer Park High School,https://wa.milesplit.com/teams/6690-deer-park-high-school,1230,168+243+251+283+285  (305),1:44 1-5 Split | 19:36 Avg
670246,https://mt.milesplit.com/meets/370197-mountain-west-classic-2019/results/670246/formatted/,44,Bigfork High School,https://mt.milesplit.com/teams/8071-bigfork-high-school,1257,179+203+273+274+328,3:48 1-5 Split | 20:00 Avg
670246,https://mt.milesplit.com/meets/370197-mountain-west-classic-2019/results/670246/formatted/,45,Lakeland High School,https://id.milesplit.com/teams/8282-lakeland-high-school,1269,190+208+249+308+314  (316+321),2:47 1-5 Split | 19:57 Avg
670246,https://mt.milesplit.com/meets/370197-mountain-west-classic-2019/results/670246/formatted/,46,St Ignatius High School,https://mt.milesplit.com/teams/8099-st-ignatius-high-school,1283,162+247+256+296+322  (324+330),3:19 1-5 Split | 19:59 Avg
670246,https://mt.milesplit.com/meets/370197-mountain-west-classic-2019/results/670246/formatted/,47,Libby High School,https://mt.milesplit.com/teams/8109-libby-high-school,1328,119+265+309+315+320  (329),3:37 1-5 Split | 20:29 Avg
670246,https://mt.milesplit.com/meets/370197-mountain-west-classic-2019/results/670246/formatted/,48,Powell County High School,https://mt.milesplit.com/teams/8140-powell-county-high-school,1379,144+284+300+310+341  (345),9:37 1-5 Split | 21:43 Avg
670246,https://mt.milesplit.com/meets/370197-mountain-west-classic-2019/results/670246/formatted/,49,Stevensville High School,https://mt.milesplit.com/teams/8143-stevensville-high-school,1414,156+304+311+318+325  (334),3:36 1-5 Split | 20:51 Avg
670246,https://mt.milesplit.com/meets/370197-mountain-west-classic-2019/results/670246/formatted/,50,Anaconda High School,https://mt.milesplit.com/teams/8060-anaconda-high-school,1431,172+299+303+326+331  (342),4:43 1-5 Split | 21:03 Avg
670246,https://mt.milesplit.com/meets/370197-mountain-west-classic-2019/results/670246/formatted/,51,Three Forks High School,https://mt.milesplit.com/teams/8076-three-forks-high-school,1458,232+292+298+313+323  (332+340),2:41 1-5 Split | 20:45 Avg
670246,https://mt.milesplit.com/meets/370197-mountain-west-classic-2019/results/670246/formatted/,52,Arlee High School,https://mt.milesplit.com/teams/8097-arlee-high-school,1558,255+297+333+335+338,6:21 1-5 Split | 22:46 Avg
670246,https://mt.milesplit.com/meets/370197-mountain-west-classic-2019/results/670246/formatted/,53,Two Eagle River School,https://mt.milesplit.com/teams/29833-two-eagle-river-school,1712,337+339+343+346+347  (348),14:50 1-5 Split | 31:34 Avg
670246,https://mt.milesplit.com/meets/370197-mountain-west-classic-2019/results/670246/formatted/,1,Bozeman High School,https://mt.milesplit.com/teams/8074-bozeman-high-school,40,4+7+8+10+11  (14),0:28 1-5 Split | 19:02 Avg
670246,https://mt.milesplit.com/meets/370197-mountain-west-classic-2019/results/670246/formatted/,2,Hellgate High School,https://mt.milesplit.com/teams/8120-hellgate-high-school,78,3+5+19+23+28  (58+114),1:29 1-5 Split | 19:30 Avg
670246,https://mt.milesplit.com/meets/370197-mountain-west-classic-2019/results/670246/formatted/,3,Post Falls High School,https://id.milesplit.com/teams/8284-post-falls-high-school,125,6+9+15+44+51  (80+91),1:42 1-5 Split | 19:44 Avg
670246,https://mt.milesplit.com/meets/370197-mountain-west-classic-2019/results/670246/formatted/,4,Lewis And Clark High School,https://wa.milesplit.com/teams/6383-lewis-and-clark-high-school,127,16+17+26+30+38  (45+60),0:34 1-5 Split | 20:06 Avg
670246,https://mt.milesplit.com/meets/370197-mountain-west-classic-2019/results/670246/formatted/,5,Helena High School,https://mt.milesplit.com/teams/8102-helena-high-school,138,1+22+24+37+54  (81+122),2:32 1-5 Split | 19:50 Avg
670246,https://mt.milesplit.com/meets/370197-mountain-west-classic-2019/results/670246/formatted/,6,Central Valley Senior High School,https://wa.milesplit.com/teams/6686-central-valley-senior-high-school,197,20+33+47+48+49  (96),0:40 1-5 Split | 20:23 Avg
670246,https://mt.milesplit.com/meets/370197-mountain-west-classic-2019/results/670246/formatted/,7,Flathead High School,https://mt.milesplit.com/teams/8069-flathead-high-school,246,29+42+55+59+61  (86+130),0:33 1-5 Split | 20:33 Avg
670246,https://mt.milesplit.com/meets/370197-mountain-west-classic-2019/results/670246/formatted/,8,Sentinel High School,https://mt.milesplit.com/teams/8121-sentinel-high-school,277,21+32+72+75+77  (92+124),1:04 1-5 Split | 20:39 Avg
670246,https://mt.milesplit.com/meets/370197-mountain-west-classic-2019/results/670246/formatted/,9,Billings West High School,https://mt.milesplit.com/teams/8193-billings-west-high-school,327,13+40+87+89+98  (100+123),2:05 1-5 Split | 20:46 Avg
670246,https://mt.milesplit.com/meets/370197-mountain-west-classic-2019/results/670246/formatted/,10,Ferris High School,https://wa.milesplit.com/teams/6385-ferris-high-school,348,18+35+88+101+106  (168+177),1:42 1-5 Split | 20:57 Avg
670246,https://mt.milesplit.com/meets/370197-mountain-west-classic-2019/results/670246/formatted/,11,Hardin High School,https://mt.milesplit.com/teams/8028-hardin-high-school,373,31+76+83+84+99  (108+138),1:16 1-5 Split | 21:02 Avg
670246,https://mt.milesplit.com/meets/370197-mountain-west-classic-2019/results/670246/formatted/,12,Deer Park High School,https://wa.milesplit.com/teams/6690-deer-park-high-school,438,52+69+85+93+139  (203+241),1:38 1-5 Split | 21:17 Avg
670246,https://mt.milesplit.com/meets/370197-mountain-west-classic-2019/results/670246/formatted/,13,Manhattan High School,https://mt.milesplit.com/teams/8073-manhattan-high-school,445,46+65+79+119+136  (145+162),1:43 1-5 Split | 21:18 Avg
670246,https://mt.milesplit.com/meets/370197-mountain-west-classic-2019/results/670246/formatted/,14,Capital High School,https://mt.milesplit.com/teams/8103-capital-high-school,457,53+62+74+133+135  (164),1:31 1-5 Split | 21:23 Avg
670246,https://mt.milesplit.com/meets/370197-mountain-west-classic-2019/results/670246/formatted/,15,Whitefish High School,https://mt.milesplit.com/teams/8072-whitefish-high-school,459,50+71+97+115+126,1:26 1-5 Split | 21:21 Avg
670246,https://mt.milesplit.com/meets/370197-mountain-west-classic-2019/results/670246/formatted/,16,Laurel High School,https://mt.milesplit.com/teams/8195-laurel-high-school,480,63+67+78+118+154  (157+181),1:49 1-5 Split | 21:26 Avg
670246,https://mt.milesplit.com/meets/370197-mountain-west-classic-2019/results/670246/formatted/,17,Lake City High School,https://id.milesplit.com/teams/8281-lake-city-high-school,524,25+34+68+186+211  (245+266),3:38 1-5 Split | 21:38 Avg
670246,https://mt.milesplit.com/meets/370197-mountain-west-classic-2019/results/670246/formatted/,18,Columbia Falls High Schl,https://mt.milesplit.com/teams/8070-columbia-falls-high-schl,542,39+73+125+147+158  (171+172),2:16 1-5 Split | 21:43 Avg
670246,https://mt.milesplit.com/meets/370197-mountain-west-classic-2019/results/670246/formatted/,19,Gonzaga Preparatory School,https://wa.milesplit.com/teams/6498-gonzaga-preparatory-school,572,36+120+132+140+144  (149+179),1:59 1-5 Split | 21:48 Avg
670246,https://mt.milesplit.com/meets/370197-mountain-west-classic-2019/results/670246/formatted/,20,Corvallis High School,https://mt.milesplit.com/teams/8142-corvallis-high-school,585,64+110+117+146+148,1:37 1-5 Split | 21:49 Avg
670246,https://mt.milesplit.com/meets/370197-mountain-west-classic-2019/results/670246/formatted/,21,Billings Sr High School,https://mt.milesplit.com/teams/8192-billings-sr-high-school,602,2+111+143+155+191  (223),4:47 1-5 Split | 21:43 Avg
670246,https://mt.milesplit.com/meets/370197-mountain-west-classic-2019/results/670246/formatted/,22,Charles M. Russell High School,https://mt.milesplit.com/teams/8043-charles-m-russell-high-school,623,27+121+152+160+163,2:42 1-5 Split | 22:02 Avg
670246,https://mt.milesplit.com/meets/370197-mountain-west-classic-2019/results/670246/formatted/,23,Century High School,https://id.milesplit.com/teams/8217-century-high-school,627,43+56+112+194+222  (225+243),3:47 1-5 Split | 22:07 Avg
670246,https://mt.milesplit.com/meets/370197-mountain-west-classic-2019/results/670246/formatted/,24,Skyview High School,https://mt.milesplit.com/teams/8194-skyview-high-school,710,109+131+134+166+170,1:17 1-5 Split | 22:22 Avg
670246,https://mt.milesplit.com/meets/370197-mountain-west-classic-2019/results/670246/formatted/,25,Hamilton High School,https://mt.milesplit.com/teams/8144-hamilton-high-school,715,12+105+174+205+219  (246),4:47 1-5 Split | 22:20 Avg
670246,https://mt.milesplit.com/meets/370197-mountain-west-classic-2019/results/670246/formatted/,26,Red Lodge High School,https://mt.milesplit.com/teams/8035-red-lodge-high-school,716,57+104+153+187+215  (217+257),3:09 1-5 Split | 22:24 Avg
670246,https://mt.milesplit.com/meets/370197-mountain-west-classic-2019/results/670246/formatted/,27,Beaverhead Co High School,https://mt.milesplit.com/teams/8025-beaverhead-co-high-school,723,41+95+176+185+226  (240+251),4:09 1-5 Split | 22:32 Avg
670246,https://mt.milesplit.com/meets/370197-mountain-west-classic-2019/results/670246/formatted/,28,Frenchtown High School,https://mt.milesplit.com/teams/8124-frenchtown-high-school,729,94+129+151+173+182  (189+212),1:43 1-5 Split | 22:26 Avg
670246,https://mt.milesplit.com/meets/370197-mountain-west-classic-2019/results/670246/formatted/,29,Glacier High School,https://mt.milesplit.com/teams/21452-glacier-high-school,741,90+127+142+183+199  (210),2:08 1-5 Split | 22:28 Avg
670246,https://mt.milesplit.com/meets/370197-mountain-west-classic-2019/results/670246/formatted/,30,Fergus High School,https://mt.milesplit.com/teams/8063-fergus-high-school,746,82+150+161+169+184  (202+235),1:56 1-5 Split | 22:32 Avg
670246,https://mt.milesplit.com/meets/370197-mountain-west-classic-2019/results/670246/formatted/,31,Big Sky High School,https://mt.milesplit.com/teams/8123-big-sky-high-school,852,66+156+165+218+247  (249+261),4:30 1-5 Split | 23:09 Avg
670246,https://mt.milesplit.com/meets/370197-mountain-west-classic-2019/results/670246/formatted/,32,Park High School,https://mt.milesplit.com/teams/8127-park-high-school,861,70+103+195+231+262  (276),5:16 1-5 Split | 23:23 Avg
670246,https://mt.milesplit.com/meets/370197-mountain-west-classic-2019/results/670246/formatted/,33,Browning High School,https://mt.milesplit.com/teams/8080-browning-high-school,873,107+113+190+224+239  (244+253),3:24 1-5 Split | 23:13 Avg
670246,https://mt.milesplit.com/meets/370197-mountain-west-classic-2019/results/670246/formatted/,34,Hillcrest High School,https://id.milesplit.com/teams/8240-hillcrest-high-school,882,102+116+201+221+242  (260+263),3:32 1-5 Split | 23:14 Avg
670246,https://mt.milesplit.com/meets/370197-mountain-west-classic-2019/results/670246/formatted/,35,Belgrade High School,https://mt.milesplit.com/teams/8077-belgrade-high-school,979,137+193+198+214+237  (252+254),2:41 1-5 Split | 23:34 Avg
670246,https://mt.milesplit.com/meets/370197-mountain-west-classic-2019/results/670246/formatted/,36,Great Falls High School,https://mt.milesplit.com/teams/8042-great-falls-high-school,1004,178+188+192+216+230  (234),1:37 1-5 Split | 23:39 Avg
670246,https://mt.milesplit.com/meets/370197-mountain-west-classic-2019/results/670246/formatted/,37,Ronan High School,https://mt.milesplit.com/teams/8100-ronan-high-school,1049,141+207+232+233+236  (248),2:35 1-5 Split | 24:03 Avg
670246,https://mt.milesplit.com/meets/370197-mountain-west-classic-2019/results/670246/formatted/,38,Thompson Falls High Schl,https://mt.milesplit.com/teams/8163-thompson-falls-high-schl,1060,128+175+228+264+265  (271+275),4:27 1-5 Split | 24:32 Avg
670246,https://mt.milesplit.com/meets/370197-mountain-west-classic-2019/results/670246/formatted/,39,Lincoln Co High School,https://mt.milesplit.com/teams/8110-lincoln-co-high-school,1063,159+196+220+238+250  (258+269),2:46 1-5 Split | 24:09 Avg
670246,https://mt.milesplit.com/meets/370197-mountain-west-classic-2019/results/670246/formatted/,40,Bigfork High School,https://mt.milesplit.com/teams/8071-bigfork-high-school,1064,180+200+208+209+267  (268),3:52 1-5 Split | 24:10 Avg
670246,https://mt.milesplit.com/meets/370197-mountain-west-classic-2019/results/670246/formatted/,41,East Valley High School,https://wa.milesplit.com/teams/6387-east-valley-high-school,1072,167+206+213+227+259,2:59 1-5 Split | 24:09 Avg
670246,https://mt.milesplit.com/meets/370197-mountain-west-classic-2019/results/670246/formatted/,42,Billings Central Catholic High School,https://mt.milesplit.com/teams/21445-billings-central-catholic-high-school,1207,197+204+256+272+278,11:18 1-5 Split | 27:08 Avg
670246,https://mt.milesplit.com/meets/370197-mountain-west-classic-2019/results/670246/formatted/,43,Powell County High School,https://mt.milesplit.com/teams/8140-powell-county-high-school,1301,229+255+270+273+274  (277),3:56 1-5 Split | 27:00 Avg
471336,https://wa.milesplit.com/meets/253019-gnl-league-meet-wv-vs-ev-2016/results/471336/formatted/,1,East Valley High School,https://wa.milesplit.com/teams/6387-east-valley-high-school,26,2+3+4+5+12  (13+14),1:23 1-5 Split | 20:48 Avg
471336,https://wa.milesplit.com/meets/253019-gnl-league-meet-wv-vs-ev-2016/results/471336/formatted/,2,West Valley High School,https://wa.milesplit.com/teams/6386-west-valley-high-school,31,1+6+7+8+9  (10+11),2:13 1-5 Split | 20:31 Avg
471335,https://wa.milesplit.com/meets/253019-gnl-league-meet-wv-vs-ev-2016/results/471335/formatted/,1,West Valley High School,https://wa.milesplit.com/teams/6386-west-valley-high-school,18,1+2+3+5+7  (8+12),2:09 1-5 Split | 17:26 Avg
471335,https://wa.milesplit.com/meets/253019-gnl-league-meet-wv-vs-ev-2016/results/471335/formatted/,2,East Valley High School,https://wa.milesplit.com/teams/6387-east-valley-high-school,40,4+6+9+10+11  (13+14),1:47 1-5 Split | 18:39 Avg
471337,https://wa.milesplit.com/meets/253019-gnl-league-meet-wv-vs-ev-2016/results/471337/formatted/,1,West Valley High School,https://wa.milesplit.com/teams/6386-west-valley-high-school,15,1+2+3+4+5  (9),2:15 1-5 Split | 23:02 Avg
471337,https://wa.milesplit.com/meets/253019-gnl-league-meet-wv-vs-ev-2016/results/471337/formatted/,2,East Valley High School,https://wa.milesplit.com/teams/6387-east-valley-high-school,42,6+7+8+10+11  (12+13),6:43 1-5 Split | 27:42 Avg
471279,https://wa.milesplit.com/meets/253009-ol-port-townsend-sequim-olympic-2016/results/471279/formatted/,1,Port Townsend Senior High School,https://wa.milesplit.com/teams/6554-port-townsend-senior-high-school,27,1+5+6+7+8  (11+12),1:09 1-5 Split | 19:28 Avg
471279,https://wa.milesplit.com/meets/253009-ol-port-townsend-sequim-olympic-2016/results/471279/formatted/,2,Sequim High School,https://wa.milesplit.com/teams/6349-sequim-high-school,28,2+3+4+9+10  (13+14),1:07 1-5 Split | 19:38 Avg
471280,https://wa.milesplit.com/meets/253009-ol-port-townsend-sequim-olympic-2016/results/471280/formatted/,1,Sequim High School,https://wa.milesplit.com/teams/6349-sequim-high-school,31,1+2+4+8+16  (17),2:57 1-5 Split | 17:16 Avg
471280,https://wa.milesplit.com/meets/253009-ol-port-townsend-sequim-olympic-2016/results/471280/formatted/,2,Port Townsend Senior High School,https://wa.milesplit.com/teams/6554-port-townsend-senior-high-school,34,3+5+6+9+11  (13+18),1:10 1-5 Split | 17:43 Avg
471280,https://wa.milesplit.com/meets/253009-ol-port-townsend-sequim-olympic-2016/results/471280/formatted/,3,Olympic High School,https://wa.milesplit.com/teams/6596-olympic-high-school,58,7+10+12+14+15,0:52 1-5 Split | 18:25 Avg
471282,https://wa.milesplit.com/meets/253009-ol-port-townsend-sequim-olympic-2016/results/471282/formatted/,1,Sequim High School,https://wa.milesplit.com/teams/6349-sequim-high-school,15,1+2+3+4+5  (8+10),3:38 1-5 Split | 20:59 Avg
471282,https://wa.milesplit.com/meets/253009-ol-port-townsend-sequim-olympic-2016/results/471282/formatted/,2,Olympic High School,https://wa.milesplit.com/teams/6596-olympic-high-school,45,6+7+9+11+12  (13+14),4:47 1-5 Split | 24:57 Avg
412260,https://wa.milesplit.com/meets/222658-district-4-1a2a-championships-2015/results/412260/formatted/,1,Forks High School,https://wa.milesplit.com/teams/6314-forks-high-school,73,2+11+15+19+26  (33),1:46 1-5 Split | 18:17 Avg
412260,https://wa.milesplit.com/meets/222658-district-4-1a2a-championships-2015/results/412260/formatted/,2,White Salmon HS,https://wa.milesplit.com/teams/29239-white-salmon-hs,88,5+17+18+23+25  (28+30),1:21 1-5 Split | 18:30 Avg
412260,https://wa.milesplit.com/meets/222658-district-4-1a2a-championships-2015/results/412260/formatted/,3,La Center High School,https://wa.milesplit.com/teams/6524-la-center-high-school,95,4+13+20+22+36  (47),1:40 1-5 Split | 18:30 Avg
412260,https://wa.milesplit.com/meets/222658-district-4-1a2a-championships-2015/results/412260/formatted/,4,Elma High School,https://wa.milesplit.com/teams/6546-elma-high-school,115,3+9+14+38+51  (74+79),2:17 1-5 Split | 18:32 Avg
412260,https://wa.milesplit.com/meets/222658-district-4-1a2a-championships-2015/results/412260/formatted/,5,Montesano Junior Senior High School,https://wa.milesplit.com/teams/6547-montesano-junior-senior-high-school,127,10+12+21+27+57  (67+72),1:59 1-5 Split | 18:46 Avg
412260,https://wa.milesplit.com/meets/222658-district-4-1a2a-championships-2015/results/412260/formatted/,6,Eatonville High School,https://wa.milesplit.com/teams/6642-eatonville-high-school,136,7+16+34+37+42  (65+66),1:42 1-5 Split | 18:45 Avg
412260,https://wa.milesplit.com/meets/222658-district-4-1a2a-championships-2015/results/412260/formatted/,7,Kalama Middle High School,https://wa.milesplit.com/teams/6417-kalama-middle-high-school,187,1+39+46+48+53  (68+88),2:58 1-5 Split | 18:57 Avg
412260,https://wa.milesplit.com/meets/222658-district-4-1a2a-championships-2015/results/412260/formatted/,8,Tenino High School,https://wa.milesplit.com/teams/6710-tenino-high-school,201,24+29+41+52+55  (62+69),1:02 1-5 Split | 19:21 Avg
412260,https://wa.milesplit.com/meets/222658-district-4-1a2a-championships-2015/results/412260/formatted/,9,Seton Catholic,https://wa.milesplit.com/teams/29237-seton-catholic,204,8+31+32+58+75  (77+85),3:23 1-5 Split | 19:25 Avg
412260,https://wa.milesplit.com/meets/222658-district-4-1a2a-championships-2015/results/412260/formatted/,10,Stevenson High School,https://wa.milesplit.com/teams/6668-stevenson-high-school,220,6+45+49+59+61  (63+73),2:40 1-5 Split | 19:24 Avg
412260,https://wa.milesplit.com/meets/222658-district-4-1a2a-championships-2015/results/412260/formatted/,11,Castle Rock High School,https://wa.milesplit.com/teams/6397-castle-rock-high-school,268,40+44+50+64+70  (81+87),1:40 1-5 Split | 19:58 Avg
412260,https://wa.milesplit.com/meets/222658-district-4-1a2a-championships-2015/results/412260/formatted/,12,King's Way Christian,https://wa.milesplit.com/teams/29702-kings-way-christian,314,35+54+60+82+83  (84),2:47 1-5 Split | 20:34 Avg
412260,https://wa.milesplit.com/meets/222658-district-4-1a2a-championships-2015/results/412260/formatted/,13,Hoquiam High School,https://wa.milesplit.com/teams/6304-hoquiam-high-school,324,43+56+71+76+78  (80+86),2:09 1-5 Split | 20:38 Avg
412262,https://wa.milesplit.com/meets/222658-district-4-1a2a-championships-2015/results/412262/formatted/,1,La Center High School,https://wa.milesplit.com/teams/6524-la-center-high-school,53,1+6+11+16+19  (24+28),3:55 1-5 Split | 21:48 Avg
412262,https://wa.milesplit.com/meets/222658-district-4-1a2a-championships-2015/results/412262/formatted/,2,Eatonville High School,https://wa.milesplit.com/teams/6642-eatonville-high-school,55,3+5+12+17+18  (30+39),2:25 1-5 Split | 21:59 Avg
412262,https://wa.milesplit.com/meets/222658-district-4-1a2a-championships-2015/results/412262/formatted/,3,White Salmon HS,https://wa.milesplit.com/teams/29239-white-salmon-hs,85,2+13+15+21+34  (36+37),5:13 1-5 Split | 23:02 Avg
412262,https://wa.milesplit.com/meets/222658-district-4-1a2a-championships-2015/results/412262/formatted/,4,Seton Catholic,https://wa.milesplit.com/teams/29237-seton-catholic,112,9+10+25+33+35  (41),4:03 1-5 Split | 23:58 Avg
412262,https://wa.milesplit.com/meets/222658-district-4-1a2a-championships-2015/results/412262/formatted/,5,Kalama Middle High School,https://wa.milesplit.com/teams/6417-kalama-middle-high-school,114,14+22+23+26+29  (31),2:46 1-5 Split | 24:08 Avg
412262,https://wa.milesplit.com/meets/222658-district-4-1a2a-championships-2015/results/412262/formatted/,6,Forks High School,https://wa.milesplit.com/teams/6314-forks-high-school,117,7+8+27+32+43,11:30 1-5 Split | 25:20 Avg
412262,https://wa.milesplit.com/meets/222658-district-4-1a2a-championships-2015/results/412262/formatted/,7,Hoquiam High School,https://wa.milesplit.com/teams/6304-hoquiam-high-school,144,4+20+38+40+42,8:43 1-5 Split | 25:41 Avg
412261,https://wa.milesplit.com/meets/222658-district-4-1a2a-championships-2015/results/412261/formatted/,1,Ridgefield High School,https://wa.milesplit.com/teams/6525-ridgefield-high-school,64,1+5+17+20+21  (26+29),1:05 1-5 Split | 16:47 Avg
412261,https://wa.milesplit.com/meets/222658-district-4-1a2a-championships-2015/results/412261/formatted/,2,Tumwater High School,https://wa.milesplit.com/teams/6746-tumwater-high-school,82,6+7+14+23+32  (44+56),1:10 1-5 Split | 17:04 Avg
412261,https://wa.milesplit.com/meets/222658-district-4-1a2a-championships-2015/results/412261/formatted/,3,Mark Morris High School,https://wa.milesplit.com/teams/6530-mark-morris-high-school,96,2+8+12+24+50  (68+69),2:41 1-5 Split | 17:13 Avg
412261,https://wa.milesplit.com/meets/222658-district-4-1a2a-championships-2015/results/412261/formatted/,4,Hockinson,https://wa.milesplit.com/teams/7213-hockinson,106,11+13+19+30+33  (43+74),1:01 1-5 Split | 17:16 Avg
412261,https://wa.milesplit.com/meets/222658-district-4-1a2a-championships-2015/results/412261/formatted/,5,Washougal High School,https://wa.milesplit.com/teams/6287-washougal-high-school,128,10+15+28+34+41  (42+64),1:28 1-5 Split | 17:28 Avg
412261,https://wa.milesplit.com/meets/222658-district-4-1a2a-championships-2015/results/412261/formatted/,6,W F West High School,https://wa.milesplit.com/teams/6370-w-f-west-high-school,189,4+18+48+58+61  (65+81),2:58 1-5 Split | 18:10 Avg
412261,https://wa.milesplit.com/meets/222658-district-4-1a2a-championships-2015/results/412261/formatted/,7,A.G. West Black Hills High School,https://wa.milesplit.com/teams/6798-ag-west-black-hills-high-school,190,25+31+36+47+51  (55+63),1:28 1-5 Split | 18:10 Avg
412261,https://wa.milesplit.com/meets/222658-district-4-1a2a-championships-2015/results/412261/formatted/,8,Rochester High School,https://wa.milesplit.com/teams/6709-rochester-high-school,198,16+22+35+54+71  (77+78),2:43 1-5 Split | 18:14 Avg
412261,https://wa.milesplit.com/meets/222658-district-4-1a2a-championships-2015/results/412261/formatted/,9,R A Long High School,https://wa.milesplit.com/teams/6531-r-a-long-high-school,212,38+39+40+46+49  (52+53),0:48 1-5 Split | 18:20 Avg
412261,https://wa.milesplit.com/meets/222658-district-4-1a2a-championships-2015/results/412261/formatted/,10,Hudson's Bay High School,https://wa.milesplit.com/teams/6352-hudsons-bay-high-school,274,9+57+66+67+75  (82),3:23 1-5 Split | 18:57 Avg
412261,https://wa.milesplit.com/meets/222658-district-4-1a2a-championships-2015/results/412261/formatted/,11,Centralia High School,https://wa.milesplit.com/teams/6369-centralia-high-school,277,27+45+62+70+73  (83+85),2:22 1-5 Split | 18:57 Avg
412261,https://wa.milesplit.com/meets/222658-district-4-1a2a-championships-2015/results/412261/formatted/,12,Woodland High School,https://wa.milesplit.com/teams/6396-woodland-high-school,304,37+59+60+72+76  (79+84),2:03 1-5 Split | 19:18 Avg
412261,https://wa.milesplit.com/meets/222658-district-4-1a2a-championships-2015/results/412261/formatted/,13,Aberdeen High School,https://wa.milesplit.com/teams/6354-aberdeen-high-school,344,3+80+86+87+88  (89),6:07 1-5 Split | 20:31 Avg
412263,https://wa.milesplit.com/meets/222658-district-4-1a2a-championships-2015/results/412263/formatted/,1,Ridgefield High School,https://wa.milesplit.com/teams/6525-ridgefield-high-school,66,5+9+10+18+24  (42+47),2:05 1-5 Split | 21:05 Avg
412263,https://wa.milesplit.com/meets/222658-district-4-1a2a-championships-2015/results/412263/formatted/,2,Tumwater High School,https://wa.milesplit.com/teams/6746-tumwater-high-school,83,1+13+17+19+33  (56+58),3:48 1-5 Split | 21:22 Avg
412263,https://wa.milesplit.com/meets/222658-district-4-1a2a-championships-2015/results/412263/formatted/,3,Hockinson,https://wa.milesplit.com/teams/7213-hockinson,115,11+14+22+27+41  (43+61),2:33 1-5 Split | 22:03 Avg
412263,https://wa.milesplit.com/meets/222658-district-4-1a2a-championships-2015/results/412263/formatted/,4,A.G. West Black Hills High School,https://wa.milesplit.com/teams/6798-ag-west-black-hills-high-school,123,4+16+28+30+45  (50+63),3:57 1-5 Split | 22:09 Avg
412263,https://wa.milesplit.com/meets/222658-district-4-1a2a-championships-2015/results/412263/formatted/,5,Mark Morris High School,https://wa.milesplit.com/teams/6530-mark-morris-high-school,130,2+20+21+32+55  (68),5:37 1-5 Split | 22:11 Avg
412263,https://wa.milesplit.com/meets/222658-district-4-1a2a-championships-2015/results/412263/formatted/,6,Washougal High School,https://wa.milesplit.com/teams/6287-washougal-high-school,145,6+25+26+40+48  (53+69),4:02 1-5 Split | 22:32 Avg
412263,https://wa.milesplit.com/meets/222658-district-4-1a2a-championships-2015/results/412263/formatted/,7,R A Long High School,https://wa.milesplit.com/teams/6531-r-a-long-high-school,147,7+31+34+37+38  (60+64),2:56 1-5 Split | 22:39 Avg
412263,https://wa.milesplit.com/meets/222658-district-4-1a2a-championships-2015/results/412263/formatted/,8,Woodland High School,https://wa.milesplit.com/teams/6396-woodland-high-school,187,3+8+49+57+70  (72+73),9:03 1-5 Split | 23:45 Avg
412263,https://wa.milesplit.com/meets/222658-district-4-1a2a-championships-2015/results/412263/formatted/,9,Centralia High School,https://wa.milesplit.com/teams/6369-centralia-high-school,191,12+15+46+51+67,6:46 1-5 Split | 23:44 Avg
412263,https://wa.milesplit.com/meets/222658-district-4-1a2a-championships-2015/results/412263/formatted/,10,W F West High School,https://wa.milesplit.com/teams/6370-w-f-west-high-school,200,23+35+36+52+54  (59+62),3:01 1-5 Split | 23:37 Avg
412263,https://wa.milesplit.com/meets/222658-district-4-1a2a-championships-2015/results/412263/formatted/,11,Hudson's Bay High School,https://wa.milesplit.com/teams/6352-hudsons-bay-high-school,243,29+39+44+65+66  (71),5:10 1-5 Split | 25:02 Avg
602717,https://www.milesplit.com/meets/328827-wilbur-creston-jamboree-2018/results/602717/formatted/,1,Brewster Junior Senior High School,https://wa.milesplit.com/teams/6424-brewster-junior-senior-high-school,37,2+4+9+10+12  (16+17),0:58 1-5 Split | 12:06 Avg
602717,https://www.milesplit.com/meets/328827-wilbur-creston-jamboree-2018/results/602717/formatted/,2,Creston School,https://wa.milesplit.com/teams/6616-creston-school,39,3+6+7+8+15  (20),0:53 1-5 Split | 12:11 Avg
602717,https://www.milesplit.com/meets/328827-wilbur-creston-jamboree-2018/results/602717/formatted/,3,Republic School,https://wa.milesplit.com/teams/6263-republic-school,71,1+13+14+21+22,2:53 1-5 Split | 12:52 Avg
602717,https://www.milesplit.com/meets/328827-wilbur-creston-jamboree-2018/results/602717/formatted/,4,Valley Christian School,https://wa.milesplit.com/teams/6497-valley-christian-school,76,5+11+18+19+23,3:30 1-5 Split | 13:22 Avg
602717,https://www.milesplit.com/meets/328827-wilbur-creston-jamboree-2018/results/602717/formatted/,1,Republic School,https://wa.milesplit.com/teams/6263-republic-school,15,1+2+3+4+5  (6+7),5:06 1-5 Split | 16:17 Avg
481226,https://wa.milesplit.com/meets/246730-lake-washington-liberty-2016/results/481226/formatted/,1,Liberty-Issaquah,https://wa.milesplit.com/teams/23656-liberty-issaquah,17,1+2+3+4+7  (9+10),1:28 1-5 Split | 16:47 Avg
481226,https://wa.milesplit.com/meets/246730-lake-washington-liberty-2016/results/481226/formatted/,2,Lake Washington High School,https://wa.milesplit.com/teams/6566-lake-washington-high-school,42,5+6+8+11+12  (13+14),1:00 1-5 Split | 17:48 Avg
481227,https://wa.milesplit.com/meets/246730-lake-washington-liberty-2016/results/481227/formatted/,1,Liberty-Issaquah,https://wa.milesplit.com/teams/23656-liberty-issaquah,24,1+2+3+6+12  (13+14),2:03 1-5 Split | 19:35 Avg
481227,https://wa.milesplit.com/meets/246730-lake-washington-liberty-2016/results/481227/formatted/,2,Lake Washington High School,https://wa.milesplit.com/teams/6566-lake-washington-high-school,33,4+5+7+8+9  (10+11),1:13 1-5 Split | 20:11 Avg
481951,https://wa.milesplit.com/meets/246551-skagit-county-championships-2016/results/481951/formatted/,1,Burlington-Edison High School,https://wa.milesplit.com/teams/6663-burlington-edison-high-school,36,3+6+8+9+10  (14+15),0:39 1-5 Split | 18:00 Avg
481951,https://wa.milesplit.com/meets/246551-skagit-county-championships-2016/results/481951/formatted/,2,Anacortes High School,https://wa.milesplit.com/teams/6316-anacortes-high-school,50,1+2+4+21+22  (25+26),1:59 1-5 Split | 17:59 Avg
481951,https://wa.milesplit.com/meets/246551-skagit-county-championships-2016/results/481951/formatted/,3,Mount Vernon High School,https://wa.milesplit.com/teams/6666-mount-vernon-high-school,65,5+7+16+18+19  (20+23),0:53 1-5 Split | 18:25 Avg
481951,https://wa.milesplit.com/meets/246551-skagit-county-championships-2016/results/481951/formatted/,4,Sedro Woolley High School,https://wa.milesplit.com/teams/6667-sedro-woolley-high-school,104,12+13+24+27+28  (30+31),1:26 1-5 Split | 19:12 Avg
481951,https://wa.milesplit.com/meets/246551-skagit-county-championships-2016/results/481951/formatted/,5,Mount Vernon Christian School,https://wa.milesplit.com/teams/6313-mount-vernon-christian-school,122,11+17+29+32+33  (34+35),4:25 1-5 Split | 20:12 Avg
481952,https://wa.milesplit.com/meets/246551-skagit-county-championships-2016/results/481952/formatted/,1,Anacortes High School,https://wa.milesplit.com/teams/6316-anacortes-high-school,23,1+3+5+6+8  (26+27),1:17 1-5 Split | 20:44 Avg
481952,https://wa.milesplit.com/meets/246551-skagit-county-championships-2016/results/481952/formatted/,2,Mount Vernon High School,https://wa.milesplit.com/teams/6666-mount-vernon-high-school,42,2+4+7+14+15  (16+22),2:47 1-5 Split | 21:33 Avg
481952,https://wa.milesplit.com/meets/246551-skagit-county-championships-2016/results/481952/formatted/,3,Sedro Woolley High School,https://wa.milesplit.com/teams/6667-sedro-woolley-high-school,63,10+11+12+13+17  (19+28),1:28 1-5 Split | 22:17 Avg
481952,https://wa.milesplit.com/meets/246551-skagit-county-championships-2016/results/481952/formatted/,4,Burlington-Edison High School,https://wa.milesplit.com/teams/6663-burlington-edison-high-school,91,9+18+20+21+23  (24+25),2:47 1-5 Split | 23:25 Avg
613880,https://wa.milesplit.com/meets/332035-central-2b-league-adna-2018/results/613880/formatted/,1,Kalama Middle High School,https://wa.milesplit.com/teams/6417-kalama-middle-high-school,37,3+4+7+10+13  (14+15),1:30 1-5 Split | 18:01 Avg
613880,https://wa.milesplit.com/meets/332035-central-2b-league-adna-2018/results/613880/formatted/,2,Toledo High School,https://wa.milesplit.com/teams/6613-toledo-high-school,67,2+9+11+22+23  (24+25),3:52 1-5 Split | 18:47 Avg
613880,https://wa.milesplit.com/meets/332035-central-2b-league-adna-2018/results/613880/formatted/,3,White Pass Junior Senior High School,https://wa.milesplit.com/teams/6614-white-pass-junior-senior-high-school,72,5+8+12+21+26  (27+31),2:46 1-5 Split | 19:05 Avg
613880,https://wa.milesplit.com/meets/332035-central-2b-league-adna-2018/results/613880/formatted/,4,Adna High School,https://wa.milesplit.com/teams/6609-adna-high-school,89,6+16+19+20+28,3:00 1-5 Split | 19:32 Avg
613880,https://wa.milesplit.com/meets/332035-central-2b-league-adna-2018/results/613880/formatted/,5,Onalaska High School,https://wa.milesplit.com/teams/6395-onalaska-high-school,95,1+17+18+29+30,6:27 1-5 Split | 19:41 Avg
613880,https://wa.milesplit.com/meets/332035-central-2b-league-adna-2018/results/613880/formatted/,1,Adna High School,https://wa.milesplit.com/teams/6609-adna-high-school,34,1+4+8+9+12  (13),5:14 1-5 Split | 23:53 Avg
613880,https://wa.milesplit.com/meets/332035-central-2b-league-adna-2018/results/613880/formatted/,2,Toledo High School,https://wa.milesplit.com/teams/6613-toledo-high-school,35,2+5+7+10+11  (15),4:29 1-5 Split | 24:17 Avg
613880,https://wa.milesplit.com/meets/332035-central-2b-league-adna-2018/results/613880/formatted/,3,Kalama Middle High School,https://wa.milesplit.com/teams/6417-kalama-middle-high-school,56,3+6+14+16+17,11:15 1-5 Split | 28:24 Avg
475488,https://wa.milesplit.com/meets/253518-foss-and-washington-foster-2016/results/475488/formatted/,1,Foster High School,https://wa.milesplit.com/teams/6575-foster-high-school,27,2+3+6+7+9  (12+14),0:49 1-5 Split | 21:10 Avg
475488,https://wa.milesplit.com/meets/253518-foss-and-washington-foster-2016/results/475488/formatted/,2,Washington High School,https://wa.milesplit.com/teams/6644-washington-high-school,28,1+4+5+8+10  (11+13),1:26 1-5 Split | 21:05 Avg
475487,https://wa.milesplit.com/meets/253518-foss-and-washington-foster-2016/results/475487/formatted/,1,Washington High School,https://wa.milesplit.com/teams/6644-washington-high-school,23,1+4+5+6+7  (9+13),0:36 1-5 Split | 18:23 Avg
475487,https://wa.milesplit.com/meets/253518-foss-and-washington-foster-2016/results/475487/formatted/,2,Foster High School,https://wa.milesplit.com/teams/6575-foster-high-school,36,2+3+8+11+12,1:54 1-5 Split | 18:56 Avg
475487,https://wa.milesplit.com/meets/253518-foss-and-washington-foster-2016/results/475487/formatted/,3,Henry Foss High School,https://wa.milesplit.com/teams/6375-henry-foss-high-school,72,10+14+15+16+17,4:19 1-5 Split | 21:55 Avg
475489,https://wa.milesplit.com/meets/253518-foss-and-washington-foster-2016/results/475489/formatted/,1,Washington High School,https://wa.milesplit.com/teams/6644-washington-high-school,25,1+2+5+8+9  (11+16),4:51 1-5 Split | 23:17 Avg
475489,https://wa.milesplit.com/meets/253518-foss-and-washington-foster-2016/results/475489/formatted/,2,Foster High School,https://wa.milesplit.com/teams/6575-foster-high-school,44,3+4+10+13+14  (15+17),2:26 1-5 Split | 24:44 Avg
475489,https://wa.milesplit.com/meets/253518-foss-and-washington-foster-2016/results/475489/formatted/,3,Henry Foss High School,https://wa.milesplit.com/teams/6375-henry-foss-high-school,62,6+7+12+18+19,4:55 1-5 Split | 26:27 Avg
554659,https://wa.milesplit.com/meets/294328-gshl-3a-district-meet-2017/results/554659/formatted/,1,Prairie High School,https://wa.milesplit.com/teams/6350-prairie-high-school,15,1+2+3+4+5  (7+8),0:40 1-5 Split | 17:34 Avg
554659,https://wa.milesplit.com/meets/294328-gshl-3a-district-meet-2017/results/554659/formatted/,2,Kelso Senior High School,https://wa.milesplit.com/teams/6529-kelso-senior-high-school,56,6+9+10+15+16  (17+19),1:21 1-5 Split | 18:49 Avg
554659,https://wa.milesplit.com/meets/294328-gshl-3a-district-meet-2017/results/554659/formatted/,3,Hudson's Bay High School,https://wa.milesplit.com/teams/6352-hudsons-bay-high-school,68,11+12+13+14+18  (20+21),0:49 1-5 Split | 19:13 Avg
554659,https://wa.milesplit.com/meets/294328-gshl-3a-district-meet-2017/results/554659/formatted/,1,Kelso Senior High School,https://wa.milesplit.com/teams/6529-kelso-senior-high-school,15,1+2+3+4+5  (6+8),4:18 1-5 Split | 21:02 Avg
554659,https://wa.milesplit.com/meets/294328-gshl-3a-district-meet-2017/results/554659/formatted/,2,Mountain View High School,https://wa.milesplit.com/teams/6321-mountain-view-high-school,61,7+12+13+14+15  (20+21),1:29 1-5 Split | 23:42 Avg
554659,https://wa.milesplit.com/meets/294328-gshl-3a-district-meet-2017/results/554659/formatted/,3,Prairie High School,https://wa.milesplit.com/teams/6350-prairie-high-school,63,9+10+11+16+17  (18+19),1:22 1-5 Split | 23:47 Avg
554658,https://wa.milesplit.com/meets/294328-gshl-3a-district-meet-2017/results/554658/formatted/,1,Prairie High School,https://wa.milesplit.com/teams/6350-prairie-high-school,39,1+6+8+10+14  (15+17),1:31 1-5 Split | 16:36 Avg
554658,https://wa.milesplit.com/meets/294328-gshl-3a-district-meet-2017/results/554658/formatted/,2,Kelso Senior High School,https://wa.milesplit.com/teams/6529-kelso-senior-high-school,43,4+7+9+11+12  (16+21),0:35 1-5 Split | 16:41 Avg
554658,https://wa.milesplit.com/meets/294328-gshl-3a-district-meet-2017/results/554658/formatted/,3,Mountain View High School,https://wa.milesplit.com/teams/6321-mountain-view-high-school,79,3+13+18+19+26  (32+37),1:58 1-5 Split | 17:12 Avg
554658,https://wa.milesplit.com/meets/294328-gshl-3a-district-meet-2017/results/554658/formatted/,4,Hudson's Bay High School,https://wa.milesplit.com/teams/6352-hudsons-bay-high-school,101,5+20+24+25+27  (29+35),1:42 1-5 Split | 17:31 Avg
554658,https://wa.milesplit.com/meets/294328-gshl-3a-district-meet-2017/results/554658/formatted/,5,Fort Vancouver High School,https://wa.milesplit.com/teams/6351-fort-vancouver-high-school,106,2+22+23+28+31  (39+40),2:31 1-5 Split | 17:36 Avg
554658,https://wa.milesplit.com/meets/294328-gshl-3a-district-meet-2017/results/554658/formatted/,6,Evergreen High School,https://wa.milesplit.com/teams/6320-evergreen-high-school,171,30+33+34+36+38  (41+42),0:45 1-5 Split | 18:45 Avg
554658,https://wa.milesplit.com/meets/294328-gshl-3a-district-meet-2017/results/554658/formatted/,1,Kelso Senior High School,https://wa.milesplit.com/teams/6529-kelso-senior-high-school,41,4+7+9+10+11  (12+13),0:22 1-5 Split | 20:09 Avg
554658,https://wa.milesplit.com/meets/294328-gshl-3a-district-meet-2017/results/554658/formatted/,2,Prairie High School,https://wa.milesplit.com/teams/6350-prairie-high-school,64,1+6+15+20+22  (23+29),4:31 1-5 Split | 20:31 Avg
554658,https://wa.milesplit.com/meets/294328-gshl-3a-district-meet-2017/results/554658/formatted/,3,Fort Vancouver High School,https://wa.milesplit.com/teams/6351-fort-vancouver-high-school,77,2+3+18+19+35  (39),6:06 1-5 Split | 20:42 Avg
554658,https://wa.milesplit.com/meets/294328-gshl-3a-district-meet-2017/results/554658/formatted/,4,Evergreen High School,https://wa.milesplit.com/teams/6320-evergreen-high-school,91,5+14+16+26+30  (32+40),3:22 1-5 Split | 21:36 Avg
554658,https://wa.milesplit.com/meets/294328-gshl-3a-district-meet-2017/results/554658/formatted/,5,Mountain View High School,https://wa.milesplit.com/teams/6321-mountain-view-high-school,97,8+17+21+24+27  (28+33),2:45 1-5 Split | 21:49 Avg
554658,https://wa.milesplit.com/meets/294328-gshl-3a-district-meet-2017/results/554658/formatted/,6,Hudson's Bay High School,https://wa.milesplit.com/teams/6352-hudsons-bay-high-school,163,25+31+34+36+37  (38),2:16 1-5 Split | 23:43 Avg
475491,https://wa.milesplit.com/meets/253520-franklin-pierce-fife-evergreen-2016/results/475491/formatted/,1,Franklin Pierce Senior High School,https://wa.milesplit.com/teams/6643-franklin-pierce-senior-high-school,19,1+3+4+5+6  (7+10),1:43 1-5 Split | 21:23 Avg
475491,https://wa.milesplit.com/meets/253520-franklin-pierce-fife-evergreen-2016/results/475491/formatted/,2,Evergreen High School,https://wa.milesplit.com/teams/6359-evergreen-high-school,42,2+8+9+11+12  (13+14),4:42 1-5 Split | 23:07 Avg
475490,https://wa.milesplit.com/meets/253520-franklin-pierce-fife-evergreen-2016/results/475490/formatted/,1,Fife High School,https://wa.milesplit.com/teams/6373-fife-high-school,32,2+4+5+7+14  (15+17),1:09 1-5 Split | 19:56 Avg
475490,https://wa.milesplit.com/meets/253520-franklin-pierce-fife-evergreen-2016/results/475490/formatted/,2,Evergreen High School,https://wa.milesplit.com/teams/6359-evergreen-high-school,42,1+8+10+11+12  (19),1:07 1-5 Split | 20:10 Avg
475490,https://wa.milesplit.com/meets/253520-franklin-pierce-fife-evergreen-2016/results/475490/formatted/,3,Franklin Pierce Senior High School,https://wa.milesplit.com/teams/6643-franklin-pierce-senior-high-school,47,3+6+9+13+16  (18),1:10 1-5 Split | 20:14 Avg
475492,https://wa.milesplit.com/meets/253520-franklin-pierce-fife-evergreen-2016/results/475492/formatted/,1,Fife High School,https://wa.milesplit.com/teams/6373-fife-high-school,25,1+3+4+8+9  (11+14),1:20 1-5 Split | 23:56 Avg
475492,https://wa.milesplit.com/meets/253520-franklin-pierce-fife-evergreen-2016/results/475492/formatted/,2,Franklin Pierce Senior High School,https://wa.milesplit.com/teams/6643-franklin-pierce-senior-high-school,30,2+5+6+7+10  (12+13),1:11 1-5 Split | 24:07 Avg
544921,https://wa.milesplit.com/meets/292243-central-2b-league-adna-2017/results/544921/formatted/,1,Adna High School,https://wa.milesplit.com/teams/6609-adna-high-school,32,1+5+6+9+11  (14+15),1:50 1-5 Split | 19:15 Avg
544921,https://wa.milesplit.com/meets/292243-central-2b-league-adna-2017/results/544921/formatted/,2,Mossyrock Junior Senior High School,https://wa.milesplit.com/teams/6610-mossyrock-junior-senior-high-school,55,3+8+10+12+22  (23+24),3:52 1-5 Split | 20:11 Avg
544921,https://wa.milesplit.com/meets/292243-central-2b-league-adna-2017/results/544921/formatted/,3,Rainier High School,https://wa.milesplit.com/teams/6847-rainier-high-school,66,2+13+16+17+18  (19+21),3:12 1-5 Split | 20:46 Avg
544921,https://wa.milesplit.com/meets/292243-central-2b-league-adna-2017/results/544921/formatted/,4,White Pass Junior Senior High School,https://wa.milesplit.com/teams/6614-white-pass-junior-senior-high-school,82,4+7+20+25+26  (27),5:33 1-5 Split | 21:54 Avg
544921,https://wa.milesplit.com/meets/292243-central-2b-league-adna-2017/results/544921/formatted/,1,Rainier High School,https://wa.milesplit.com/teams/6847-rainier-high-school,19,1+3+4+5+6  (7+8),3:48 1-5 Split | 23:30 Avg
544921,https://wa.milesplit.com/meets/292243-central-2b-league-adna-2017/results/544921/formatted/,2,Mossyrock Junior Senior High School,https://wa.milesplit.com/teams/6610-mossyrock-junior-senior-high-school,44,2+9+10+11+12,14:31 1-5 Split | 29:53 Avg
466063,https://www.milesplit.com/meets/246810-wilbur-creston-jamboree-2016/results/466063/formatted/,1,Creston School,https://wa.milesplit.com/teams/6616-creston-school,22,1+2+3+6+10  (12),5:34 1-5 Split | 13:46 Avg
466063,https://www.milesplit.com/meets/246810-wilbur-creston-jamboree-2016/results/466063/formatted/,2,Bridgeport Senior High School,https://wa.milesplit.com/teams/6532-bridgeport-senior-high-school,33,4+5+7+8+9  (11+13),1:20 1-5 Split | 15:10 Avg
471118,https://wa.milesplit.com/meets/252972-blanchet-lakeside-ingraham-2016/results/471118/formatted/,1,Bishop Blanchet High School,https://wa.milesplit.com/teams/6426-bishop-blanchet-high-school,41,1+4+10+11+15  (16+18),1:32 1-5 Split | 17:48 Avg
471118,https://wa.milesplit.com/meets/252972-blanchet-lakeside-ingraham-2016/results/471118/formatted/,2,Lakeside School,https://wa.milesplit.com/teams/6464-lakeside-school,41,2+3+8+9+19  (20+21),1:40 1-5 Split | 17:52 Avg
471118,https://wa.milesplit.com/meets/252972-blanchet-lakeside-ingraham-2016/results/471118/formatted/,3,Ingraham High School,https://wa.milesplit.com/teams/6364-ingraham-high-school,43,5+6+7+12+13  (14+17),0:37 1-5 Split | 17:59 Avg
471119,https://wa.milesplit.com/meets/252972-blanchet-lakeside-ingraham-2016/results/471119/formatted/,1,Lakeside School,https://wa.milesplit.com/teams/6464-lakeside-school,33,1+2+9+10+11  (13+19),4:27 1-5 Split | 21:26 Avg
471119,https://wa.milesplit.com/meets/252972-blanchet-lakeside-ingraham-2016/results/471119/formatted/,2,Ingraham High School,https://wa.milesplit.com/teams/6364-ingraham-high-school,42,3+4+5+12+18  (20+21),1:38 1-5 Split | 22:24 Avg
471119,https://wa.milesplit.com/meets/252972-blanchet-lakeside-ingraham-2016/results/471119/formatted/,3,Bishop Blanchet High School,https://wa.milesplit.com/teams/6426-bishop-blanchet-high-school,50,6+7+8+14+15  (16+17),0:51 1-5 Split | 22:48 Avg
620855,https://wa.milesplit.com/meets/334346-wiaa-state-championship-2018/results/620855/formatted/,1,Lakeside High School,https://wa.milesplit.com/teams/6750-lakeside-high-school,113,11+16+21+24+41  (58+65),0:59 1-5 Split | 17:15 Avg
620855,https://wa.milesplit.com/meets/334346-wiaa-state-championship-2018/results/620855/formatted/,2,Cascade High School,https://wa.milesplit.com/teams/6787-cascade-high-school,113,3+4+22+31+53  (75+104),1:23 1-5 Split | 17:09 Avg
620855,https://wa.milesplit.com/meets/334346-wiaa-state-championship-2018/results/620855/formatted/,3,Connell High School,https://wa.milesplit.com/teams/6538-connell-high-school,131,12+13+23+37+46  (62+70),1:03 1-5 Split | 17:20 Avg
620855,https://wa.milesplit.com/meets/334346-wiaa-state-championship-2018/results/620855/formatted/,4,Meridian High School,https://wa.milesplit.com/teams/6720-meridian-high-school,140,2+7+9+42+80  (96+106),2:11 1-5 Split | 17:18 Avg
620855,https://wa.milesplit.com/meets/334346-wiaa-state-championship-2018/results/620855/formatted/,5,Charles Wright Academy,https://wa.milesplit.com/teams/6302-charles-wright-academy,162,1+15+44+45+57  (73+88),1:38 1-5 Split | 17:24 Avg
620855,https://wa.milesplit.com/meets/334346-wiaa-state-championship-2018/results/620855/formatted/,6,University Prep School,https://wa.milesplit.com/teams/6410-university-prep-school,178,26+29+34+38+51  (56+97),0:29 1-5 Split | 17:38 Avg
620855,https://wa.milesplit.com/meets/334346-wiaa-state-championship-2018/results/620855/formatted/,7,King's  Schools,https://wa.milesplit.com/teams/6742-kings-schools,185,14+17+36+40+78  (92+100),1:31 1-5 Split | 17:37 Avg
620855,https://wa.milesplit.com/meets/334346-wiaa-state-championship-2018/results/620855/formatted/,8,Klahowya Secondary School,https://wa.milesplit.com/teams/6808-klahowya-secondary-school,201,10+25+48+55+63  (74+93),1:16 1-5 Split | 17:37 Avg
620855,https://wa.milesplit.com/meets/334346-wiaa-state-championship-2018/results/620855/formatted/,9,Medical Lake High School,https://wa.milesplit.com/teams/6382-medical-lake-high-school,223,28+30+49+52+64  (67+76),0:40 1-5 Split | 17:47 Avg
620855,https://wa.milesplit.com/meets/334346-wiaa-state-championship-2018/results/620855/formatted/,10,Zillah High School,https://wa.milesplit.com/teams/6741-zillah-high-school,241,5+19+43+79+95  (98+102),2:35 1-5 Split | 17:57 Avg
620855,https://wa.milesplit.com/meets/334346-wiaa-state-championship-2018/results/620855/formatted/,11,South Whidbey High School,https://wa.milesplit.com/teams/6552-south-whidbey-high-school,245,8+50+59+60+68  (81+101),1:31 1-5 Split | 17:47 Avg
620855,https://wa.milesplit.com/meets/334346-wiaa-state-championship-2018/results/620855/formatted/,12,White Salmon HS,https://wa.milesplit.com/teams/29239-white-salmon-hs,247,20+35+39+71+82  (87+103),1:37 1-5 Split | 17:58 Avg
620855,https://wa.milesplit.com/meets/334346-wiaa-state-championship-2018/results/620855/formatted/,13,The Northwest School,https://wa.milesplit.com/teams/6471-the-northwest-school,248,27+33+47+69+72  (77+83),1:00 1-5 Split | 17:56 Avg
620855,https://wa.milesplit.com/meets/334346-wiaa-state-championship-2018/results/620855/formatted/,14,Goldendale High School,https://wa.milesplit.com/teams/6605-goldendale-high-school,310,18+32+61+94+105  (108),2:47 1-5 Split | 18:24 Avg
620855,https://wa.milesplit.com/meets/334346-wiaa-state-championship-2018/results/620855/formatted/,15,Seton Catholic,https://wa.milesplit.com/teams/29237-seton-catholic,350,6+66+89+90+99  (110+111),2:50 1-5 Split | 18:33 Avg
620855,https://wa.milesplit.com/meets/334346-wiaa-state-championship-2018/results/620855/formatted/,16,Montesano Junior Senior High School,https://wa.milesplit.com/teams/6547-montesano-junior-senior-high-school,400,54+84+85+86+91  (107+109),1:19 1-5 Split | 18:49 Avg
620855,https://wa.milesplit.com/meets/334346-wiaa-state-championship-2018/results/620855/formatted/,1,Lakeside High School,https://wa.milesplit.com/teams/6750-lakeside-high-school,106,10+12+14+16+54  (71+74),2:41 1-5 Split | 20:19 Avg
620855,https://wa.milesplit.com/meets/334346-wiaa-state-championship-2018/results/620855/formatted/,2,King's  Schools,https://wa.milesplit.com/teams/6742-kings-schools,112,1+17+27+29+38  (52+89),3:11 1-5 Split | 20:17 Avg
620855,https://wa.milesplit.com/meets/334346-wiaa-state-championship-2018/results/620855/formatted/,3,La Center High School,https://wa.milesplit.com/teams/6524-la-center-high-school,120,8+11+22+34+45  (84+98),2:12 1-5 Split | 20:30 Avg
620855,https://wa.milesplit.com/meets/334346-wiaa-state-championship-2018/results/620855/formatted/,4,Colville Senior High School,https://wa.milesplit.com/teams/6700-colville-senior-high-school,153,2+24+26+32+69  (92+99),4:19 1-5 Split | 20:41 Avg
620855,https://wa.milesplit.com/meets/334346-wiaa-state-championship-2018/results/620855/formatted/,5,The Northwest School,https://wa.milesplit.com/teams/6471-the-northwest-school,168,6+21+23+43+75,3:26 1-5 Split | 20:57 Avg
620855,https://wa.milesplit.com/meets/334346-wiaa-state-championship-2018/results/620855/formatted/,6,Seton Catholic,https://wa.milesplit.com/teams/29237-seton-catholic,183,4+7+37+59+76  (83+107),3:43 1-5 Split | 21:10 Avg
620855,https://wa.milesplit.com/meets/334346-wiaa-state-championship-2018/results/620855/formatted/,7,Charles Wright Academy,https://wa.milesplit.com/teams/6302-charles-wright-academy,189,15+33+39+47+55  (87+101),2:18 1-5 Split | 21:22 Avg
620855,https://wa.milesplit.com/meets/334346-wiaa-state-championship-2018/results/620855/formatted/,8,Klahowya Secondary School,https://wa.milesplit.com/teams/6808-klahowya-secondary-school,195,5+36+40+48+66  (67+70),3:11 1-5 Split | 21:21 Avg
620855,https://wa.milesplit.com/meets/334346-wiaa-state-championship-2018/results/620855/formatted/,9,Cashmere High School,https://wa.milesplit.com/teams/6519-cashmere-high-school,196,18+19+49+53+57  (60+64),2:11 1-5 Split | 21:23 Avg
620855,https://wa.milesplit.com/meets/334346-wiaa-state-championship-2018/results/620855/formatted/,10,Meridian High School,https://wa.milesplit.com/teams/6720-meridian-high-school,219,3+25+58+61+72  (82+90),3:32 1-5 Split | 21:33 Avg
620855,https://wa.milesplit.com/meets/334346-wiaa-state-championship-2018/results/620855/formatted/,11,Goldendale High School,https://wa.milesplit.com/teams/6605-goldendale-high-school,247,20+31+46+56+94,3:52 1-5 Split | 21:55 Avg
620855,https://wa.milesplit.com/meets/334346-wiaa-state-championship-2018/results/620855/formatted/,12,South Whidbey High School,https://wa.milesplit.com/teams/6552-south-whidbey-high-school,254,13+50+51+62+78  (100+106),3:14 1-5 Split | 21:57 Avg
620855,https://wa.milesplit.com/meets/334346-wiaa-state-championship-2018/results/620855/formatted/,13,The Bush School,https://wa.milesplit.com/teams/6463-the-bush-school,262,9+28+68+77+80  (97),3:35 1-5 Split | 21:53 Avg
620855,https://wa.milesplit.com/meets/334346-wiaa-state-championship-2018/results/620855/formatted/,14,The Overlake School,https://wa.milesplit.com/teams/6462-the-overlake-school,306,35+42+65+73+91  (104+105),2:38 1-5 Split | 22:24 Avg
620855,https://wa.milesplit.com/meets/334346-wiaa-state-championship-2018/results/620855/formatted/,15,Royal High School,https://wa.milesplit.com/teams/6544-royal-high-school,313,41+44+63+79+86  (88+93),1:57 1-5 Split | 22:30 Avg
620855,https://wa.milesplit.com/meets/334346-wiaa-state-championship-2018/results/620855/formatted/,16,Zillah High School,https://wa.milesplit.com/teams/6741-zillah-high-school,387,30+81+85+95+96  (102+103),3:23 1-5 Split | 23:14 Avg
620856,https://wa.milesplit.com/meets/334346-wiaa-state-championship-2018/results/620856/formatted/,1,northwest christian-lacey,https://wa.milesplit.com/teams/23211-northwest-christian-lacey,59,1+3+6+15+34  (35+46),1:46 1-5 Split | 17:07 Avg
620856,https://wa.milesplit.com/meets/334346-wiaa-state-championship-2018/results/620856/formatted/,2,Pope John Paul II,https://wa.milesplit.com/teams/29437-pope-john-paul-ii,135,5+7+30+43+50  (73+107),1:35 1-5 Split | 17:43 Avg
620856,https://wa.milesplit.com/meets/334346-wiaa-state-championship-2018/results/620856/formatted/,3,Asotin High School,https://wa.milesplit.com/teams/6398-asotin-high-school,148,13+23+32+39+41  (55+57),0:52 1-5 Split | 17:57 Avg
620856,https://wa.milesplit.com/meets/334346-wiaa-state-championship-2018/results/620856/formatted/,4,Manson Secondary School,https://wa.milesplit.com/teams/6521-manson-secondary-school,176,9+19+48+49+51  (54+71),1:23 1-5 Split | 18:02 Avg
620856,https://wa.milesplit.com/meets/334346-wiaa-state-championship-2018/results/620856/formatted/,5,Northwest Christian School,https://wa.milesplit.com/teams/6799-northwest-christian-school,194,14+26+29+53+72  (78+85),1:36 1-5 Split | 18:12 Avg
620856,https://wa.milesplit.com/meets/334346-wiaa-state-championship-2018/results/620856/formatted/,6,Colfax High School,https://wa.milesplit.com/teams/6721-colfax-high-school,196,21+27+36+44+68  (81+97),1:15 1-5 Split | 18:13 Avg
620856,https://wa.milesplit.com/meets/334346-wiaa-state-championship-2018/results/620856/formatted/,7,Kalama Middle High School,https://wa.milesplit.com/teams/6417-kalama-middle-high-school,202,2+18+28+70+84  (86+99),2:48 1-5 Split | 18:08 Avg
620856,https://wa.milesplit.com/meets/334346-wiaa-state-championship-2018/results/620856/formatted/,8,Cedar Tree Classical Christian High School,https://wa.milesplit.com/teams/39461-cedar-tree-classical-christian-high-school,217,4+20+56+62+75  (83+103),2:24 1-5 Split | 18:13 Avg
620856,https://wa.milesplit.com/meets/334346-wiaa-state-championship-2018/results/620856/formatted/,9,Tonasket High School,https://wa.milesplit.com/teams/6628-tonasket-high-school,239,8+38+58+59+76  (79+94),2:04 1-5 Split | 18:22 Avg
620856,https://wa.milesplit.com/meets/334346-wiaa-state-championship-2018/results/620856/formatted/,10,Ilwaco Junior Senior High School,https://wa.milesplit.com/teams/6330-ilwaco-junior-senior-high-school,248,11+17+69+74+77  (90+101),1:52 1-5 Split | 18:26 Avg
620856,https://wa.milesplit.com/meets/334346-wiaa-state-championship-2018/results/620856/formatted/,11,Liberty Bell Junior Senior High School,https://wa.milesplit.com/teams/6629-liberty-bell-junior-senior-high-school,248,12+22+60+65+89  (92+100),2:22 1-5 Split | 18:30 Avg
620856,https://wa.milesplit.com/meets/334346-wiaa-state-championship-2018/results/620856/formatted/,12,Life Christian School,https://wa.milesplit.com/teams/6292-life-christian-school,248,10+31+45+64+98  (111+112),2:56 1-5 Split | 18:31 Avg
620856,https://wa.milesplit.com/meets/334346-wiaa-state-championship-2018/results/620856/formatted/,13,Creston School,https://wa.milesplit.com/teams/6616-creston-school,272,25+37+61+67+82  (95+102),1:32 1-5 Split | 18:38 Avg
620856,https://wa.milesplit.com/meets/334346-wiaa-state-championship-2018/results/620856/formatted/,14,Valley Christian School,https://wa.milesplit.com/teams/6497-valley-christian-school,277,24+42+52+66+93  (105+106),2:03 1-5 Split | 18:43 Avg
620856,https://wa.milesplit.com/meets/334346-wiaa-state-championship-2018/results/620856/formatted/,15,Brewster Junior Senior High School,https://wa.milesplit.com/teams/6424-brewster-junior-senior-high-school,308,16+33+80+88+91  (96+108),2:17 1-5 Split | 18:51 Avg
620856,https://wa.milesplit.com/meets/334346-wiaa-state-championship-2018/results/620856/formatted/,16,White Pass Junior Senior High School,https://wa.milesplit.com/teams/6614-white-pass-junior-senior-high-school,341,40+47+63+87+104  (109+110),2:28 1-5 Split | 19:09 Avg
620856,https://wa.milesplit.com/meets/334346-wiaa-state-championship-2018/results/620856/formatted/,1,Liberty Bell Junior Senior High School,https://wa.milesplit.com/teams/6629-liberty-bell-junior-senior-high-school,56,1+4+7+14+30  (42+47),4:01 1-5 Split | 20:34 Avg
620856,https://wa.milesplit.com/meets/334346-wiaa-state-championship-2018/results/620856/formatted/,2,Asotin High School,https://wa.milesplit.com/teams/6398-asotin-high-school,92,3+6+12+34+37  (57+72),2:46 1-5 Split | 21:24 Avg
620856,https://wa.milesplit.com/meets/334346-wiaa-state-championship-2018/results/620856/formatted/,3,Rainier High School,https://wa.milesplit.com/teams/6847-rainier-high-school,122,2+5+16+46+53  (58+62),4:25 1-5 Split | 21:53 Avg
620856,https://wa.milesplit.com/meets/334346-wiaa-state-championship-2018/results/620856/formatted/,4,northwest christian-lacey,https://wa.milesplit.com/teams/23211-northwest-christian-lacey,137,15+22+25+27+48  (51+63),2:16 1-5 Split | 22:18 Avg
620856,https://wa.milesplit.com/meets/334346-wiaa-state-championship-2018/results/620856/formatted/,5,Cedar Tree Classical Christian High School,https://wa.milesplit.com/teams/39461-cedar-tree-classical-christian-high-school,159,9+13+31+32+74,6:16 1-5 Split | 22:51 Avg
620856,https://wa.milesplit.com/meets/334346-wiaa-state-championship-2018/results/620856/formatted/,6,Colfax High School,https://wa.milesplit.com/teams/6721-colfax-high-school,160,10+18+23+39+70  (76),5:39 1-5 Split | 22:50 Avg
620856,https://wa.milesplit.com/meets/334346-wiaa-state-championship-2018/results/620856/formatted/,7,Trout Lake School,https://wa.milesplit.com/teams/6271-trout-lake-school,170,21+24+35+38+52  (54),2:10 1-5 Split | 22:45 Avg
620856,https://wa.milesplit.com/meets/334346-wiaa-state-championship-2018/results/620856/formatted/,8,Pope John Paul II,https://wa.milesplit.com/teams/29437-pope-john-paul-ii,171,11+36+40+41+43  (55+64),2:21 1-5 Split | 22:40 Avg
620856,https://wa.milesplit.com/meets/334346-wiaa-state-championship-2018/results/620856/formatted/,9,Ilwaco Junior Senior High School,https://wa.milesplit.com/teams/6330-ilwaco-junior-senior-high-school,178,20+28+29+45+56  (59+67),2:45 1-5 Split | 22:54 Avg
620856,https://wa.milesplit.com/meets/334346-wiaa-state-championship-2018/results/620856/formatted/,10,Kettle Falls High School,https://wa.milesplit.com/teams/6702-kettle-falls-high-school,197,8+19+49+60+61  (75),4:24 1-5 Split | 23:16 Avg
620856,https://wa.milesplit.com/meets/334346-wiaa-state-championship-2018/results/620856/formatted/,11,White Swan High School,https://wa.milesplit.com/teams/6260-white-swan-high-school,253,17+33+66+68+69  (77),5:07 1-5 Split | 24:38 Avg
620856,https://wa.milesplit.com/meets/334346-wiaa-state-championship-2018/results/620856/formatted/,12,Republic School,https://wa.milesplit.com/teams/6263-republic-school,256,26+44+50+65+71  (73+78),4:25 1-5 Split | 24:23 Avg
620854,https://wa.milesplit.com/meets/334346-wiaa-state-championship-2018/results/620854/formatted/,1,Sehome High School,https://wa.milesplit.com/teams/6389-sehome-high-school,84,5+9+12+27+31  (42+59),1:04 1-5 Split | 16:43 Avg
620854,https://wa.milesplit.com/meets/334346-wiaa-state-championship-2018/results/620854/formatted/,2,Washougal High School,https://wa.milesplit.com/teams/6287-washougal-high-school,98,3+14+23+28+30  (52+66),1:12 1-5 Split | 16:48 Avg
620854,https://wa.milesplit.com/meets/334346-wiaa-state-championship-2018/results/620854/formatted/,3,Liberty-Issaquah,https://wa.milesplit.com/teams/23656-liberty-issaquah,150,10+13+32+44+51  (64+70),1:03 1-5 Split | 17:03 Avg
620854,https://wa.milesplit.com/meets/334346-wiaa-state-championship-2018/results/620854/formatted/,4,Mountlake Terrace High School,https://wa.milesplit.com/teams/6671-mountlake-terrace-high-school,158,8+15+20+36+79  (86+93),1:41 1-5 Split | 17:05 Avg
620854,https://wa.milesplit.com/meets/334346-wiaa-state-championship-2018/results/620854/formatted/,5,Ridgefield High School,https://wa.milesplit.com/teams/6525-ridgefield-high-school,160,2+22+24+43+69  (80+81),2:08 1-5 Split | 17:02 Avg
620854,https://wa.milesplit.com/meets/334346-wiaa-state-championship-2018/results/620854/formatted/,6,Pullman High School,https://wa.milesplit.com/teams/6390-pullman-high-school,163,1+4+7+67+84  (97+107),2:26 1-5 Split | 16:51 Avg
620854,https://wa.milesplit.com/meets/334346-wiaa-state-championship-2018/results/620854/formatted/,7,Steilacoom High School,https://wa.milesplit.com/teams/6654-steilacoom-high-school,169,11+21+25+49+63  (99+101),1:17 1-5 Split | 17:11 Avg
620854,https://wa.milesplit.com/meets/334346-wiaa-state-championship-2018/results/620854/formatted/,8,Ellensburg High School,https://wa.milesplit.com/teams/6368-ellensburg-high-school,178,16+34+38+40+50  (57+91),0:43 1-5 Split | 17:14 Avg
620854,https://wa.milesplit.com/meets/334346-wiaa-state-championship-2018/results/620854/formatted/,9,Selah High School,https://wa.milesplit.com/teams/6392-selah-high-school,181,6+18+47+54+56  (60+65),1:29 1-5 Split | 17:10 Avg
620854,https://wa.milesplit.com/meets/334346-wiaa-state-championship-2018/results/620854/formatted/,10,Sammamish High School,https://wa.milesplit.com/teams/6310-sammamish-high-school,204,29+37+39+41+58  (72+105),0:36 1-5 Split | 17:22 Avg
620854,https://wa.milesplit.com/meets/334346-wiaa-state-championship-2018/results/620854/formatted/,11,Tumwater High School,https://wa.milesplit.com/teams/6746-tumwater-high-school,243,17+33+48+71+74  (75+98),1:11 1-5 Split | 17:29 Avg
620854,https://wa.milesplit.com/meets/334346-wiaa-state-championship-2018/results/620854/formatted/,12,Eatonville High School,https://wa.milesplit.com/teams/6642-eatonville-high-school,306,19+35+61+95+96  (102+112),1:48 1-5 Split | 17:50 Avg
620854,https://wa.milesplit.com/meets/334346-wiaa-state-championship-2018/results/620854/formatted/,13,North Kitsap High School,https://wa.milesplit.com/teams/6598-north-kitsap-high-school,336,45+55+76+77+83  (87+100),0:45 1-5 Split | 17:52 Avg
620854,https://wa.milesplit.com/meets/334346-wiaa-state-championship-2018/results/620854/formatted/,14,Kingston Senior High School,https://wa.milesplit.com/teams/12112-kingston-senior-high-school,362,46+62+78+82+94  (103+104),1:12 1-5 Split | 18:01 Avg
620854,https://wa.milesplit.com/meets/334346-wiaa-state-championship-2018/results/620854/formatted/,15,White River High School,https://wa.milesplit.com/teams/6659-white-river-high-school,378,26+85+88+89+90  (106+111),1:20 1-5 Split | 18:06 Avg
620854,https://wa.milesplit.com/meets/334346-wiaa-state-championship-2018/results/620854/formatted/,16,Port Angeles High School,https://wa.milesplit.com/teams/6348-port-angeles-high-school,394,53+68+73+92+108  (109+110),1:35 1-5 Split | 18:15 Avg
620854,https://wa.milesplit.com/meets/334346-wiaa-state-championship-2018/results/620854/formatted/,1,West Valley High School,https://wa.milesplit.com/teams/6386-west-valley-high-school,118,15+16+23+27+37  (45+70),1:09 1-5 Split | 20:37 Avg
620854,https://wa.milesplit.com/meets/334346-wiaa-state-championship-2018/results/620854/formatted/,2,Bellingham High School,https://wa.milesplit.com/teams/6826-bellingham-high-school,118,2+10+11+43+52  (59+68),3:24 1-5 Split | 20:21 Avg
620854,https://wa.milesplit.com/meets/334346-wiaa-state-championship-2018/results/620854/formatted/,3,Pullman High School,https://wa.milesplit.com/teams/6390-pullman-high-school,123,6+20+24+26+47  (49+66),2:11 1-5 Split | 20:32 Avg
620854,https://wa.milesplit.com/meets/334346-wiaa-state-championship-2018/results/620854/formatted/,4,Cedarcrest High School,https://wa.milesplit.com/teams/6761-cedarcrest-high-school,138,18+19+30+33+38  (41+46),0:50 1-5 Split | 20:52 Avg
620854,https://wa.milesplit.com/meets/334346-wiaa-state-championship-2018/results/620854/formatted/,5,Ellensburg High School,https://wa.milesplit.com/teams/6368-ellensburg-high-school,146,3+9+22+48+64  (77+84),3:14 1-5 Split | 20:35 Avg
620854,https://wa.milesplit.com/meets/334346-wiaa-state-championship-2018/results/620854/formatted/,6,Liberty-Issaquah,https://wa.milesplit.com/teams/23656-liberty-issaquah,148,13+21+35+39+40  (57+61),1:14 1-5 Split | 20:54 Avg
620854,https://wa.milesplit.com/meets/334346-wiaa-state-championship-2018/results/620854/formatted/,7,Sehome High School,https://wa.milesplit.com/teams/6389-sehome-high-school,178,17+29+31+32+69  (71+73),2:00 1-5 Split | 21:08 Avg
620854,https://wa.milesplit.com/meets/334346-wiaa-state-championship-2018/results/620854/formatted/,8,Port Angeles High School,https://wa.milesplit.com/teams/6348-port-angeles-high-school,186,4+8+56+58+60  (82+93),2:59 1-5 Split | 20:54 Avg
620854,https://wa.milesplit.com/meets/334346-wiaa-state-championship-2018/results/620854/formatted/,9,Washougal High School,https://wa.milesplit.com/teams/6287-washougal-high-school,209,1+14+50+65+79  (80+98),4:41 1-5 Split | 20:57 Avg
620854,https://wa.milesplit.com/meets/334346-wiaa-state-championship-2018/results/620854/formatted/,10,Hockinson,https://wa.milesplit.com/teams/7213-hockinson,215,7+34+53+54+67  (72+87),2:49 1-5 Split | 21:19 Avg
620854,https://wa.milesplit.com/meets/334346-wiaa-state-championship-2018/results/620854/formatted/,11,Ridgefield High School,https://wa.milesplit.com/teams/6525-ridgefield-high-school,309,36+42+62+81+88  (99+106),2:01 1-5 Split | 22:08 Avg
620854,https://wa.milesplit.com/meets/334346-wiaa-state-championship-2018/results/620854/formatted/,12,Highline High School,https://wa.milesplit.com/teams/6559-highline-high-school,315,12+44+75+76+108  (111+112),5:36 1-5 Split | 22:25 Avg
620854,https://wa.milesplit.com/meets/334346-wiaa-state-championship-2018/results/620854/formatted/,13,North Kitsap High School,https://wa.milesplit.com/teams/6598-north-kitsap-high-school,322,5+51+85+86+95  (100+101),4:25 1-5 Split | 22:09 Avg
620854,https://wa.milesplit.com/meets/334346-wiaa-state-championship-2018/results/620854/formatted/,14,White River High School,https://wa.milesplit.com/teams/6659-white-river-high-school,359,25+55+91+92+96  (102+105),3:04 1-5 Split | 22:40 Avg
620854,https://wa.milesplit.com/meets/334346-wiaa-state-championship-2018/results/620854/formatted/,15,Tumwater High School,https://wa.milesplit.com/teams/6746-tumwater-high-school,386,28+78+89+94+97  (107+109),3:04 1-5 Split | 22:51 Avg
620854,https://wa.milesplit.com/meets/334346-wiaa-state-championship-2018/results/620854/formatted/,16,Franklin Pierce Senior High School,https://wa.milesplit.com/teams/6643-franklin-pierce-senior-high-school,413,63+74+83+90+103  (104+110),2:29 1-5 Split | 23:05 Avg
620853,https://wa.milesplit.com/meets/334346-wiaa-state-championship-2018/results/620853/formatted/,1,Kamiakin High School,https://wa.milesplit.com/teams/6515-kamiakin-high-school,37,2+4+7+9+15  (16+21),0:46 1-5 Split | 15:57 Avg
620853,https://wa.milesplit.com/meets/334346-wiaa-state-championship-2018/results/620853/formatted/,2,North Central High School,https://wa.milesplit.com/teams/6384-north-central-high-school,74,5+10+12+17+30  (38+96),0:44 1-5 Split | 16:16 Avg
620853,https://wa.milesplit.com/meets/334346-wiaa-state-championship-2018/results/620853/formatted/,3,Arlington High School,https://wa.milesplit.com/teams/6378-arlington-high-school,97,8+11+22+27+29  (32+69),0:29 1-5 Split | 16:24 Avg
620853,https://wa.milesplit.com/meets/334346-wiaa-state-championship-2018/results/620853/formatted/,4,Edmonds Woodway High School,https://wa.milesplit.com/teams/6670-edmonds-woodway-high-school,118,3+13+19+36+47  (59+71),1:15 1-5 Split | 16:26 Avg
620853,https://wa.milesplit.com/meets/334346-wiaa-state-championship-2018/results/620853/formatted/,5,Lakeside School,https://wa.milesplit.com/teams/6464-lakeside-school,152,6+20+28+46+52  (90+99),1:07 1-5 Split | 16:35 Avg
620853,https://wa.milesplit.com/meets/334346-wiaa-state-championship-2018/results/620853/formatted/,6,Bishop Blanchet High School,https://wa.milesplit.com/teams/6426-bishop-blanchet-high-school,197,24+25+37+49+62  (75+91),0:43 1-5 Split | 16:48 Avg
620853,https://wa.milesplit.com/meets/334346-wiaa-state-championship-2018/results/620853/formatted/,7,Interlake High School,https://wa.milesplit.com/teams/6556-interlake-high-school,203,18+26+34+60+65  (78+80),0:54 1-5 Split | 16:49 Avg
620853,https://wa.milesplit.com/meets/334346-wiaa-state-championship-2018/results/620853/formatted/,8,Bainbridge High School,https://wa.milesplit.com/teams/6593-bainbridge-high-school,204,1+44+45+53+61  (63+82),1:44 1-5 Split | 16:43 Avg
620853,https://wa.milesplit.com/meets/334346-wiaa-state-championship-2018/results/620853/formatted/,9,Stadium High School,https://wa.milesplit.com/teams/6422-stadium-high-school,214,23+31+48+54+58  (101+109),0:42 1-5 Split | 16:53 Avg
620853,https://wa.milesplit.com/meets/334346-wiaa-state-championship-2018/results/620853/formatted/,10,Ballard High School,https://wa.milesplit.com/teams/6583-ballard-high-school,227,35+39+40+56+57  (84+92),0:25 1-5 Split | 16:55 Avg
620853,https://wa.milesplit.com/meets/334346-wiaa-state-championship-2018/results/620853/formatted/,11,Franklin High School,https://wa.milesplit.com/teams/6586-franklin-high-school,284,42+43+50+64+85  (93+107),0:58 1-5 Split | 17:10 Avg
620853,https://wa.milesplit.com/meets/334346-wiaa-state-championship-2018/results/620853/formatted/,12,Snohomish Senior High School,https://wa.milesplit.com/teams/6683-snohomish-senior-high-school,302,14+67+68+76+77  (83+89),1:16 1-5 Split | 17:12 Avg
620853,https://wa.milesplit.com/meets/334346-wiaa-state-championship-2018/results/620853/formatted/,13,Shelton High School,https://wa.milesplit.com/teams/6371-shelton-high-school,354,33+55+79+87+100  (102+111),1:39 1-5 Split | 17:31 Avg
620853,https://wa.milesplit.com/meets/334346-wiaa-state-championship-2018/results/620853/formatted/,14,Peninsula High School,https://wa.milesplit.com/teams/6647-peninsula-high-school,363,51+66+70+81+95  (97+108),1:12 1-5 Split | 17:32 Avg
620853,https://wa.milesplit.com/meets/334346-wiaa-state-championship-2018/results/620853/formatted/,15,Central Kitsap High School,https://wa.milesplit.com/teams/6296-central-kitsap-high-school,403,41+73+88+98+103  (104+106),1:53 1-5 Split | 17:49 Avg
620853,https://wa.milesplit.com/meets/334346-wiaa-state-championship-2018/results/620853/formatted/,16,Kelso Senior High School,https://wa.milesplit.com/teams/6529-kelso-senior-high-school,431,72+74+86+94+105  (110+112),1:21 1-5 Split | 17:57 Avg
620853,https://wa.milesplit.com/meets/334346-wiaa-state-championship-2018/results/620853/formatted/,1,North Central High School,https://wa.milesplit.com/teams/6384-north-central-high-school,21,1+2+5+6+7  (14+91),0:52 1-5 Split | 18:36 Avg
620853,https://wa.milesplit.com/meets/334346-wiaa-state-championship-2018/results/620853/formatted/,2,Kamiakin High School,https://wa.milesplit.com/teams/6515-kamiakin-high-school,134,8+26+28+30+42  (44+78),1:28 1-5 Split | 19:52 Avg
620853,https://wa.milesplit.com/meets/334346-wiaa-state-championship-2018/results/620853/formatted/,3,Snohomish Senior High School,https://wa.milesplit.com/teams/6683-snohomish-senior-high-school,148,17+20+34+38+39  (54+80),0:38 1-5 Split | 20:00 Avg
620853,https://wa.milesplit.com/meets/334346-wiaa-state-championship-2018/results/620853/formatted/,4,Bishop Blanchet High School,https://wa.milesplit.com/teams/6426-bishop-blanchet-high-school,160,16+23+37+41+43  (71+86),0:52 1-5 Split | 20:05 Avg
620853,https://wa.milesplit.com/meets/334346-wiaa-state-championship-2018/results/620853/formatted/,5,Holy Names Academy,https://wa.milesplit.com/teams/6427-holy-names-academy,185,25+29+35+46+50  (55+56),0:42 1-5 Split | 20:17 Avg
620853,https://wa.milesplit.com/meets/334346-wiaa-state-championship-2018/results/620853/formatted/,6,Eastside Catholic High School,https://wa.milesplit.com/teams/6328-eastside-catholic-high-school,186,10+13+18+72+73  (89+103),2:10 1-5 Split | 20:06 Avg
620853,https://wa.milesplit.com/meets/334346-wiaa-state-championship-2018/results/620853/formatted/,7,Ingraham High School,https://wa.milesplit.com/teams/6364-ingraham-high-school,189,4+31+33+51+70  (84),2:25 1-5 Split | 20:09 Avg
620853,https://wa.milesplit.com/meets/334346-wiaa-state-championship-2018/results/620853/formatted/,8,Edmonds Woodway High School,https://wa.milesplit.com/teams/6670-edmonds-woodway-high-school,212,15+19+47+65+66  (81),1:36 1-5 Split | 20:23 Avg
620853,https://wa.milesplit.com/meets/334346-wiaa-state-championship-2018/results/620853/formatted/,9,Ballard High School,https://wa.milesplit.com/teams/6583-ballard-high-school,219,21+24+32+60+82  (87+97),1:42 1-5 Split | 20:26 Avg
620853,https://wa.milesplit.com/meets/334346-wiaa-state-championship-2018/results/620853/formatted/,10,Central Kitsap High School,https://wa.milesplit.com/teams/6296-central-kitsap-high-school,230,11+40+49+62+68  (94+96),2:04 1-5 Split | 20:25 Avg
620853,https://wa.milesplit.com/meets/334346-wiaa-state-championship-2018/results/620853/formatted/,11,Stadium High School,https://wa.milesplit.com/teams/6422-stadium-high-school,268,22+45+63+64+74  (75+76),1:26 1-5 Split | 20:45 Avg
620853,https://wa.milesplit.com/meets/334346-wiaa-state-championship-2018/results/620853/formatted/,12,Arlington High School,https://wa.milesplit.com/teams/6378-arlington-high-school,272,36+53+57+59+67  (69+77),0:55 1-5 Split | 20:47 Avg
620853,https://wa.milesplit.com/meets/334346-wiaa-state-championship-2018/results/620853/formatted/,13,Garfield High School,https://wa.milesplit.com/teams/6584-garfield-high-school,297,3+27+85+90+92  (100+104),3:14 1-5 Split | 20:51 Avg
620853,https://wa.milesplit.com/meets/334346-wiaa-state-championship-2018/results/620853/formatted/,14,Prairie High School,https://wa.milesplit.com/teams/6350-prairie-high-school,346,12+48+93+95+98  (105+108),3:21 1-5 Split | 21:17 Avg
620853,https://wa.milesplit.com/meets/334346-wiaa-state-championship-2018/results/620853/formatted/,15,Capital High School,https://wa.milesplit.com/teams/6708-capital-high-school,363,52+61+79+83+88  (99),1:09 1-5 Split | 21:17 Avg
620853,https://wa.milesplit.com/meets/334346-wiaa-state-championship-2018/results/620853/formatted/,16,Fort Vancouver High School,https://wa.milesplit.com/teams/6351-fort-vancouver-high-school,376,9+58+101+102+106  (107),4:23 1-5 Split | 21:46 Avg
620852,https://wa.milesplit.com/meets/334346-wiaa-state-championship-2018/results/620852/formatted/,1,Tahoma Senior High School,https://wa.milesplit.com/teams/6312-tahoma-senior-high-school,94,5+9+14+27+39  (46+87),0:47 1-5 Split | 16:00 Avg
620852,https://wa.milesplit.com/meets/334346-wiaa-state-championship-2018/results/620852/formatted/,2,Central Valley Senior High School,https://wa.milesplit.com/teams/6686-central-valley-senior-high-school,96,4+11+19+30+32  (42+112),0:43 1-5 Split | 15:58 Avg
620852,https://wa.milesplit.com/meets/334346-wiaa-state-championship-2018/results/620852/formatted/,3,Camas High School,https://wa.milesplit.com/teams/6288-camas-high-school,101,6+17+20+24+34  (70+98),0:40 1-5 Split | 16:02 Avg
620852,https://wa.milesplit.com/meets/334346-wiaa-state-championship-2018/results/620852/formatted/,4,Lewis And Clark High School,https://wa.milesplit.com/teams/6383-lewis-and-clark-high-school,113,3+15+16+36+43  (45+72),1:06 1-5 Split | 16:03 Avg
620852,https://wa.milesplit.com/meets/334346-wiaa-state-championship-2018/results/620852/formatted/,5,Redmond Senior High School,https://wa.milesplit.com/teams/6362-redmond-senior-high-school,147,18+23+31+35+40  (55+58),0:31 1-5 Split | 16:14 Avg
620852,https://wa.milesplit.com/meets/334346-wiaa-state-championship-2018/results/620852/formatted/,6,Henry M Jackson High School,https://wa.milesplit.com/teams/6773-henry-m-jackson-high-school,190,2+25+48+54+61  (68+76),1:21 1-5 Split | 16:17 Avg
620852,https://wa.milesplit.com/meets/334346-wiaa-state-championship-2018/results/620852/formatted/,7,Mead Senior High School,https://wa.milesplit.com/teams/6381-mead-senior-high-school,198,22+28+41+51+56  (79+108),0:36 1-5 Split | 16:25 Avg
620852,https://wa.milesplit.com/meets/334346-wiaa-state-championship-2018/results/620852/formatted/,8,Olympia High School,https://wa.milesplit.com/teams/6707-olympia-high-school,241,7+49+53+65+67  (91+105),1:04 1-5 Split | 16:30 Avg
620852,https://wa.milesplit.com/meets/334346-wiaa-state-championship-2018/results/620852/formatted/,9,Glacier Peak High School,https://wa.milesplit.com/teams/20663-glacier-peak-high-school,241,8+33+52+60+88  (110+111),1:28 1-5 Split | 16:32 Avg
620852,https://wa.milesplit.com/meets/334346-wiaa-state-championship-2018/results/620852/formatted/,10,Bellarmine Preparatory School,https://wa.milesplit.com/teams/6432-bellarmine-preparatory-school,244,12+26+50+57+99  (101+109),1:44 1-5 Split | 16:35 Avg
620852,https://wa.milesplit.com/meets/334346-wiaa-state-championship-2018/results/620852/formatted/,11,Mount Si High School,https://wa.milesplit.com/teams/6276-mount-si-high-school,255,1+37+64+75+78  (80+92),1:39 1-5 Split | 16:28 Avg
620852,https://wa.milesplit.com/meets/334346-wiaa-state-championship-2018/results/620852/formatted/,12,South Kitsap High School,https://wa.milesplit.com/teams/25985-south-kitsap-high-school,260,29+44+47+66+74  (82+89),0:42 1-5 Split | 16:36 Avg
620852,https://wa.milesplit.com/meets/334346-wiaa-state-championship-2018/results/620852/formatted/,13,West Valley Senior High School,https://wa.milesplit.com/teams/6738-west-valley-senior-high-school,309,10+62+73+81+83  (93+94),1:18 1-5 Split | 16:42 Avg
620852,https://wa.milesplit.com/meets/334346-wiaa-state-championship-2018/results/620852/formatted/,14,Issaquah High School,https://wa.milesplit.com/teams/6360-issaquah-high-school,333,13+63+77+85+95  (97+100),1:40 1-5 Split | 16:51 Avg
620852,https://wa.milesplit.com/meets/334346-wiaa-state-championship-2018/results/620852/formatted/,15,Enumclaw High School,https://wa.milesplit.com/teams/6357-enumclaw-high-school,362,21+38+96+103+104  (106+107),1:50 1-5 Split | 17:09 Avg
620852,https://wa.milesplit.com/meets/334346-wiaa-state-championship-2018/results/620852/formatted/,16,Curtis Senior High School,https://wa.milesplit.com/teams/6658-curtis-senior-high-school,369,59+69+71+84+86  (90+102),0:27 1-5 Split | 16:56 Avg
620852,https://wa.milesplit.com/meets/334346-wiaa-state-championship-2018/results/620852/formatted/,1,Glacier Peak High School,https://wa.milesplit.com/teams/20663-glacier-peak-high-school,77,7+10+11+14+35  (54+95),0:46 1-5 Split | 19:23 Avg
620852,https://wa.milesplit.com/meets/334346-wiaa-state-championship-2018/results/620852/formatted/,2,Lewis And Clark High School,https://wa.milesplit.com/teams/6383-lewis-and-clark-high-school,103,4+15+17+20+47  (51),1:12 1-5 Split | 19:33 Avg
620852,https://wa.milesplit.com/meets/334346-wiaa-state-championship-2018/results/620852/formatted/,3,Camas High School,https://wa.milesplit.com/teams/6288-camas-high-school,107,3+5+31+32+36  (68+92),0:59 1-5 Split | 19:28 Avg
620852,https://wa.milesplit.com/meets/334346-wiaa-state-championship-2018/results/620852/formatted/,4,South Kitsap High School,https://wa.milesplit.com/teams/25985-south-kitsap-high-school,160,8+22+27+33+70  (81+104),1:24 1-5 Split | 19:49 Avg
620852,https://wa.milesplit.com/meets/334346-wiaa-state-championship-2018/results/620852/formatted/,5,Henry M Jackson High School,https://wa.milesplit.com/teams/6773-henry-m-jackson-high-school,164,24+29+34+37+40  (78+99),0:18 1-5 Split | 19:51 Avg
620852,https://wa.milesplit.com/meets/334346-wiaa-state-championship-2018/results/620852/formatted/,6,Bellarmine Preparatory School,https://wa.milesplit.com/teams/6432-bellarmine-preparatory-school,179,1+26+42+44+66  (69+87),2:53 1-5 Split | 19:35 Avg
620852,https://wa.milesplit.com/meets/334346-wiaa-state-championship-2018/results/620852/formatted/,7,Issaquah High School,https://wa.milesplit.com/teams/6360-issaquah-high-school,186,2+19+52+56+57  (96+101),2:20 1-5 Split | 19:42 Avg
620852,https://wa.milesplit.com/meets/334346-wiaa-state-championship-2018/results/620852/formatted/,8,Redmond Senior High School,https://wa.milesplit.com/teams/6362-redmond-senior-high-school,193,6+16+45+55+71  (72+74),1:37 1-5 Split | 19:55 Avg
620852,https://wa.milesplit.com/meets/334346-wiaa-state-championship-2018/results/620852/formatted/,9,Thomas Jefferson,https://wa.milesplit.com/teams/7225-thomas-jefferson,223,23+25+43+59+73  (97+98),0:58 1-5 Split | 20:06 Avg
620852,https://wa.milesplit.com/meets/334346-wiaa-state-championship-2018/results/620852/formatted/,10,Emerald Ridge High School,https://wa.milesplit.com/teams/6835-emerald-ridge-high-school,231,9+13+21+85+103  (108+109),2:40 1-5 Split | 20:17 Avg
620852,https://wa.milesplit.com/meets/334346-wiaa-state-championship-2018/results/620852/formatted/,11,Governor John Rogers Senior High School,https://wa.milesplit.com/teams/6285-governor-john-rogers-senior-high-school,254,18+48+58+63+67  (82+105),0:59 1-5 Split | 20:12 Avg
620852,https://wa.milesplit.com/meets/334346-wiaa-state-championship-2018/results/620852/formatted/,12,Ferris High School,https://wa.milesplit.com/teams/6385-ferris-high-school,272,12+41+65+75+79  (80+102),1:34 1-5 Split | 20:18 Avg
620852,https://wa.milesplit.com/meets/334346-wiaa-state-championship-2018/results/620852/formatted/,13,Hanford High School,https://wa.milesplit.com/teams/6516-hanford-high-school,288,39+46+62+64+77  (83+88),0:57 1-5 Split | 20:22 Avg
620852,https://wa.milesplit.com/meets/334346-wiaa-state-championship-2018/results/620852/formatted/,14,Skyview High School,https://wa.milesplit.com/teams/6800-skyview-high-school,298,30+53+60+61+94  (106+110),1:45 1-5 Split | 20:28 Avg
620852,https://wa.milesplit.com/meets/334346-wiaa-state-championship-2018/results/620852/formatted/,15,Skyline High School,https://wa.milesplit.com/teams/6833-skyline-high-school,312,28+38+76+84+86  (93+107),1:28 1-5 Split | 20:34 Avg
620852,https://wa.milesplit.com/meets/334346-wiaa-state-championship-2018/results/620852/formatted/,16,Eisenhower Senior High School,https://wa.milesplit.com/teams/6740-eisenhower-senior-high-school,369,49+50+89+90+91  (100),1:02 1-5 Split | 20:52 Avg
555291,https://wa.milesplit.com/meets/294404-cw-b-league-championships-2017/results/555291/formatted/,1,Liberty Bell Junior Senior High School,https://wa.milesplit.com/teams/6629-liberty-bell-junior-senior-high-school,26,3+4+5+6+8  (11+17),0:47 1-5 Split | 17:52 Avg
555291,https://wa.milesplit.com/meets/294404-cw-b-league-championships-2017/results/555291/formatted/,2,Manson Secondary School,https://wa.milesplit.com/teams/6521-manson-secondary-school,49,2+7+9+15+16  (18+22),1:43 1-5 Split | 18:32 Avg
555291,https://wa.milesplit.com/meets/294404-cw-b-league-championships-2017/results/555291/formatted/,3,Tonasket High School,https://wa.milesplit.com/teams/6628-tonasket-high-school,75,1+13+14+20+27  (30+40),3:23 1-5 Split | 19:05 Avg
555291,https://wa.milesplit.com/meets/294404-cw-b-league-championships-2017/results/555291/formatted/,4,Brewster Junior Senior High School,https://wa.milesplit.com/teams/6424-brewster-junior-senior-high-school,108,10+19+24+26+29  (32+33),1:55 1-5 Split | 19:54 Avg
555291,https://wa.milesplit.com/meets/294404-cw-b-league-championships-2017/results/555291/formatted/,5,Lake Roosevelt High School,https://wa.milesplit.com/teams/6541-lake-roosevelt-high-school,143,12+21+34+35+41  (46),4:56 1-5 Split | 21:18 Avg
555291,https://wa.milesplit.com/meets/294404-cw-b-league-championships-2017/results/555291/formatted/,6,Riverside Christian School,https://wa.milesplit.com/teams/6506-riverside-christian-school,163,23+25+31+39+45  (47),6:53 1-5 Split | 22:09 Avg
555291,https://wa.milesplit.com/meets/294404-cw-b-league-championships-2017/results/555291/formatted/,7,Bridgeport Senior High School,https://wa.milesplit.com/teams/6532-bridgeport-senior-high-school,181,28+36+37+38+42  (43+44),3:30 1-5 Split | 22:34 Avg
555291,https://wa.milesplit.com/meets/294404-cw-b-league-championships-2017/results/555291/formatted/,1,Liberty Bell Junior Senior High School,https://wa.milesplit.com/teams/6629-liberty-bell-junior-senior-high-school,15,1+2+3+4+5  (7+8),2:31 1-5 Split | 20:12 Avg
555291,https://wa.milesplit.com/meets/294404-cw-b-league-championships-2017/results/555291/formatted/,2,Riverside Christian School,https://wa.milesplit.com/teams/6506-riverside-christian-school,48,6+9+10+11+12,5:48 1-5 Split | 24:46 Avg
398605,https://www.milesplit.com/meets/219854-auburn-peninsula-sumner-2015/results/398605/formatted/,1,Peninsula High School,https://wa.milesplit.com/teams/6647-peninsula-high-school,16,1+2+3+4+6  (8+9),1:05 1-5 Split | 19:27 Avg
398605,https://www.milesplit.com/meets/219854-auburn-peninsula-sumner-2015/results/398605/formatted/,2,Sumner High School,https://wa.milesplit.com/teams/6374-sumner-high-school,45,5+7+10+11+12  (13+15),1:21 1-5 Split | 20:37 Avg
398605,https://www.milesplit.com/meets/219854-auburn-peninsula-sumner-2015/results/398605/formatted/,3,Auburn High School,https://wa.milesplit.com/teams/6355-auburn-high-school,84,14+16+17+18+19  (20+21),1:05 1-5 Split | 22:21 Avg
398606,https://www.milesplit.com/meets/219854-auburn-peninsula-sumner-2015/results/398606/formatted/,1,Peninsula High School,https://wa.milesplit.com/teams/6647-peninsula-high-school,21,1+3+4+5+8  (11+13),1:06 1-5 Split | 17:55 Avg
398606,https://www.milesplit.com/meets/219854-auburn-peninsula-sumner-2015/results/398606/formatted/,2,Sumner High School,https://wa.milesplit.com/teams/6374-sumner-high-school,34,2+6+7+9+10  (14+18),0:52 1-5 Split | 18:13 Avg
398606,https://www.milesplit.com/meets/219854-auburn-peninsula-sumner-2015/results/398606/formatted/,3,Auburn High School,https://wa.milesplit.com/teams/6355-auburn-high-school,79,12+15+16+17+19  (20+21),1:29 1-5 Split | 19:26 Avg
398606,https://www.milesplit.com/meets/219854-auburn-peninsula-sumner-2015/results/398606/formatted/,1,Peninsula High School,https://wa.milesplit.com/teams/6647-peninsula-high-school,26,2+3+4+7+10  (11+12),1:52 1-5 Split | 21:47 Avg
398606,https://www.milesplit.com/meets/219854-auburn-peninsula-sumner-2015/results/398606/formatted/,2,Sumner High School,https://wa.milesplit.com/teams/6374-sumner-high-school,29,1+5+6+8+9  (13+14),2:10 1-5 Split | 21:57 Avg
398606,https://www.milesplit.com/meets/219854-auburn-peninsula-sumner-2015/results/398606/formatted/,3,Auburn High School,https://wa.milesplit.com/teams/6355-auburn-high-school,85,15+16+17+18+19  (20+21),4:54 1-5 Split | 27:41 Avg
467150,https://wa.milesplit.com/meets/252269-glacier-peak-everett-shorewood-2016/results/467150/formatted/,1,Glacier Peak High School,https://wa.milesplit.com/teams/20663-glacier-peak-high-school,18,1+2+4+5+6  (11+13),1:09 1-5 Split | 20:26 Avg
467150,https://wa.milesplit.com/meets/252269-glacier-peak-everett-shorewood-2016/results/467150/formatted/,2,Shorewood High School,https://wa.milesplit.com/teams/6573-shorewood-high-school,37,3+7+8+9+10  (12+14),0:55 1-5 Split | 21:03 Avg
467150,https://wa.milesplit.com/meets/252269-glacier-peak-everett-shorewood-2016/results/467150/formatted/,3,Everett High School,https://wa.milesplit.com/teams/6674-everett-high-school,85,15+16+17+18+19  (20+21),4:12 1-5 Split | 24:52 Avg
467148,https://wa.milesplit.com/meets/252269-glacier-peak-everett-shorewood-2016/results/467148/formatted/,1,Shorewood High School,https://wa.milesplit.com/teams/6573-shorewood-high-school,25,1+3+5+7+9  (12+13),0:46 1-5 Split | 19:30 Avg
467148,https://wa.milesplit.com/meets/252269-glacier-peak-everett-shorewood-2016/results/467148/formatted/,2,Glacier Peak High School,https://wa.milesplit.com/teams/20663-glacier-peak-high-school,37,2+6+8+10+11  (17+18),0:29 1-5 Split | 19:42 Avg
467148,https://wa.milesplit.com/meets/252269-glacier-peak-everett-shorewood-2016/results/467148/formatted/,3,Everett High School,https://wa.milesplit.com/teams/6674-everett-high-school,68,4+14+15+16+19  (20+21),1:05 1-5 Split | 20:15 Avg
467149,https://wa.milesplit.com/meets/252269-glacier-peak-everett-shorewood-2016/results/467149/formatted/,1,Glacier Peak High School,https://wa.milesplit.com/teams/20663-glacier-peak-high-school,15,1+2+3+4+5  (6+9),0:22 1-5 Split | 17:05 Avg
467149,https://wa.milesplit.com/meets/252269-glacier-peak-everett-shorewood-2016/results/467149/formatted/,2,Shorewood High School,https://wa.milesplit.com/teams/6573-shorewood-high-school,55,8+10+11+12+14  (15+16),0:47 1-5 Split | 17:53 Avg
467149,https://wa.milesplit.com/meets/252269-glacier-peak-everett-shorewood-2016/results/467149/formatted/,3,Everett High School,https://wa.milesplit.com/teams/6674-everett-high-school,74,7+13+17+18+19  (20),1:56 1-5 Split | 18:33 Avg
464051,https://wa.milesplit.com/meets/246813-gk-vs-olympia-and-puyallup-2016/results/464051/formatted/,1,Olympia High School,https://wa.milesplit.com/teams/6707-olympia-high-school,30,4+5+6+7+8  (9+12),0:9 1-5 Split | 10:44 Avg
464051,https://wa.milesplit.com/meets/246813-gk-vs-olympia-and-puyallup-2016/results/464051/formatted/,2,Puyallup Senior High School,https://wa.milesplit.com/teams/6286-puyallup-senior-high-school,48,2+3+13+14+16  (17+18),0:49 1-5 Split | 10:49 Avg
464051,https://wa.milesplit.com/meets/246813-gk-vs-olympia-and-puyallup-2016/results/464051/formatted/,3,Graham-Kapowsin,https://wa.milesplit.com/teams/7205-graham-kapowsin,56,1+10+11+15+19  (20+21),1:36 1-5 Split | 10:58 Avg
464052,https://wa.milesplit.com/meets/246813-gk-vs-olympia-and-puyallup-2016/results/464052/formatted/,1,Puyallup Senior High School,https://wa.milesplit.com/teams/6286-puyallup-senior-high-school,26,1+3+5+8+9  (10+11),2:00 1-5 Split | 13:11 Avg
464052,https://wa.milesplit.com/meets/246813-gk-vs-olympia-and-puyallup-2016/results/464052/formatted/,2,Olympia High School,https://wa.milesplit.com/teams/6707-olympia-high-school,33,2+4+6+7+14  (15+21),2:07 1-5 Split | 13:29 Avg
464052,https://wa.milesplit.com/meets/246813-gk-vs-olympia-and-puyallup-2016/results/464052/formatted/,3,Graham-Kapowsin,https://wa.milesplit.com/teams/7205-graham-kapowsin,76,12+13+16+17+18  (19+20),2:04 1-5 Split | 15:04 Avg
392712,https://wa.milesplit.com/meets/218893-odea-meet-2015/results/392712/formatted/,1,Roosevelt High School,https://wa.milesplit.com/teams/6587-roosevelt-high-school,15,1+2+3+4+5  (7+12),1:00 1-5 Split | 19:34 Avg
392712,https://wa.milesplit.com/meets/218893-odea-meet-2015/results/392712/formatted/,2,Eastside Catholic High School,https://wa.milesplit.com/teams/6328-eastside-catholic-high-school,52,6+8+11+13+14  (23+24),0:59 1-5 Split | 20:35 Avg
392712,https://wa.milesplit.com/meets/218893-odea-meet-2015/results/392712/formatted/,3,Ballard High School,https://wa.milesplit.com/teams/6583-ballard-high-school,104,16+17+20+21+30  (31+37),0:33 1-5 Split | 21:24 Avg
392712,https://wa.milesplit.com/meets/218893-odea-meet-2015/results/392712/formatted/,4,West Seattle High School,https://wa.milesplit.com/teams/6592-west-seattle-high-school,108,15+18+22+25+28  (29+33),0:27 1-5 Split | 21:27 Avg
392712,https://wa.milesplit.com/meets/218893-odea-meet-2015/results/392712/formatted/,5,O'Dea High School,https://wa.milesplit.com/teams/6429-odea-high-school,121,9+19+27+32+34  (35+36),1:35 1-5 Split | 21:24 Avg
392712,https://wa.milesplit.com/meets/218893-odea-meet-2015/results/392712/formatted/,6,Sealth High School,https://wa.milesplit.com/teams/6591-sealth-high-school,153,10+26+38+39+40,2:16 1-5 Split | 21:57 Avg
392710,https://wa.milesplit.com/meets/218893-odea-meet-2015/results/392710/formatted/,1,Ballard High School,https://wa.milesplit.com/teams/6583-ballard-high-school,28,2+4+6+7+9  (12+24),0:43 1-5 Split | 20:07 Avg
392710,https://wa.milesplit.com/meets/218893-odea-meet-2015/results/392710/formatted/,2,Roosevelt High School,https://wa.milesplit.com/teams/6587-roosevelt-high-school,52,3+8+11+13+17  (20+22),1:56 1-5 Split | 20:54 Avg
392710,https://wa.milesplit.com/meets/218893-odea-meet-2015/results/392710/formatted/,3,Holy Names Academy,https://wa.milesplit.com/teams/6427-holy-names-academy,58,1+10+14+15+18  (19+21),3:53 1-5 Split | 20:41 Avg
392710,https://wa.milesplit.com/meets/218893-odea-meet-2015/results/392710/formatted/,4,Eastside Catholic High School,https://wa.milesplit.com/teams/6328-eastside-catholic-high-school,119,5+26+27+28+33  (37+39),4:50 1-5 Split | 23:10 Avg
392710,https://wa.milesplit.com/meets/218893-odea-meet-2015/results/392710/formatted/,5,West Seattle High School,https://wa.milesplit.com/teams/6592-west-seattle-high-school,127,16+23+25+31+32  (36+38),2:35 1-5 Split | 23:05 Avg
392710,https://wa.milesplit.com/meets/218893-odea-meet-2015/results/392710/formatted/,6,Sealth High School,https://wa.milesplit.com/teams/6591-sealth-high-school,168,29+30+34+35+40  (41+42),5:56 1-5 Split | 25:42 Avg
392711,https://wa.milesplit.com/meets/218893-odea-meet-2015/results/392711/formatted/,1,Ballard High School,https://wa.milesplit.com/teams/6583-ballard-high-school,26,1+2+6+8+9  (11+12),1:16 1-5 Split | 17:00 Avg
392711,https://wa.milesplit.com/meets/218893-odea-meet-2015/results/392711/formatted/,2,O'Dea High School,https://wa.milesplit.com/teams/6429-odea-high-school,53,4+5+13+15+16  (22+23),1:07 1-5 Split | 17:38 Avg
392711,https://wa.milesplit.com/meets/218893-odea-meet-2015/results/392711/formatted/,3,Roosevelt High School,https://wa.milesplit.com/teams/6587-roosevelt-high-school,67,3+10+17+18+19  (20+21),1:43 1-5 Split | 17:50 Avg
392711,https://wa.milesplit.com/meets/218893-odea-meet-2015/results/392711/formatted/,4,Eastside Catholic High School,https://wa.milesplit.com/teams/6328-eastside-catholic-high-school,109,7+14+28+29+31  (33+35),2:35 1-5 Split | 18:45 Avg
392711,https://wa.milesplit.com/meets/218893-odea-meet-2015/results/392711/formatted/,5,West Seattle High School,https://wa.milesplit.com/teams/6592-west-seattle-high-school,132,24+25+26+27+30  (32+34),0:33 1-5 Split | 19:08 Avg
477659,https://wa.milesplit.com/meets/254332-rooseveltballardblancheting-2016/results/477659/formatted/,1,Roosevelt High School,https://wa.milesplit.com/teams/6587-roosevelt-high-school,30,1+2+4+8+15  (24+25),1:03 1-5 Split | 18:55 Avg
477659,https://wa.milesplit.com/meets/254332-rooseveltballardblancheting-2016/results/477659/formatted/,2,Bishop Blanchet High School,https://wa.milesplit.com/teams/6426-bishop-blanchet-high-school,33,3+5+6+7+12  (18+21),0:28 1-5 Split | 18:59 Avg
477659,https://wa.milesplit.com/meets/254332-rooseveltballardblancheting-2016/results/477659/formatted/,3,Ballard High School,https://wa.milesplit.com/teams/6583-ballard-high-school,72,9+13+14+17+19  (20+22),0:39 1-5 Split | 19:26 Avg
477659,https://wa.milesplit.com/meets/254332-rooseveltballardblancheting-2016/results/477659/formatted/,4,Ingraham High School,https://wa.milesplit.com/teams/6364-ingraham-high-school,86,10+11+16+23+26  (27+28),1:13 1-5 Split | 19:40 Avg
477658,https://wa.milesplit.com/meets/254332-rooseveltballardblancheting-2016/results/477658/formatted/,1,Ballard High School,https://wa.milesplit.com/teams/6583-ballard-high-school,21,1+2+5+6+7  (17+22),1:31 1-5 Split | 16:35 Avg
477658,https://wa.milesplit.com/meets/254332-rooseveltballardblancheting-2016/results/477658/formatted/,2,Ingraham High School,https://wa.milesplit.com/teams/6364-ingraham-high-school,45,3+4+11+13+14  (15+16),1:05 1-5 Split | 17:05 Avg
477658,https://wa.milesplit.com/meets/254332-rooseveltballardblancheting-2016/results/477658/formatted/,3,Bishop Blanchet High School,https://wa.milesplit.com/teams/6426-bishop-blanchet-high-school,66,8+9+10+19+20  (21+23),0:41 1-5 Split | 17:28 Avg
477658,https://wa.milesplit.com/meets/254332-rooseveltballardblancheting-2016/results/477658/formatted/,4,Roosevelt High School,https://wa.milesplit.com/teams/6587-roosevelt-high-school,105,12+18+24+25+26  (27+28),3:07 1-5 Split | 19:15 Avg
477658,https://wa.milesplit.com/meets/254332-rooseveltballardblancheting-2016/results/477658/formatted/,1,Ballard High School,https://wa.milesplit.com/teams/6583-ballard-high-school,40,2+4+9+12+13  (22+26),0:51 1-5 Split | 20:07 Avg
477658,https://wa.milesplit.com/meets/254332-rooseveltballardblancheting-2016/results/477658/formatted/,2,Roosevelt High School,https://wa.milesplit.com/teams/6587-roosevelt-high-school,47,1+3+10+16+17  (25+27),1:42 1-5 Split | 20:17 Avg
477658,https://wa.milesplit.com/meets/254332-rooseveltballardblancheting-2016/results/477658/formatted/,3,Bishop Blanchet High School,https://wa.milesplit.com/teams/6426-bishop-blanchet-high-school,58,6+8+11+15+18  (19+20),1:15 1-5 Split | 20:25 Avg
477658,https://wa.milesplit.com/meets/254332-rooseveltballardblancheting-2016/results/477658/formatted/,4,Ingraham High School,https://wa.milesplit.com/teams/6364-ingraham-high-school,70,5+7+14+21+23  (24+28),1:30 1-5 Split | 20:34 Avg
