race_id,url,table_index,table_type,row_count,assigned_parser,detector_score
,https://ut.milesplit.com/meets/214359-american-fork-grass-relays-2015/results,,no_tables,0,katie_fallback,0.0
,https://ut.milesplit.com/meets/217622-region-5-pre-meet-2015/results,1,individual,148,katie_fallback,0.9
,https://ut.milesplit.com/meets/217622-region-5-pre-meet-2015/results,2,team,7,katie_fallback,0.9
,https://ut.milesplit.com/meets/217622-region-5-pre-meet-2015/results,3,individual,103,katie_fallback,0.9
,https://ut.milesplit.com/meets/217622-region-5-pre-meet-2015/results,4,team,7,katie_fallback,0.9
,https://ut.milesplit.com/meets/217598-region-6-pre-meet-2015/results,,no_tables,0,katie_fallback,0.0
,https://ut.milesplit.com/meets/218130-region-v-pre-region-cross-country-meet-2015/results,,no_tables,0,katie_fallback,0.0
,https://ut.milesplit.com/meets/218131-region-vi-pre-regions-2015/results,,no_tables,0,katie_fallback,0.0
,https://ut.milesplit.com/meets/217632-tri-meet-vs-salem-hills-dual-2015/results,,no_tables,0,katie_fallback,0.0
,https://ut.milesplit.com/meets/214354-suu-high-school-invite-2015/results,,no_tables,0,katie_fallback,0.0
,https://ut.milesplit.com/meets/214353-highland-xc-invitational-2015/results,,no_tables,0,katie_fallback,0.0
,https://ut.milesplit.com/meets/217631-pre-region-8-meet-2015/results,,no_tables,0,katie_fallback,0.0
,https://ut.milesplit.com/meets/216376-dart-challenge-2015/results,,cole,0,cole,0.8499999999999999
,https://ut.milesplit.com/meets/214351-premier-cross-country-invitational-2015/results,,no_tables,0,katie_fallback,0.0
,https://www.milesplit.com/meets/194122-aau-junior-olympic-games-2015/results,,no_tables,0,katie_fallback,0.0
,https://ne.milesplit.com/meets/210433-states-games-of-america-2015/results,,cole,0,cole,0.8499999999999999
,https://ut.milesplit.com/meets/214376-sanpete-cross-country-classic-2015/results,,no_tables,0,katie_fallback,0.0
,https://ut.milesplit.com/meets/220013-ogdenweber-city-county-meet-2015/results,,no_tables,0,katie_fallback,0.0
,https://id.milesplit.com/meets/214375-bob-firman-invitational-2015/results,,no_tables,0,katie_fallback,0.0
,https://or.milesplit.com/meets/206488-nike-portland-xc-invite-2015/results,,page_error,0,page_error,
,https://co.milesplit.com/meets/215262-pagosa-springs-wolf-creek-invitational-2015/results,,no_tables,0,katie_fallback,0.0
,https://ut.milesplit.com/meets/218304-wasatch-xc-invitational-2015/results,,no_tables,0,katie_fallback,0.0
,https://ut.milesplit.com/meets/218302-copper-hills-invitational-2015/results,,no_tables,0,katie_fallback,0.0
,https://ut.milesplit.com/meets/218303-nebo-xc-invitational-2015/results,,no_tables,0,katie_fallback,0.0
,https://ut.milesplit.com/meets/218299-john-thornton-invitational-2015/results,,no_tables,0,katie_fallback,0.0
,https://ut.milesplit.com/meets/219284-region-2-tri-meet-west-granger-at-syracuse-2015/results,,no_tables,0,katie_fallback,0.0
,https://ut.milesplit.com/meets/219040-pleasant-grove-viking-invitational-2015/results,,no_tables,0,katie_fallback,0.0
,https://nm.milesplit.com/meets/216365-shiprock-cross-country-invitational-2015/results,,no_tables,0,katie_fallback,0.0
,https://ut.milesplit.com/meets/214374-wasatch-rendezvous-2015/results,,no_tables,0,katie_fallback,0.0
,https://ut.milesplit.com/meets/219021-all-city-meet-2015/results,,no_tables,0,katie_fallback,0.0
,https://ut.milesplit.com/meets/218296-uiaaa-invitational-2015/results,,no_tables,0,katie_fallback,0.0
,https://ut.milesplit.com/meets/219055-davis-county-championship-2015/results,,no_tables,0,katie_fallback,0.0
,https://ut.milesplit.com/meets/218898-region-10-xc-meet-2015/results,1,individual,122,katie_fallback,0.9
,https://ut.milesplit.com/meets/218898-region-10-xc-meet-2015/results,2,team,4,katie_fallback,0.9
,https://ut.milesplit.com/meets/218898-region-10-xc-meet-2015/results,3,individual,68,katie_fallback,0.9
,https://ut.milesplit.com/meets/218898-region-10-xc-meet-2015/results,4,team,3,katie_fallback,0.9
,https://nv.milesplit.com/meets/216301-larry-burgess-invitational-2015/results,,no_tables,0,katie_fallback,0.0
,https://ut.milesplit.com/meets/218242-murray-invitational-2015/results,,no_tables,0,katie_fallback,0.0
,https://ut.milesplit.com/meets/214372-westlake-cross-country-classic-2015/results,,no_tables,0,katie_fallback,0.0
,https://ut.milesplit.com/meets/214370-herriman-invitational-2015/results,,no_tables,0,katie_fallback,0.0
,https://ut.milesplit.com/meets/214352-hurricane-xc-invitational-2015/results,,no_tables,0,katie_fallback,0.0
,https://ut.milesplit.com/meets/218385-uintah-invitational-2015/results,1,individual,70,katie_fallback,0.9
,https://ut.milesplit.com/meets/218385-uintah-invitational-2015/results,2,team,4,katie_fallback,0.9
,https://ut.milesplit.com/meets/218385-uintah-invitational-2015/results,3,individual,47,katie_fallback,0.9
,https://ut.milesplit.com/meets/218385-uintah-invitational-2015/results,4,team,3,katie_fallback,0.9
,https://ut.milesplit.com/meets/218383-west-triangular-2015/results,,no_tables,0,katie_fallback,0.0
,https://ut.milesplit.com/meets/218384-spanish-fork-triangular-2015/results,1,individual,79,katie_fallback,0.9
,https://ut.milesplit.com/meets/218384-spanish-fork-triangular-2015/results,2,team,4,katie_fallback,0.9
,https://ut.milesplit.com/meets/218384-spanish-fork-triangular-2015/results,3,individual,43,katie_fallback,0.9
,https://ut.milesplit.com/meets/218384-spanish-fork-triangular-2015/results,4,team,3,katie_fallback,0.9
,https://ut.milesplit.com/meets/214363-byu-autumn-classic-2015/results,,no_tables,0,katie_fallback,0.0
,https://ut.milesplit.com/meets/218897-utah-county-invitational-2015/results,,no_tables,0,katie_fallback,0.0
,https://nv.milesplit.com/meets/216293-twilight-classic-2015/results,,no_tables,0,katie_fallback,0.0
,https://ut.milesplit.com/meets/214361-utah-state-aggie-invitational-2015/results,,no_tables,0,katie_fallback,0.0
,https://ut.milesplit.com/meets/214357-loyds-lake-classic-2015/results,,no_tables,0,katie_fallback,0.0
,https://ut.milesplit.com/meets/218458-pre-region-10-meet-2015/results,,cole,0,cole,0.8499999999999999
,https://ut.milesplit.com/meets/217927-pre-region-2-meet-2015/results,,no_tables,0,katie_fallback,0.0
,https://ut.milesplit.com/meets/218016-pre-region-4-meet-2015/results,1,individual,228,katie_fallback,0.9
,https://ut.milesplit.com/meets/218016-pre-region-4-meet-2015/results,2,team,7,katie_fallback,0.9
,https://ut.milesplit.com/meets/218016-pre-region-4-meet-2015/results,3,individual,191,katie_fallback,0.9
,https://ut.milesplit.com/meets/218016-pre-region-4-meet-2015/results,4,team,7,katie_fallback,0.9
,https://ut.milesplit.com/meets/217922-pre-region-3-meet-2015/results,1,individual,203,katie_fallback,0.9
,https://ut.milesplit.com/meets/217922-pre-region-3-meet-2015/results,2,team,7,katie_fallback,0.9
,https://ut.milesplit.com/meets/217922-pre-region-3-meet-2015/results,3,individual,101,katie_fallback,0.9
,https://ut.milesplit.com/meets/217922-pre-region-3-meet-2015/results,4,team,7,katie_fallback,0.9
,https://ut.milesplit.com/meets/214380-utah-state-xc-championship-2015/results,,no_tables,0,katie_fallback,0.0
,https://ut.milesplit.com/meets/221574-region-11-meet-2015/results,,no_tables,0,katie_fallback,0.0
,https://ut.milesplit.com/meets/221068-utah-region-10-championships-2015/results,,no_tables,0,katie_fallback,0.0
,https://ut.milesplit.com/meets/221036-utah-region-16-championship-2015/results,,no_tables,0,katie_fallback,0.0
,https://ut.milesplit.com/meets/221067-utah-region-18-championship-2015/results,,no_tables,0,katie_fallback,0.0
,https://ut.milesplit.com/meets/221069-utah-region-3-championships-2015/results,,no_tables,0,katie_fallback,0.0
,https://ut.milesplit.com/meets/221035-utah-region-9-championships-2015/results,,no_tables,0,katie_fallback,0.0
,https://co.milesplit.com/meets/200700-montezuma-cortez-ancient-trails-5k-invitational-2015/results,,no_tables,0,katie_fallback,0.0
,https://ut.milesplit.com/meets/220623-utah-region-7-championships-2015/results,,no_tables,0,katie_fallback,0.0
,https://ut.milesplit.com/meets/220536-region-5-championship-2015/results,,no_tables,0,katie_fallback,0.0
,https://ut.milesplit.com/meets/220537-utah-region-2-championship-2015/results,,no_tables,0,katie_fallback,0.0
,https://ut.milesplit.com/meets/220538-utah-region-4-championships-2015/results,,no_tables,0,katie_fallback,0.0
,https://ut.milesplit.com/meets/220541-utah-region-6-championships-2015/results,,no_tables,0,katie_fallback,0.0
,https://ut.milesplit.com/meets/220540-utah-region-8-championships-2015/results,,no_tables,0,katie_fallback,0.0
,https://ut.milesplit.com/meets/220535-region-11-meet-2015/results,1,individual,102,katie_fallback,0.9
,https://ut.milesplit.com/meets/220535-region-11-meet-2015/results,2,team,4,katie_fallback,0.9
,https://ut.milesplit.com/meets/220535-region-11-meet-2015/results,3,individual,49,katie_fallback,0.9
,https://ut.milesplit.com/meets/220535-region-11-meet-2015/results,4,team,3,katie_fallback,0.9
,https://ut.milesplit.com/meets/220542-titan-xc-meet-2015/results,,no_tables,0,katie_fallback,0.0
,https://co.milesplit.com/meets/205714-chicken-creek-challenge-2015/results,,no_tables,0,katie_fallback,0.0
,https://ut.milesplit.com/meets/214378-cedar-xc-invitational-2015/results,,no_tables,0,katie_fallback,0.0
,https://az.milesplit.com/meets/215472-desert-twilight-xc-festival-2015/results,,no_tables,0,katie_fallback,0.0
,https://ut.milesplit.com/meets/214377-park-city-xc-invitational-2015/results,,no_tables,0,katie_fallback,0.0
,https://ut.milesplit.com/meets/218306-top-of-utah-team-relays-2015/results,,no_tables,0,katie_fallback,0.0
,https://ky.milesplit.com/meets/215197-cross-country-coaches-national-youth-championships-2015/results,,no_tables,0,katie_fallback,0.0
,https://www.milesplit.com/meets/194600-nike-cross-nationals-southwest-regional-2015/results,,no_tables,0,katie_fallback,0.0
,https://tn.milesplit.com/meets/188486-naca-cross-country-championships-2015/results,,no_tables,0,katie_fallback,0.0
,https://ut.milesplit.com/meets/214381-uhstca-pre-foot-locker-invitational-2015/results,,no_tables,0,katie_fallback,0.0
,https://ut.milesplit.com/meets/251211-pre-region-10-meet-2016/results,,no_tables,0,katie_fallback,0.0
,https://ut.milesplit.com/meets/251213-pre-region-2-meet-2016/results,,no_tables,0,katie_fallback,0.0
,https://ut.milesplit.com/meets/251180-pre-region-4-meet-2016/results,,no_tables,0,katie_fallback,0.0
,https://ut.milesplit.com/meets/251181-pre-region-7-meet-2016/results,,no_tables,0,katie_fallback,0.0
,https://ut.milesplit.com/meets/251210-pre-region-3-meet-2016/results,,no_tables,0,katie_fallback,0.0
,https://ut.milesplit.com/meets/251030-suu-high-school-cross-country-invitational-2016/results,,no_tables,0,katie_fallback,0.0
,https://ut.milesplit.com/meets/250918-westlake-grass-relays-2016/results,,no_tables,0,katie_fallback,0.0
,https://ut.milesplit.com/meets/250835-pre-region-6-meet-2016/results,,no_tables,0,katie_fallback,0.0
,https://ut.milesplit.com/meets/250779-pre-region-8-meet-2016/results,,no_tables,0,katie_fallback,0.0
,https://ut.milesplit.com/meets/250399-highland-xc-invitational-2016/results,,no_tables,0,katie_fallback,0.0
,https://ut.milesplit.com/meets/250253-premier-cross-country-invitational-2016/results,,no_tables,0,katie_fallback,0.0
,https://ut.milesplit.com/meets/250259-uintah-trials-2016/results,1,individual,37,katie_fallback,0.9
,https://ut.milesplit.com/meets/250259-uintah-trials-2016/results,2,team,1,katie_fallback,0.9
,https://ut.milesplit.com/meets/250259-uintah-trials-2016/results,3,individual,22,katie_fallback,0.9
,https://ut.milesplit.com/meets/250259-uintah-trials-2016/results,4,team,1,katie_fallback,0.9
,https://ut.milesplit.com/meets/249524-cedar-all-comers-2016/results,1,individual,66,katie_fallback,0.9
,https://ut.milesplit.com/meets/249524-cedar-all-comers-2016/results,2,team,2,katie_fallback,0.9
,https://ut.milesplit.com/meets/249524-cedar-all-comers-2016/results,3,individual,46,katie_fallback,0.9
,https://ut.milesplit.com/meets/249524-cedar-all-comers-2016/results,4,team,2,katie_fallback,0.9
,https://ut.milesplit.com/meets/253591-cedar-xc-invitational-2016/results,,no_tables,0,katie_fallback,0.0
,https://az.milesplit.com/meets/228191-desert-twilight-xc-festival-2016/results,,no_tables,0,katie_fallback,0.0
,https://ut.milesplit.com/meets/253983-park-city-xc-invitational-2016/results,,no_tables,0,katie_fallback,0.0
,https://ut.milesplit.com/meets/253988-red-devil-invitational-2016/results,,no_tables,0,katie_fallback,0.0
,https://ut.milesplit.com/meets/253590-copper-hills-invitational-2016/results,,no_tables,0,katie_fallback,0.0
,https://ut.milesplit.com/meets/253993-box-elder-meet-2016/results,1,individual,114,katie_fallback,0.9
,https://ut.milesplit.com/meets/253993-box-elder-meet-2016/results,2,team,5,katie_fallback,0.9
,https://ut.milesplit.com/meets/253403-davis-open-region-meet-2016/results,1,individual,52,katie_fallback,0.9
,https://ut.milesplit.com/meets/253403-davis-open-region-meet-2016/results,2,team,5,katie_fallback,0.9
,https://ut.milesplit.com/meets/253403-davis-open-region-meet-2016/results,3,individual,45,katie_fallback,0.9
,https://ut.milesplit.com/meets/253403-davis-open-region-meet-2016/results,4,team,5,katie_fallback,0.9
,https://ut.milesplit.com/meets/253384-region-11-open-region-meet-2016/results,,no_tables,0,katie_fallback,0.0
,https://ut.milesplit.com/meets/253589-sanpete-cross-country-classic-2016/results,,no_tables,0,katie_fallback,0.0
,https://id.milesplit.com/meets/242967-bob-firman-invitational-2016/results,,no_tables,0,katie_fallback,0.0
,https://or.milesplit.com/meets/227297-nike-portland-xc-invite-2016/results,,no_tables,0,katie_fallback,0.0
,https://co.milesplit.com/meets/248395-pagosa-springs-wolf-creek-invitational-2016/results,,no_tables,0,katie_fallback,0.0
,https://ut.milesplit.com/meets/253119-royal-run-xc-challenge-2016/results,,no_tables,0,katie_fallback,0.0
,https://ut.milesplit.com/meets/253118-nebo-xc-invitational-2016/results,,no_tables,0,katie_fallback,0.0
,https://ut.milesplit.com/meets/253120-carbon-invitational-2016/results,,no_tables,0,katie_fallback,0.0
,https://ut.milesplit.com/meets/252879-region-10-xc-meet-2016/results,1,individual,85,katie_fallback,0.9
,https://ut.milesplit.com/meets/252879-region-10-xc-meet-2016/results,2,team,6,katie_fallback,0.9
,https://ut.milesplit.com/meets/252879-region-10-xc-meet-2016/results,3,individual,43,katie_fallback,0.9
,https://ut.milesplit.com/meets/252879-region-10-xc-meet-2016/results,4,team,4,katie_fallback,0.9
,https://ut.milesplit.com/meets/252880-region-11-meet-2016/results,1,individual,87,katie_fallback,0.9
,https://ut.milesplit.com/meets/252880-region-11-meet-2016/results,2,team,5,katie_fallback,0.9
,https://ut.milesplit.com/meets/252880-region-11-meet-2016/results,3,individual,54,katie_fallback,0.9
,https://ut.milesplit.com/meets/252880-region-11-meet-2016/results,4,team,4,katie_fallback,0.9
,https://ut.milesplit.com/meets/252543-pleasant-grove-viking-invitational-2016/results,,no_tables,0,katie_fallback,0.0
,https://nm.milesplit.com/meets/247238-shiprock-cross-country-invitational-2016/results,,no_tables,0,katie_fallback,0.0
,https://ut.milesplit.com/meets/252430-uiaaa-invitational-2016/results,,no_tables,0,katie_fallback,0.0
,https://ut.milesplit.com/meets/252440-wasatch-rendezvous-2016/results,,no_tables,0,katie_fallback,0.0
,https://ut.milesplit.com/meets/252436-cache-box-invitational-2016/results,,no_tables,0,katie_fallback,0.0
,https://ut.milesplit.com/meets/252442-hurricane-xc-invitational-2016/results,,no_tables,0,katie_fallback,0.0
,https://ut.milesplit.com/meets/252435-juab-yuba-invitational-2016/results,,no_tables,0,katie_fallback,0.0
,https://ut.milesplit.com/meets/252441-ogdenweber-city-county-meet-2016/results,,no_tables,0,katie_fallback,0.0
,https://ut.milesplit.com/meets/252439-pine-view-vs-desert-hills-2016/results,1,individual,66,katie_fallback,0.9
,https://ut.milesplit.com/meets/252439-pine-view-vs-desert-hills-2016/results,2,team,2,katie_fallback,0.9
,https://ut.milesplit.com/meets/252439-pine-view-vs-desert-hills-2016/results,3,individual,42,katie_fallback,0.9
,https://ut.milesplit.com/meets/252439-pine-view-vs-desert-hills-2016/results,4,team,2,katie_fallback,0.9
,https://nv.milesplit.com/meets/247056-larry-burgess-invitational-2016/results,,no_tables,0,katie_fallback,0.0
,https://ut.milesplit.com/meets/251763-murray-invitational-2016/results,,no_tables,0,katie_fallback,0.0
,https://ut.milesplit.com/meets/251935-stewart-foster-invitational-2016/results,,no_tables,0,katie_fallback,0.0
,https://ut.milesplit.com/meets/251686-region-1011-pre-region-2016/results,,no_tables,0,katie_fallback,0.0
,https://ut.milesplit.com/meets/251880-uintah-invitational-2016/results,,no_tables,0,katie_fallback,0.0
,https://ut.milesplit.com/meets/242965-byu-autumn-classic-2016/results,,no_tables,0,katie_fallback,0.0
,https://ut.milesplit.com/meets/251475-utah-county-invitational-2016/results,,no_tables,0,katie_fallback,0.0
,https://ut.milesplit.com/meets/249352-loyds-lake-classic-2016/results,,no_tables,0,katie_fallback,0.0
,https://nv.milesplit.com/meets/249811-twilight-classic-2016/results,,no_tables,0,katie_fallback,0.0
,https://ut.milesplit.com/meets/251381-utah-state-aggie-invitational-2016/results,,no_tables,0,katie_fallback,0.0
,https://ut.milesplit.com/meets/242968-utah-state-xc-championship-2016/results,,no_tables,0,katie_fallback,0.0
,https://ut.milesplit.com/meets/254386-utah-region-16-championship-2016/results,,no_tables,0,katie_fallback,0.0
,https://ut.milesplit.com/meets/254382-region-18-championships-2016/results,1,individual,38,katie_fallback,0.9
,https://ut.milesplit.com/meets/254382-region-18-championships-2016/results,2,team,6,katie_fallback,0.9
,https://ut.milesplit.com/meets/254382-region-18-championships-2016/results,3,individual,23,katie_fallback,0.9
,https://ut.milesplit.com/meets/254382-region-18-championships-2016/results,4,team,2,katie_fallback,0.9
,https://ut.milesplit.com/meets/254384-utah-region-10-championships-2016/results,,no_tables,0,katie_fallback,0.0
,https://ut.milesplit.com/meets/254385-utah-region-11-championship-2016/results,,no_tables,0,katie_fallback,0.0
,https://ut.milesplit.com/meets/254383-utah-region-9-championships-2016/results,,no_tables,0,katie_fallback,0.0
,https://ut.milesplit.com/meets/254379-utah-region-3-championships-2016/results,,no_tables,0,katie_fallback,0.0
,https://co.milesplit.com/meets/248398-ancient-trails-invitational-2016/results,,no_tables,0,katie_fallback,0.0
,https://ut.milesplit.com/meets/254292-region-5-championship-2016/results,,no_tables,0,katie_fallback,0.0
,https://ut.milesplit.com/meets/254005-region-6-championships-2016/results,,no_tables,0,katie_fallback,0.0
,https://ut.milesplit.com/meets/254004-region-7-championships-2016/results,,no_tables,0,katie_fallback,0.0
,https://ut.milesplit.com/meets/254006-region-8-championships-2016/results,,no_tables,0,katie_fallback,0.0
,https://ut.milesplit.com/meets/254295-utah-region-2-championship-2016/results,,no_tables,0,katie_fallback,0.0
,https://ut.milesplit.com/meets/254293-utah-region-4-championships-2016/results,,no_tables,0,katie_fallback,0.0
,https://ut.milesplit.com/meets/251598-john-thornton-invitational-2016/results,,no_tables,0,katie_fallback,0.0
,https://ut.milesplit.com/meets/254002-region-11-open-meet-2016/results,1,individual,121,katie_fallback,0.9
,https://ut.milesplit.com/meets/254002-region-11-open-meet-2016/results,2,team,5,katie_fallback,0.9
,https://ut.milesplit.com/meets/254002-region-11-open-meet-2016/results,3,individual,78,katie_fallback,0.9
,https://ut.milesplit.com/meets/254002-region-11-open-meet-2016/results,4,team,5,katie_fallback,0.9
,https://ut.milesplit.com/meets/254003-titan-invitational-xc-2016/results,1,individual,111,katie_fallback,0.9
,https://ut.milesplit.com/meets/254003-titan-invitational-xc-2016/results,2,team,8,katie_fallback,0.9
,https://ut.milesplit.com/meets/254003-titan-invitational-xc-2016/results,3,individual,37,katie_fallback,0.9
,https://ut.milesplit.com/meets/254003-titan-invitational-xc-2016/results,4,team,4,katie_fallback,0.9
,https://co.milesplit.com/meets/246516-chicken-creek-challenge-2016/results,,no_tables,0,katie_fallback,0.0
,https://ky.milesplit.com/meets/256075-cross-country-coaches-national-youth-championships-2016/results,,no_tables,0,katie_fallback,0.0
,https://www.milesplit.com/meets/227307-nike-cross-nationals-southwest-regional-2016/results,,no_tables,0,katie_fallback,0.0
,https://tn.milesplit.com/meets/254813-naca-cross-country-championships-2016/results,,no_tables,0,katie_fallback,0.0
,https://ut.milesplit.com/meets/256978-uhstca-pre-foot-locker-invitational-2016/results,,no_tables,0,katie_fallback,0.0
,https://ut.milesplit.com/meets/288794-open-region-13-morgan-2017/results,1,individual,85,katie_fallback,0.9
,https://ut.milesplit.com/meets/288794-open-region-13-morgan-2017/results,2,team,4,katie_fallback,0.9
,https://ut.milesplit.com/meets/288794-open-region-13-morgan-2017/results,3,individual,37,katie_fallback,0.9
,https://ut.milesplit.com/meets/288794-open-region-13-morgan-2017/results,4,team,3,katie_fallback,0.9
,https://ut.milesplit.com/meets/290125-pre-region-4-meet-2017/results,,no_tables,0,katie_fallback,0.0
,https://ut.milesplit.com/meets/289933-pre-region-7-meet-2017/results,1,individual,161,katie_fallback,0.9
,https://ut.milesplit.com/meets/289933-pre-region-7-meet-2017/results,2,team,6,katie_fallback,0.9
,https://ut.milesplit.com/meets/289933-pre-region-7-meet-2017/results,3,individual,121,katie_fallback,0.9
,https://ut.milesplit.com/meets/289933-pre-region-7-meet-2017/results,4,team,5,katie_fallback,0.9
,https://ut.milesplit.com/meets/287846-red-rock-invitational-2017/results,1,individual,162,katie_fallback,0.9
,https://ut.milesplit.com/meets/287846-red-rock-invitational-2017/results,2,team,10,katie_fallback,0.9
,https://ut.milesplit.com/meets/287846-red-rock-invitational-2017/results,3,individual,108,katie_fallback,0.9
,https://ut.milesplit.com/meets/287846-red-rock-invitational-2017/results,4,team,11,katie_fallback,0.9
,https://ut.milesplit.com/meets/288484-pre-region-8-meet-2017/results,,no_tables,0,katie_fallback,0.0
,https://ut.milesplit.com/meets/289672-suu-high-school-invite-2017/results,,no_tables,0,katie_fallback,0.0
,https://ut.milesplit.com/meets/287843-westlake-grass-relays-2017/results,,no_tables,0,katie_fallback,0.0
,https://ut.milesplit.com/meets/287841-loyds-lake-classic-2017/results,1,individual,66,katie_fallback,0.9
,https://ut.milesplit.com/meets/287841-loyds-lake-classic-2017/results,2,team,5,katie_fallback,0.9
,https://ut.milesplit.com/meets/287841-loyds-lake-classic-2017/results,3,individual,41,katie_fallback,0.9
,https://ut.milesplit.com/meets/287841-loyds-lake-classic-2017/results,4,team,4,katie_fallback,0.9
,https://ut.milesplit.com/meets/288612-payson-night-hunt-2017/results,,no_tables,0,katie_fallback,0.0
,https://ut.milesplit.com/meets/289632-the-chase-2017/results,,no_tables,0,katie_fallback,0.0
,https://ut.milesplit.com/meets/288494-pre-region-10-meet-2017/results,,no_tables,0,katie_fallback,0.0
,https://ut.milesplit.com/meets/289532-pre-region-2-meet-2017/results,1,individual,62,katie_fallback,0.9
,https://ut.milesplit.com/meets/289532-pre-region-2-meet-2017/results,2,team,4,katie_fallback,0.9
,https://ut.milesplit.com/meets/289532-pre-region-2-meet-2017/results,3,individual,29,katie_fallback,0.9
,https://ut.milesplit.com/meets/289532-pre-region-2-meet-2017/results,4,team,3,katie_fallback,0.9
,https://ut.milesplit.com/meets/290432-pre-region-8-meet-2017/results,,cole,0,cole,0.8999999999999999
,https://ut.milesplit.com/meets/287840-highland-xc-invitational-2017/results,,no_tables,0,katie_fallback,0.0
,https://ut.milesplit.com/meets/289161-dart-challenge-2017/results,1,individual,18,katie_fallback,0.9
,https://ut.milesplit.com/meets/289161-dart-challenge-2017/results,2,team,1,katie_fallback,0.9
,https://ut.milesplit.com/meets/289161-dart-challenge-2017/results,3,individual,17,katie_fallback,0.9
,https://ut.milesplit.com/meets/289161-dart-challenge-2017/results,4,team,1,katie_fallback,0.9
,https://ut.milesplit.com/meets/288091-premier-cross-country-invitational-2017/results,1,individual,21,katie_fallback,0.9
,https://ut.milesplit.com/meets/288091-premier-cross-country-invitational-2017/results,2,team,3,katie_fallback,0.9
,https://ut.milesplit.com/meets/288091-premier-cross-country-invitational-2017/results,3,individual,20,katie_fallback,0.9
,https://ut.milesplit.com/meets/288091-premier-cross-country-invitational-2017/results,4,team,3,katie_fallback,0.9
,https://ut.milesplit.com/meets/288091-premier-cross-country-invitational-2017/results,5,individual,23,katie_fallback,0.9
,https://ut.milesplit.com/meets/288091-premier-cross-country-invitational-2017/results,6,team,3,katie_fallback,0.9
,https://ut.milesplit.com/meets/288091-premier-cross-country-invitational-2017/results,7,individual,14,katie_fallback,0.9
,https://ut.milesplit.com/meets/288091-premier-cross-country-invitational-2017/results,8,team,2,katie_fallback,0.9
,https://ut.milesplit.com/meets/288091-premier-cross-country-invitational-2017/results,9,individual,143,katie_fallback,0.9
,https://ut.milesplit.com/meets/288091-premier-cross-country-invitational-2017/results,10,team,9,katie_fallback,0.9
,https://ut.milesplit.com/meets/288091-premier-cross-country-invitational-2017/results,11,individual,17,katie_fallback,0.9
,https://ut.milesplit.com/meets/288091-premier-cross-country-invitational-2017/results,12,team,2,katie_fallback,0.9
,https://ut.milesplit.com/meets/288091-premier-cross-country-invitational-2017/results,13,individual,21,katie_fallback,0.9
,https://ut.milesplit.com/meets/288091-premier-cross-country-invitational-2017/results,14,team,3,katie_fallback,0.9
,https://ut.milesplit.com/meets/288091-premier-cross-country-invitational-2017/results,15,individual,19,katie_fallback,0.9
,https://ut.milesplit.com/meets/288091-premier-cross-country-invitational-2017/results,16,team,3,katie_fallback,0.9
,https://ut.milesplit.com/meets/288091-premier-cross-country-invitational-2017/results,17,individual,74,katie_fallback,0.9
,https://ut.milesplit.com/meets/288091-premier-cross-country-invitational-2017/results,18,team,6,katie_fallback,0.9
,https://co.milesplit.com/meets/285850-chicken-creek-challenge-2017/results,,no_tables,0,katie_fallback,0.0
,https://ut.milesplit.com/meets/285629-cedar-xc-invitational-2017/results,,no_tables,0,katie_fallback,0.0
,https://az.milesplit.com/meets/284231-desert-twilight-xc-festival-2017/results,,no_tables,0,katie_fallback,0.0
,https://ut.milesplit.com/meets/285636-park-city-xc-invitational-2017/results,,no_tables,0,katie_fallback,0.0
,https://ut.milesplit.com/meets/289422-red-devil-invitational-2017/results,,no_tables,0,katie_fallback,0.0
,https://ut.milesplit.com/meets/292395-cache-box-invitational-2017/results,,no_tables,0,katie_fallback,0.0
,https://ut.milesplit.com/meets/287861-sanpete-cross-country-classic-2017/results,,no_tables,0,katie_fallback,0.0
,https://www.milesplit.com/meets/284032-bob-firman-invitational-2017/results,,no_tables,0,katie_fallback,0.0
,https://co.milesplit.com/meets/286166-pagosa-springs-cross-country-challenge-2017/results,,no_tables,0,katie_fallback,0.0
,https://ut.milesplit.com/meets/285314-wasatch-rendezvous-2017/results,,no_tables,0,katie_fallback,0.0
,https://ut.milesplit.com/meets/285247-nebo-xc-invitational-2017/results,,no_tables,0,katie_fallback,0.0
,https://ut.milesplit.com/meets/287859-royal-run-cross-country-invitational-2017/results,,no_tables,0,katie_fallback,0.0
,https://ut.milesplit.com/meets/287857-salt-lake-xc-classic-2017/results,,no_tables,0,katie_fallback,0.0
,https://ut.milesplit.com/meets/287856-carbon-invitational-2017/results,,no_tables,0,katie_fallback,0.0
,https://ut.milesplit.com/meets/291849-open-region-11-dino-park-2017/results,1,individual,109,katie_fallback,0.9
,https://ut.milesplit.com/meets/291849-open-region-11-dino-park-2017/results,2,team,6,katie_fallback,0.9
,https://ut.milesplit.com/meets/291849-open-region-11-dino-park-2017/results,3,individual,67,katie_fallback,0.9
,https://ut.milesplit.com/meets/291849-open-region-11-dino-park-2017/results,4,team,6,katie_fallback,0.9
,https://ut.milesplit.com/meets/291850-open-region-judge-2017/results,1,individual,100,katie_fallback,0.9
,https://ut.milesplit.com/meets/291850-open-region-judge-2017/results,2,team,5,katie_fallback,0.9
,https://ut.milesplit.com/meets/291850-open-region-judge-2017/results,3,individual,39,katie_fallback,0.9
,https://ut.milesplit.com/meets/291850-open-region-judge-2017/results,4,team,4,katie_fallback,0.9
,https://ut.milesplit.com/meets/287855-stewart-foster-invitational-2017/results,1,individual,31,katie_fallback,0.9
,https://ut.milesplit.com/meets/287855-stewart-foster-invitational-2017/results,2,team,3,katie_fallback,0.9
,https://ut.milesplit.com/meets/287855-stewart-foster-invitational-2017/results,3,individual,20,katie_fallback,0.9
,https://ut.milesplit.com/meets/287855-stewart-foster-invitational-2017/results,4,team,2,katie_fallback,0.9
,https://ut.milesplit.com/meets/287854-byu-autumn-classic-2017/results,,no_tables,0,katie_fallback,0.0
,https://nm.milesplit.com/meets/288174-shiprock-cross-country-invitational-2017/results,,no_tables,0,katie_fallback,0.0
,https://ut.milesplit.com/meets/284759-uiaaa-invitational-2017/results,,no_tables,0,katie_fallback,0.0
,https://ut.milesplit.com/meets/291178-region-12-open-2017/results,,no_tables,0,katie_fallback,0.0
,https://ut.milesplit.com/meets/287849-hurricane-xc-invitational-2017/results,,no_tables,0,katie_fallback,0.0
,https://ut.milesplit.com/meets/291176-open-region-11-2017/results,1,individual,102,katie_fallback,0.9
,https://ut.milesplit.com/meets/291176-open-region-11-2017/results,2,team,3,katie_fallback,0.9
,https://ut.milesplit.com/meets/291176-open-region-11-2017/results,3,individual,69,katie_fallback,0.9
,https://ut.milesplit.com/meets/291176-open-region-11-2017/results,4,team,4,katie_fallback,0.9
,https://ut.milesplit.com/meets/290991-open-region-13-grantsville-2017/results,1,individual,53,katie_fallback,0.9
,https://ut.milesplit.com/meets/290991-open-region-13-grantsville-2017/results,2,team,3,katie_fallback,0.9
,https://ut.milesplit.com/meets/290991-open-region-13-grantsville-2017/results,3,individual,21,katie_fallback,0.9
,https://ut.milesplit.com/meets/290991-open-region-13-grantsville-2017/results,4,team,2,katie_fallback,0.9
,https://ut.milesplit.com/meets/291014-uintah-invitational-2017/results,1,individual,76,katie_fallback,0.9
,https://ut.milesplit.com/meets/291014-uintah-invitational-2017/results,2,team,4,katie_fallback,0.9
,https://ut.milesplit.com/meets/291014-uintah-invitational-2017/results,3,individual,44,katie_fallback,0.9
,https://ut.milesplit.com/meets/291014-uintah-invitational-2017/results,4,team,3,katie_fallback,0.9
,https://ut.milesplit.com/meets/287852-weber-city-county-meet-2017/results,,no_tables,0,katie_fallback,0.0
,https://nv.milesplit.com/meets/284469-larry-burgess-invitational-2017/results,,no_tables,0,katie_fallback,0.0
,https://ut.milesplit.com/meets/284504-wasatch-xc-invitational-2017/results,,no_tables,0,katie_fallback,0.0
,https://ut.milesplit.com/meets/287848-murray-invitational-2017/results,,no_tables,0,katie_fallback,0.0
,https://ut.milesplit.com/meets/290434-region-11-and-13-pre-region-2017/results,,no_tables,0,katie_fallback,0.0
,https://ut.milesplit.com/meets/290435-region-12-green-canyon-2017/results,,no_tables,0,katie_fallback,0.0
,https://ut.milesplit.com/meets/290256-richfield-open-invitational-2017/results,,no_tables,0,katie_fallback,0.0
,https://ut.milesplit.com/meets/290196-pre-region-3-meet-2017/results,1,individual,192,katie_fallback,0.9
,https://ut.milesplit.com/meets/290196-pre-region-3-meet-2017/results,2,team,5,katie_fallback,0.9
,https://ut.milesplit.com/meets/290196-pre-region-3-meet-2017/results,3,individual,110,katie_fallback,0.9
,https://ut.milesplit.com/meets/290196-pre-region-3-meet-2017/results,4,team,5,katie_fallback,0.9
,https://ut.milesplit.com/meets/284295-utah-county-invitational-2017/results,,no_tables,0,katie_fallback,0.0
,https://ut.milesplit.com/meets/287871-utah-state-xc-championship-2017/results,,no_tables,0,katie_fallback,0.0
,https://ut.milesplit.com/meets/293130-region-11-championships-2017/results,,no_tables,0,katie_fallback,0.0
,https://ut.milesplit.com/meets/293525-region-19-championship-2017/results,,cole,0,cole,0.8999999999999999
,https://ut.milesplit.com/meets/293444-region-21-championships-2017/results,1,individual,22,katie_fallback,0.9
,https://ut.milesplit.com/meets/293444-region-21-championships-2017/results,2,team,3,katie_fallback,0.9
,https://ut.milesplit.com/meets/293444-region-21-championships-2017/results,3,individual,25,katie_fallback,0.9
,https://ut.milesplit.com/meets/293444-region-21-championships-2017/results,4,team,3,katie_fallback,0.9
,https://ut.milesplit.com/meets/286884-utah-region-13-xc-championships-2017/results,,no_tables,0,katie_fallback,0.0
,https://ut.milesplit.com/meets/287870-utah-region-14-championships-2017/results,1,individual,47,katie_fallback,0.9
,https://ut.milesplit.com/meets/287870-utah-region-14-championships-2017/results,2,team,7,katie_fallback,0.9
,https://ut.milesplit.com/meets/287870-utah-region-14-championships-2017/results,3,individual,41,katie_fallback,0.9
,https://ut.milesplit.com/meets/287870-utah-region-14-championships-2017/results,4,team,6,katie_fallback,0.9
,https://ut.milesplit.com/meets/293749-utah-region-16-championship-2017/results,1,individual,50,katie_fallback,0.9
,https://ut.milesplit.com/meets/293749-utah-region-16-championship-2017/results,2,team,5,katie_fallback,0.9
,https://ut.milesplit.com/meets/293749-utah-region-16-championship-2017/results,3,individual,31,katie_fallback,0.9
,https://ut.milesplit.com/meets/293749-utah-region-16-championship-2017/results,4,team,3,katie_fallback,0.9
,https://ut.milesplit.com/meets/293131-region-12-championships-2017/results,,no_tables,0,katie_fallback,0.0
,https://ut.milesplit.com/meets/293132-region-3-championships-2017/results,1,individual,35,katie_fallback,0.9
,https://ut.milesplit.com/meets/293132-region-3-championships-2017/results,2,team,5,katie_fallback,0.9
,https://ut.milesplit.com/meets/293132-region-3-championships-2017/results,3,individual,34,katie_fallback,0.9
,https://ut.milesplit.com/meets/293132-region-3-championships-2017/results,4,team,5,katie_fallback,0.9
,https://ut.milesplit.com/meets/293129-region-9-championships-2017/results,,no_tables,0,katie_fallback,0.0
,https://ut.milesplit.com/meets/293446-utah-region-15-cross-country-championship-2017/results,1,individual,128,katie_fallback,0.9
,https://ut.milesplit.com/meets/293446-utah-region-15-cross-country-championship-2017/results,2,team,7,katie_fallback,0.9
,https://ut.milesplit.com/meets/293446-utah-region-15-cross-country-championship-2017/results,3,individual,70,katie_fallback,0.9
,https://ut.milesplit.com/meets/293446-utah-region-15-cross-country-championship-2017/results,4,team,5,katie_fallback,0.9
,https://co.milesplit.com/meets/283993-ancient-trails-invitational-2017/results,,no_tables,0,katie_fallback,0.0
,https://ut.milesplit.com/meets/292632-region-1-championships-2017/results,,no_tables,0,katie_fallback,0.0
,https://ut.milesplit.com/meets/287863-region-10-championships-2017/results,,no_tables,0,katie_fallback,0.0
,https://ut.milesplit.com/meets/293157-region-4-championships-2017/results,,no_tables,0,katie_fallback,0.0
,https://ut.milesplit.com/meets/287865-region-5-championship-2017/results,,no_tables,0,katie_fallback,0.0
,https://ut.milesplit.com/meets/287867-region-6-championships-2017/results,,no_tables,0,katie_fallback,0.0
,https://ut.milesplit.com/meets/292633-region-7-championships-2017/results,,no_tables,0,katie_fallback,0.0
,https://ut.milesplit.com/meets/287868-region-8-championships-2017/results,,no_tables,0,katie_fallback,0.0
,https://ut.milesplit.com/meets/286126-utah-region-2-championship-2017/results,,no_tables,0,katie_fallback,0.0
,https://ut.milesplit.com/meets/285907-catholic-school-championships-2017/results,1,individual,40,katie_fallback,0.9
,https://ut.milesplit.com/meets/285907-catholic-school-championships-2017/results,2,team,2,katie_fallback,0.9
,https://ut.milesplit.com/meets/285907-catholic-school-championships-2017/results,3,individual,21,katie_fallback,0.9
,https://ut.milesplit.com/meets/285907-catholic-school-championships-2017/results,4,team,2,katie_fallback,0.9
,https://ut.milesplit.com/meets/293043-titan-invitational-xc-2017/results,1,individual,54,katie_fallback,0.9
,https://ut.milesplit.com/meets/293043-titan-invitational-xc-2017/results,2,team,5,katie_fallback,0.9
,https://ut.milesplit.com/meets/293043-titan-invitational-xc-2017/results,3,individual,34,katie_fallback,0.9
,https://ut.milesplit.com/meets/293043-titan-invitational-xc-2017/results,4,team,4,katie_fallback,0.9
,https://ky.milesplit.com/meets/285452-cross-country-coaches-national-youth-championships-2017/results,,no_tables,0,katie_fallback,0.0
,https://www.milesplit.com/meets/283726-nike-cross-regionals-southwest-2017/results,,no_tables,0,katie_fallback,0.0
,https://tn.milesplit.com/meets/289250-naca-cross-country-championships-2017/results,,no_tables,0,katie_fallback,0.0
,https://ut.milesplit.com/meets/295186-uhstca-pre-foot-locker-invitational-2017/results,1,individual,236,katie_fallback,0.9
,https://ut.milesplit.com/meets/295186-uhstca-pre-foot-locker-invitational-2017/results,2,team,15,katie_fallback,0.9
,https://ut.milesplit.com/meets/295186-uhstca-pre-foot-locker-invitational-2017/results,3,individual,168,katie_fallback,0.9
,https://ut.milesplit.com/meets/295186-uhstca-pre-foot-locker-invitational-2017/results,4,team,13,katie_fallback,0.9
,https://ut.milesplit.com/meets/324595-loyds-lake-classic-2018/results,,no_tables,0,katie_fallback,0.0
,https://ut.milesplit.com/meets/324304-weber-state-xc-invitational-2018/results,,no_tables,0,katie_fallback,0.0
,https://ut.milesplit.com/meets/328308-pre-region-13-meet-2018/results,1,individual,61,katie_fallback,0.9
,https://ut.milesplit.com/meets/328308-pre-region-13-meet-2018/results,2,team,3,katie_fallback,0.9
,https://ut.milesplit.com/meets/328308-pre-region-13-meet-2018/results,3,individual,32,katie_fallback,0.9
,https://ut.milesplit.com/meets/328308-pre-region-13-meet-2018/results,4,team,3,katie_fallback,0.9
,https://ut.milesplit.com/meets/328216-pre-region-4-meet-2018/results,,no_tables,0,katie_fallback,0.0
,https://ut.milesplit.com/meets/328176-pre-region-8-meet-2018/results,,no_tables,0,katie_fallback,0.0
,https://ut.milesplit.com/meets/328127-salem-hills-quad-2018/results,1,individual,70,katie_fallback,0.9
,https://ut.milesplit.com/meets/328127-salem-hills-quad-2018/results,2,team,4,katie_fallback,0.9
,https://ut.milesplit.com/meets/328127-salem-hills-quad-2018/results,3,individual,64,katie_fallback,0.9
,https://ut.milesplit.com/meets/328127-salem-hills-quad-2018/results,4,team,4,katie_fallback,0.9
,https://ut.milesplit.com/meets/326314-suu-high-school-invite-2018/results,1,individual,207,katie_fallback,0.9
,https://ut.milesplit.com/meets/326314-suu-high-school-invite-2018/results,2,team,9,katie_fallback,0.9
,https://ut.milesplit.com/meets/326314-suu-high-school-invite-2018/results,3,individual,56,katie_fallback,0.9
,https://ut.milesplit.com/meets/326314-suu-high-school-invite-2018/results,4,team,8,katie_fallback,0.9
,https://ut.milesplit.com/meets/326314-suu-high-school-invite-2018/results,5,individual,158,katie_fallback,0.9
,https://ut.milesplit.com/meets/326314-suu-high-school-invite-2018/results,6,team,9,katie_fallback,0.9
,https://ut.milesplit.com/meets/326314-suu-high-school-invite-2018/results,7,individual,49,katie_fallback,0.9
,https://ut.milesplit.com/meets/326314-suu-high-school-invite-2018/results,8,team,7,katie_fallback,0.9
,https://ut.milesplit.com/meets/326313-westlake-grass-relays-2018/results,,no_tables,0,katie_fallback,0.0
,https://ut.milesplit.com/meets/323157-royal-run-xc-invitational-2018/results,,no_tables,0,katie_fallback,0.0
,https://ut.milesplit.com/meets/324303-badger-invitational-2018/results,1,individual,74,katie_fallback,0.9
,https://ut.milesplit.com/meets/324303-badger-invitational-2018/results,2,team,6,katie_fallback,0.9
,https://ut.milesplit.com/meets/324303-badger-invitational-2018/results,3,individual,51,katie_fallback,0.9
,https://ut.milesplit.com/meets/324303-badger-invitational-2018/results,4,team,7,katie_fallback,0.9
,https://ut.milesplit.com/meets/327817-pre-region-11-meet-2018/results,,no_tables,0,katie_fallback,0.0
,https://ut.milesplit.com/meets/327741-pre-region-10-meet-2018/results,,no_tables,0,katie_fallback,0.0
,https://ut.milesplit.com/meets/327601-region-12-bear-river-meet-2018/results,1,individual,46,katie_fallback,0.9
,https://ut.milesplit.com/meets/327601-region-12-bear-river-meet-2018/results,2,team,3,katie_fallback,0.9
,https://ut.milesplit.com/meets/327601-region-12-bear-river-meet-2018/results,3,individual,50,katie_fallback,0.9
,https://ut.milesplit.com/meets/327601-region-12-bear-river-meet-2018/results,4,team,3,katie_fallback,0.9
,https://ut.milesplit.com/meets/327601-region-12-bear-river-meet-2018/results,5,individual,69,katie_fallback,0.9
,https://ut.milesplit.com/meets/327601-region-12-bear-river-meet-2018/results,6,team,3,katie_fallback,0.9
,https://ut.milesplit.com/meets/323156-highland-invitational-2018/results,,no_tables,0,katie_fallback,0.0
,https://ut.milesplit.com/meets/325906-premier-invitational-2018/results,,no_tables,0,katie_fallback,0.0
,https://co.milesplit.com/meets/323324-chicken-creek-challenge-2018/results,,no_tables,0,katie_fallback,0.0
,https://ut.milesplit.com/meets/330714-cedar-xc-invitational-2018/results,,no_tables,0,katie_fallback,0.0
,https://az.milesplit.com/meets/324969-nike-desert-twilight-festival-2018/results,,no_tables,0,katie_fallback,0.0
,https://ut.milesplit.com/meets/324603-park-city-xc-invitational-2018/results,,no_tables,0,katie_fallback,0.0
,https://ut.milesplit.com/meets/330732-cache-box-invitational-2018/results,1,individual,193,katie_fallback,0.9
,https://ut.milesplit.com/meets/330732-cache-box-invitational-2018/results,2,team,10,katie_fallback,0.9
,https://ut.milesplit.com/meets/330732-cache-box-invitational-2018/results,3,individual,60,katie_fallback,0.9
,https://ut.milesplit.com/meets/330732-cache-box-invitational-2018/results,4,team,9,katie_fallback,0.9
,https://ut.milesplit.com/meets/330732-cache-box-invitational-2018/results,5,individual,119,katie_fallback,0.9
,https://ut.milesplit.com/meets/330732-cache-box-invitational-2018/results,6,team,9,katie_fallback,0.9
,https://ut.milesplit.com/meets/330732-cache-box-invitational-2018/results,7,individual,59,katie_fallback,0.9
,https://ut.milesplit.com/meets/330732-cache-box-invitational-2018/results,8,team,9,katie_fallback,0.9
,https://ut.milesplit.com/meets/324602-john-thornton-invitational-2018/results,1,individual,17,katie_fallback,0.9
,https://ut.milesplit.com/meets/324602-john-thornton-invitational-2018/results,2,team,2,katie_fallback,0.9
,https://ut.milesplit.com/meets/324602-john-thornton-invitational-2018/results,3,individual,40,katie_fallback,0.9
,https://ut.milesplit.com/meets/324602-john-thornton-invitational-2018/results,4,team,4,katie_fallback,0.9
,https://ut.milesplit.com/meets/324602-john-thornton-invitational-2018/results,5,individual,13,katie_fallback,0.9
,https://ut.milesplit.com/meets/324602-john-thornton-invitational-2018/results,6,team,1,katie_fallback,0.9
,https://ut.milesplit.com/meets/324602-john-thornton-invitational-2018/results,7,individual,35,katie_fallback,0.9
,https://ut.milesplit.com/meets/324602-john-thornton-invitational-2018/results,8,team,5,katie_fallback,0.9
,https://ut.milesplit.com/meets/330487-red-devil-invitational-2018/results,,no_tables,0,katie_fallback,0.0
,https://ut.milesplit.com/meets/325207-region-14-pre-region-meet-2018/results,1,individual,63,katie_fallback,0.9
,https://ut.milesplit.com/meets/325207-region-14-pre-region-meet-2018/results,2,team,5,katie_fallback,0.9
,https://ut.milesplit.com/meets/325207-region-14-pre-region-meet-2018/results,3,individual,41,katie_fallback,0.9
,https://ut.milesplit.com/meets/325207-region-14-pre-region-meet-2018/results,4,team,5,katie_fallback,0.9
,https://ut.milesplit.com/meets/325207-region-14-pre-region-meet-2018/results,5,individual,12,katie_fallback,0.9
,https://ut.milesplit.com/meets/325207-region-14-pre-region-meet-2018/results,6,team,1,katie_fallback,0.9
,https://ut.milesplit.com/meets/325207-region-14-pre-region-meet-2018/results,7,individual,35,katie_fallback,0.9
,https://ut.milesplit.com/meets/325207-region-14-pre-region-meet-2018/results,8,team,4,katie_fallback,0.9
,https://ut.milesplit.com/meets/330283-monument-valley-cougar-meet-2018/results,,no_tables,0,katie_fallback,0.0
,https://co.milesplit.com/meets/320357-pagosa-springs-cross-country-challenge-2018/results,,no_tables,0,katie_fallback,0.0
,https://ut.milesplit.com/meets/330315-wasatch-rendezvous-2018/results,1,individual,108,katie_fallback,0.9
,https://ut.milesplit.com/meets/330315-wasatch-rendezvous-2018/results,2,team,8,katie_fallback,0.9
,https://ut.milesplit.com/meets/330315-wasatch-rendezvous-2018/results,3,individual,5,katie_fallback,0.9
,https://ut.milesplit.com/meets/330315-wasatch-rendezvous-2018/results,4,individual,43,katie_fallback,0.9
,https://ut.milesplit.com/meets/330315-wasatch-rendezvous-2018/results,5,team,6,katie_fallback,0.9
,https://ut.milesplit.com/meets/330315-wasatch-rendezvous-2018/results,6,individual,63,katie_fallback,0.9
,https://ut.milesplit.com/meets/330315-wasatch-rendezvous-2018/results,7,team,3,katie_fallback,0.9
,https://ut.milesplit.com/meets/330315-wasatch-rendezvous-2018/results,8,individual,2,katie_fallback,0.9
,https://ut.milesplit.com/meets/330315-wasatch-rendezvous-2018/results,9,individual,35,katie_fallback,0.9
,https://ut.milesplit.com/meets/330315-wasatch-rendezvous-2018/results,10,team,5,katie_fallback,0.9
,https://www.milesplit.com/meets/303755-bob-firman-invitational-2018/results,,no_tables,0,katie_fallback,0.0
,https://ut.milesplit.com/meets/329887-nebo-xc-invitational-2018/results,,no_tables,0,katie_fallback,0.0
,https://ut.milesplit.com/meets/324600-salt-lake-xc-classic-2018/results,1,individual,264,katie_fallback,0.9
,https://ut.milesplit.com/meets/324600-salt-lake-xc-classic-2018/results,2,team,16,katie_fallback,0.9
,https://ut.milesplit.com/meets/324600-salt-lake-xc-classic-2018/results,3,individual,238,katie_fallback,0.9
,https://ut.milesplit.com/meets/324600-salt-lake-xc-classic-2018/results,4,team,17,katie_fallback,0.9
,https://ut.milesplit.com/meets/324600-salt-lake-xc-classic-2018/results,5,individual,124,katie_fallback,0.9
,https://ut.milesplit.com/meets/324600-salt-lake-xc-classic-2018/results,6,team,18,katie_fallback,0.9
,https://ut.milesplit.com/meets/324600-salt-lake-xc-classic-2018/results,7,individual,110,katie_fallback,0.9
,https://ut.milesplit.com/meets/324600-salt-lake-xc-classic-2018/results,8,team,11,katie_fallback,0.9
,https://ut.milesplit.com/meets/324600-salt-lake-xc-classic-2018/results,9,individual,162,katie_fallback,0.9
,https://ut.milesplit.com/meets/324600-salt-lake-xc-classic-2018/results,10,team,15,katie_fallback,0.9
,https://ut.milesplit.com/meets/324600-salt-lake-xc-classic-2018/results,11,individual,107,katie_fallback,0.9
,https://ut.milesplit.com/meets/324600-salt-lake-xc-classic-2018/results,12,team,14,katie_fallback,0.9
,https://ut.milesplit.com/meets/324599-carbon-invitational-2018/results,,no_tables,0,katie_fallback,0.0
,https://ut.milesplit.com/meets/329988-region-13-open-judge-2018/results,1,individual,87,katie_fallback,0.9
,https://ut.milesplit.com/meets/329988-region-13-open-judge-2018/results,2,team,6,katie_fallback,0.9
,https://ut.milesplit.com/meets/329988-region-13-open-judge-2018/results,3,individual,41,katie_fallback,0.9
,https://ut.milesplit.com/meets/329988-region-13-open-judge-2018/results,4,team,3,katie_fallback,0.9
,https://ut.milesplit.com/meets/329967-region-ii-tri-meet-kearns-hunter-granger-2018/results,1,individual,47,katie_fallback,0.9
,https://ut.milesplit.com/meets/329967-region-ii-tri-meet-kearns-hunter-granger-2018/results,2,team,3,katie_fallback,0.9
,https://ut.milesplit.com/meets/329967-region-ii-tri-meet-kearns-hunter-granger-2018/results,3,individual,28,katie_fallback,0.9
,https://ut.milesplit.com/meets/329967-region-ii-tri-meet-kearns-hunter-granger-2018/results,4,team,2,katie_fallback,0.9
,https://ut.milesplit.com/meets/326315-stewart-foster-invitational-2018/results,,no_tables,0,katie_fallback,0.0
,https://ut.milesplit.com/meets/324598-byu-autumn-classic-2018/results,,no_tables,0,katie_fallback,0.0
,https://ca.milesplit.com/meets/323909-woodbridge-cross-country-classic-2018/results,,no_tables,0,katie_fallback,0.0
,https://ut.milesplit.com/meets/329490-copper-hills-tri-2018/results,1,individual,63,katie_fallback,0.9
,https://ut.milesplit.com/meets/329490-copper-hills-tri-2018/results,2,team,3,katie_fallback,0.9
,https://ut.milesplit.com/meets/329490-copper-hills-tri-2018/results,3,individual,51,katie_fallback,0.9
,https://ut.milesplit.com/meets/329490-copper-hills-tri-2018/results,4,team,3,katie_fallback,0.9
,https://ut.milesplit.com/meets/329463-davis-county-invitational-2018/results,1,individual,165,katie_fallback,0.9
,https://ut.milesplit.com/meets/329463-davis-county-invitational-2018/results,2,team,8,katie_fallback,0.9
,https://ut.milesplit.com/meets/329463-davis-county-invitational-2018/results,3,individual,81,katie_fallback,0.9
,https://ut.milesplit.com/meets/329463-davis-county-invitational-2018/results,4,team,9,katie_fallback,0.9
,https://ut.milesplit.com/meets/329463-davis-county-invitational-2018/results,5,individual,82,katie_fallback,0.9
,https://ut.milesplit.com/meets/329463-davis-county-invitational-2018/results,6,team,6,katie_fallback,0.9
,https://ut.milesplit.com/meets/329463-davis-county-invitational-2018/results,7,individual,61,katie_fallback,0.9
,https://ut.milesplit.com/meets/329463-davis-county-invitational-2018/results,8,team,6,katie_fallback,0.9
,https://ut.milesplit.com/meets/329446-hurricane-xc-invitational-2018/results,1,individual,136,katie_fallback,0.9
,https://ut.milesplit.com/meets/329446-hurricane-xc-invitational-2018/results,2,team,7,katie_fallback,0.9
,https://ut.milesplit.com/meets/329446-hurricane-xc-invitational-2018/results,3,individual,41,katie_fallback,0.9
,https://ut.milesplit.com/meets/329446-hurricane-xc-invitational-2018/results,4,team,5,katie_fallback,0.9
,https://ut.milesplit.com/meets/329446-hurricane-xc-invitational-2018/results,5,individual,132,katie_fallback,0.9
,https://ut.milesplit.com/meets/329446-hurricane-xc-invitational-2018/results,6,team,8,katie_fallback,0.9
,https://ut.milesplit.com/meets/329446-hurricane-xc-invitational-2018/results,7,individual,40,katie_fallback,0.9
,https://ut.milesplit.com/meets/329446-hurricane-xc-invitational-2018/results,8,team,6,katie_fallback,0.9
,https://ut.milesplit.com/meets/329450-juab-yuba-invitational-2018/results,1,individual,159,katie_fallback,0.9
,https://ut.milesplit.com/meets/329450-juab-yuba-invitational-2018/results,2,team,7,katie_fallback,0.9
,https://ut.milesplit.com/meets/329450-juab-yuba-invitational-2018/results,3,individual,3,katie_fallback,0.9
,https://ut.milesplit.com/meets/329450-juab-yuba-invitational-2018/results,4,individual,108,katie_fallback,0.9
,https://ut.milesplit.com/meets/329450-juab-yuba-invitational-2018/results,5,team,8,katie_fallback,0.9
,https://ut.milesplit.com/meets/329354-region-11-open-2018/results,1,individual,73,katie_fallback,0.9
,https://ut.milesplit.com/meets/329354-region-11-open-2018/results,2,team,3,katie_fallback,0.9
,https://ut.milesplit.com/meets/329354-region-11-open-2018/results,3,individual,41,katie_fallback,0.9
,https://ut.milesplit.com/meets/329354-region-11-open-2018/results,4,team,3,katie_fallback,0.9
,https://ut.milesplit.com/meets/329434-region-12-green-canyon-2018/results,1,individual,67,katie_fallback,0.9
,https://ut.milesplit.com/meets/329434-region-12-green-canyon-2018/results,2,team,4,katie_fallback,0.9
,https://ut.milesplit.com/meets/329434-region-12-green-canyon-2018/results,3,individual,28,katie_fallback,0.9
,https://ut.milesplit.com/meets/329434-region-12-green-canyon-2018/results,4,team,4,katie_fallback,0.9
,https://ut.milesplit.com/meets/329434-region-12-green-canyon-2018/results,5,individual,28,katie_fallback,0.9
,https://ut.milesplit.com/meets/329434-region-12-green-canyon-2018/results,6,team,4,katie_fallback,0.9
,https://ut.milesplit.com/meets/329434-region-12-green-canyon-2018/results,7,individual,27,katie_fallback,0.9
,https://ut.milesplit.com/meets/329434-region-12-green-canyon-2018/results,8,team,4,katie_fallback,0.9
,https://ut.milesplit.com/meets/329326-region-13-open-region-grantsville-2018/results,,cole,0,cole,0.95
,https://ut.milesplit.com/meets/329433-uintah-invitational-2018/results,,no_tables,0,katie_fallback,0.0
,https://ut.milesplit.com/meets/329448-weber-city-county-meet-2018/results,1,individual,145,katie_fallback,0.9
,https://ut.milesplit.com/meets/329448-weber-city-county-meet-2018/results,2,team,8,katie_fallback,0.9
,https://ut.milesplit.com/meets/329448-weber-city-county-meet-2018/results,3,individual,47,katie_fallback,0.9
,https://ut.milesplit.com/meets/329448-weber-city-county-meet-2018/results,4,team,7,katie_fallback,0.9
,https://ut.milesplit.com/meets/329448-weber-city-county-meet-2018/results,5,individual,55,katie_fallback,0.9
,https://ut.milesplit.com/meets/329448-weber-city-county-meet-2018/results,6,team,4,katie_fallback,0.9
,https://ut.milesplit.com/meets/329448-weber-city-county-meet-2018/results,7,individual,42,katie_fallback,0.9
,https://ut.milesplit.com/meets/329448-weber-city-county-meet-2018/results,8,team,6,katie_fallback,0.9
,https://ia.milesplit.com/meets/329313-weber-city-invitational-2018/results,1,individual,145,katie_fallback,0.9
,https://ia.milesplit.com/meets/329313-weber-city-invitational-2018/results,2,team,8,katie_fallback,0.9
,https://ia.milesplit.com/meets/329313-weber-city-invitational-2018/results,3,individual,47,katie_fallback,0.9
,https://ia.milesplit.com/meets/329313-weber-city-invitational-2018/results,4,team,7,katie_fallback,0.9
,https://ia.milesplit.com/meets/329313-weber-city-invitational-2018/results,5,individual,55,katie_fallback,0.9
,https://ia.milesplit.com/meets/329313-weber-city-invitational-2018/results,6,team,4,katie_fallback,0.9
,https://ia.milesplit.com/meets/329313-weber-city-invitational-2018/results,7,individual,42,katie_fallback,0.9
,https://ia.milesplit.com/meets/329313-weber-city-invitational-2018/results,8,team,6,katie_fallback,0.9
,https://ut.milesplit.com/meets/324597-wasatch-xc-invitational-2018/results,,no_tables,0,katie_fallback,0.0
,https://ut.milesplit.com/meets/324305-murray-invitational-2018/results,,no_tables,0,katie_fallback,0.0
,https://ut.milesplit.com/meets/325206-payson-night-hunt-2018/results,,no_tables,0,katie_fallback,0.0
,https://ut.milesplit.com/meets/328726-pre-region-region-11-and-13-2018/results,1,individual,239,katie_fallback,0.9
,https://ut.milesplit.com/meets/328726-pre-region-region-11-and-13-2018/results,2,team,10,katie_fallback,0.9
,https://ut.milesplit.com/meets/328726-pre-region-region-11-and-13-2018/results,3,individual,151,katie_fallback,0.9
,https://ut.milesplit.com/meets/328726-pre-region-region-11-and-13-2018/results,4,team,9,katie_fallback,0.9
,https://ut.milesplit.com/meets/328725-region-2-quad-2018/results,1,individual,51,katie_fallback,0.9
,https://ut.milesplit.com/meets/328725-region-2-quad-2018/results,2,team,3,katie_fallback,0.9
,https://ut.milesplit.com/meets/328725-region-2-quad-2018/results,3,individual,23,katie_fallback,0.9
,https://ut.milesplit.com/meets/328725-region-2-quad-2018/results,4,team,2,katie_fallback,0.9
,https://ut.milesplit.com/meets/325204-pre-region-3-meet-2018/results,,no_tables,0,katie_fallback,0.0
,https://ut.milesplit.com/meets/323158-utah-county-xc-invitational-2018/results,,no_tables,0,katie_fallback,0.0
,https://ut.milesplit.com/meets/325212-utah-state-xc-championship-2018/results,,no_tables,0,katie_fallback,0.0
,https://ut.milesplit.com/meets/332183-region-11-championships-2018/results,1,individual,110,katie_fallback,0.9
,https://ut.milesplit.com/meets/332183-region-11-championships-2018/results,2,team,6,katie_fallback,0.9
,https://ut.milesplit.com/meets/332183-region-11-championships-2018/results,3,individual,46,katie_fallback,0.9
,https://ut.milesplit.com/meets/332183-region-11-championships-2018/results,4,team,6,katie_fallback,0.9
,https://ut.milesplit.com/meets/332183-region-11-championships-2018/results,5,individual,71,katie_fallback,0.9
,https://ut.milesplit.com/meets/332183-region-11-championships-2018/results,6,team,4,katie_fallback,0.9
,https://ut.milesplit.com/meets/332183-region-11-championships-2018/results,7,individual,43,katie_fallback,0.9
,https://ut.milesplit.com/meets/332183-region-11-championships-2018/results,8,team,5,katie_fallback,0.9
,https://ut.milesplit.com/meets/332151-region-19-championship-2018/results,1,individual,38,katie_fallback,0.9
,https://ut.milesplit.com/meets/332151-region-19-championship-2018/results,2,team,3,katie_fallback,0.9
,https://ut.milesplit.com/meets/332151-region-19-championship-2018/results,3,individual,29,katie_fallback,0.9
,https://ut.milesplit.com/meets/332151-region-19-championship-2018/results,4,team,3,katie_fallback,0.9
,https://ut.milesplit.com/meets/332153-region-21-championships-2018/results,1,individual,27,katie_fallback,0.9
,https://ut.milesplit.com/meets/332153-region-21-championships-2018/results,2,team,4,katie_fallback,0.9
,https://ut.milesplit.com/meets/332153-region-21-championships-2018/results,3,individual,18,katie_fallback,0.9
,https://ut.milesplit.com/meets/332153-region-21-championships-2018/results,4,team,1,katie_fallback,0.9
,https://ut.milesplit.com/meets/332182-utah-region-13-xc-championships-2018/results,1,individual,60,katie_fallback,0.9
,https://ut.milesplit.com/meets/332182-utah-region-13-xc-championships-2018/results,2,team,3,katie_fallback,0.9
,https://ut.milesplit.com/meets/332182-utah-region-13-xc-championships-2018/results,3,individual,32,katie_fallback,0.9
,https://ut.milesplit.com/meets/332182-utah-region-13-xc-championships-2018/results,4,team,4,katie_fallback,0.9
,https://ut.milesplit.com/meets/332182-utah-region-13-xc-championships-2018/results,5,individual,18,katie_fallback,0.9
,https://ut.milesplit.com/meets/332182-utah-region-13-xc-championships-2018/results,6,team,2,katie_fallback,0.9
,https://ut.milesplit.com/meets/332182-utah-region-13-xc-championships-2018/results,7,individual,32,katie_fallback,0.9
,https://ut.milesplit.com/meets/332182-utah-region-13-xc-championships-2018/results,8,team,5,katie_fallback,0.9
,https://ut.milesplit.com/meets/324609-utah-region-14-championships-2018/results,1,individual,56,katie_fallback,0.9
,https://ut.milesplit.com/meets/324609-utah-region-14-championships-2018/results,2,team,4,katie_fallback,0.9
,https://ut.milesplit.com/meets/324609-utah-region-14-championships-2018/results,3,individual,43,katie_fallback,0.9
,https://ut.milesplit.com/meets/324609-utah-region-14-championships-2018/results,4,team,7,katie_fallback,0.9
,https://ut.milesplit.com/meets/324609-utah-region-14-championships-2018/results,5,individual,12,katie_fallback,0.9
,https://ut.milesplit.com/meets/324609-utah-region-14-championships-2018/results,6,team,1,katie_fallback,0.9
,https://ut.milesplit.com/meets/324609-utah-region-14-championships-2018/results,7,individual,33,katie_fallback,0.9
,https://ut.milesplit.com/meets/324609-utah-region-14-championships-2018/results,8,team,4,katie_fallback,0.9
,https://ut.milesplit.com/meets/332300-utah-region-17-championships-2018/results,1,individual,49,katie_fallback,0.9
,https://ut.milesplit.com/meets/332300-utah-region-17-championships-2018/results,2,team,4,katie_fallback,0.9
,https://ut.milesplit.com/meets/332300-utah-region-17-championships-2018/results,3,individual,20,katie_fallback,0.9
,https://ut.milesplit.com/meets/332300-utah-region-17-championships-2018/results,4,team,1,katie_fallback,0.9
,https://ut.milesplit.com/meets/332011-region-12-championships-2018/results,,no_tables,0,katie_fallback,0.0
,https://ut.milesplit.com/meets/325211-region-3-championships-2018/results,1,individual,136,katie_fallback,0.9
,https://ut.milesplit.com/meets/325211-region-3-championships-2018/results,2,team,5,katie_fallback,0.9
,https://ut.milesplit.com/meets/325211-region-3-championships-2018/results,3,individual,35,katie_fallback,0.9
,https://ut.milesplit.com/meets/325211-region-3-championships-2018/results,4,team,5,katie_fallback,0.9
,https://ut.milesplit.com/meets/325211-region-3-championships-2018/results,5,individual,80,katie_fallback,0.9
,https://ut.milesplit.com/meets/325211-region-3-championships-2018/results,6,team,5,katie_fallback,0.9
,https://ut.milesplit.com/meets/325211-region-3-championships-2018/results,7,individual,36,katie_fallback,0.9
,https://ut.milesplit.com/meets/325211-region-3-championships-2018/results,8,team,5,katie_fallback,0.9
,https://ut.milesplit.com/meets/331492-region-9-championships-2018/results,,no_tables,0,katie_fallback,0.0
,https://ut.milesplit.com/meets/324608-utah-region-15-cross-country-championship-2018/results,,no_tables,0,katie_fallback,0.0
,https://co.milesplit.com/meets/322484-ancient-trails-invitational-2018/results,,no_tables,0,katie_fallback,0.0
,https://ut.milesplit.com/meets/331602-region-1-championships-2018/results,1,individual,160,katie_fallback,0.9
,https://ut.milesplit.com/meets/331602-region-1-championships-2018/results,2,team,7,katie_fallback,0.9
,https://ut.milesplit.com/meets/331602-region-1-championships-2018/results,3,individual,62,katie_fallback,0.9
,https://ut.milesplit.com/meets/331602-region-1-championships-2018/results,4,team,7,katie_fallback,0.9
,https://ut.milesplit.com/meets/331602-region-1-championships-2018/results,5,individual,94,katie_fallback,0.9
,https://ut.milesplit.com/meets/331602-region-1-championships-2018/results,6,team,5,katie_fallback,0.9
,https://ut.milesplit.com/meets/331602-region-1-championships-2018/results,7,individual,59,katie_fallback,0.9
,https://ut.milesplit.com/meets/331602-region-1-championships-2018/results,8,team,7,katie_fallback,0.9
,https://ut.milesplit.com/meets/331493-region-10-championships-2018/results,,no_tables,0,katie_fallback,0.0
,https://ut.milesplit.com/meets/331601-region-2-championships-2018/results,1,individual,55,katie_fallback,0.9
,https://ut.milesplit.com/meets/331601-region-2-championships-2018/results,2,team,4,katie_fallback,0.9
,https://ut.milesplit.com/meets/331601-region-2-championships-2018/results,3,individual,35,katie_fallback,0.9
,https://ut.milesplit.com/meets/331601-region-2-championships-2018/results,4,team,5,katie_fallback,0.9
,https://ut.milesplit.com/meets/331601-region-2-championships-2018/results,5,individual,21,katie_fallback,0.9
,https://ut.milesplit.com/meets/331601-region-2-championships-2018/results,6,team,3,katie_fallback,0.9
,https://ut.milesplit.com/meets/331601-region-2-championships-2018/results,7,individual,26,katie_fallback,0.9
,https://ut.milesplit.com/meets/331601-region-2-championships-2018/results,8,team,3,katie_fallback,0.9
,https://ut.milesplit.com/meets/324606-region-5-cross-country-championship-2018/results,,no_tables,0,katie_fallback,0.0
,https://ut.milesplit.com/meets/324607-region-6-championships-2018/results,1,individual,125,katie_fallback,0.9
,https://ut.milesplit.com/meets/324607-region-6-championships-2018/results,2,team,6,katie_fallback,0.9
,https://ut.milesplit.com/meets/324607-region-6-championships-2018/results,3,individual,41,katie_fallback,0.9
,https://ut.milesplit.com/meets/324607-region-6-championships-2018/results,4,team,6,katie_fallback,0.9
,https://ut.milesplit.com/meets/324607-region-6-championships-2018/results,5,individual,71,katie_fallback,0.9
,https://ut.milesplit.com/meets/324607-region-6-championships-2018/results,6,team,5,katie_fallback,0.9
,https://ut.milesplit.com/meets/324607-region-6-championships-2018/results,7,individual,38,katie_fallback,0.9
,https://ut.milesplit.com/meets/324607-region-6-championships-2018/results,8,team,5,katie_fallback,0.9
,https://ut.milesplit.com/meets/325210-region-7-championships-2018/results,,no_tables,0,katie_fallback,0.0
,https://ut.milesplit.com/meets/331494-region-4-championships-2018/results,,no_tables,0,katie_fallback,0.0
,https://ut.milesplit.com/meets/331491-region-8-championships-2018/results,,no_tables,0,katie_fallback,0.0
,https://ut.milesplit.com/meets/331437-catholic-schools-championships-2018/results,1,individual,40,katie_fallback,0.9
,https://ut.milesplit.com/meets/331437-catholic-schools-championships-2018/results,2,team,3,katie_fallback,0.9
,https://ut.milesplit.com/meets/331437-catholic-schools-championships-2018/results,3,individual,21,katie_fallback,0.9
,https://ut.milesplit.com/meets/331437-catholic-schools-championships-2018/results,4,team,3,katie_fallback,0.9
,https://ut.milesplit.com/meets/331437-catholic-schools-championships-2018/results,5,individual,13,katie_fallback,0.9
,https://ut.milesplit.com/meets/331437-catholic-schools-championships-2018/results,6,team,2,katie_fallback,0.9
,https://ut.milesplit.com/meets/331437-catholic-schools-championships-2018/results,7,individual,18,katie_fallback,0.9
,https://ut.milesplit.com/meets/331437-catholic-schools-championships-2018/results,8,team,3,katie_fallback,0.9
,https://ut.milesplit.com/meets/325208-titan-invitational-xc-2018/results,1,individual,58,katie_fallback,0.9
,https://ut.milesplit.com/meets/325208-titan-invitational-xc-2018/results,2,team,5,katie_fallback,0.9
,https://ut.milesplit.com/meets/325208-titan-invitational-xc-2018/results,3,individual,31,katie_fallback,0.9
,https://ut.milesplit.com/meets/325208-titan-invitational-xc-2018/results,4,team,1,katie_fallback,0.9
,https://ut.milesplit.com/meets/324605-union-invitational-2018/results,,no_tables,0,katie_fallback,0.0
,https://ut.milesplit.com/meets/324604-sanpete-classic-2018/results,1,individual,162,katie_fallback,0.9
,https://ut.milesplit.com/meets/324604-sanpete-classic-2018/results,2,team,13,katie_fallback,0.9
,https://ut.milesplit.com/meets/324604-sanpete-classic-2018/results,3,individual,82,katie_fallback,0.9
,https://ut.milesplit.com/meets/324604-sanpete-classic-2018/results,4,team,12,katie_fallback,0.9
,https://ut.milesplit.com/meets/324604-sanpete-classic-2018/results,5,individual,58,katie_fallback,0.9
,https://ut.milesplit.com/meets/324604-sanpete-classic-2018/results,6,team,3,katie_fallback,0.9
,https://ut.milesplit.com/meets/324604-sanpete-classic-2018/results,7,individual,61,katie_fallback,0.9
,https://ut.milesplit.com/meets/324604-sanpete-classic-2018/results,8,team,8,katie_fallback,0.9
,https://www.milesplit.com/meets/303102-nike-cross-regionals-southwest-2018/results,,no_tables,0,katie_fallback,0.0
,https://ut.milesplit.com/meets/334381-uhstca-pre-foot-locker-invitational-2018/results,1,individual,255,katie_fallback,0.9
,https://ut.milesplit.com/meets/334381-uhstca-pre-foot-locker-invitational-2018/results,2,team,15,katie_fallback,0.9
,https://ut.milesplit.com/meets/334381-uhstca-pre-foot-locker-invitational-2018/results,3,individual,208,katie_fallback,0.9
,https://ut.milesplit.com/meets/334381-uhstca-pre-foot-locker-invitational-2018/results,4,team,14,katie_fallback,0.9
,https://ut.milesplit.com/meets/351208-loyds-lake-classic-2019/results,,no_tables,0,katie_fallback,0.0
,https://ut.milesplit.com/meets/362760-timpanogos-xc-invitational-2019/results,,no_tables,0,katie_fallback,0.0
,https://ut.milesplit.com/meets/362761-weber-state-xc-invitational-2019/results,,no_tables,0,katie_fallback,0.0
,https://ut.milesplit.com/meets/366245-pre-region-10-meet-2019/results,1,individual,79,katie_fallback,0.9
,https://ut.milesplit.com/meets/366245-pre-region-10-meet-2019/results,2,team,5,katie_fallback,0.9
,https://ut.milesplit.com/meets/366245-pre-region-10-meet-2019/results,3,individual,50,katie_fallback,0.9
,https://ut.milesplit.com/meets/366245-pre-region-10-meet-2019/results,4,team,3,katie_fallback,0.9
,https://ut.milesplit.com/meets/363253-pre-region-4-meet-2019/results,1,individual,238,katie_fallback,0.9
,https://ut.milesplit.com/meets/363253-pre-region-4-meet-2019/results,2,team,6,katie_fallback,0.9
,https://ut.milesplit.com/meets/363253-pre-region-4-meet-2019/results,3,individual,203,katie_fallback,0.9
,https://ut.milesplit.com/meets/363253-pre-region-4-meet-2019/results,4,team,6,katie_fallback,0.9
,https://ut.milesplit.com/meets/366717-region-13-open-judge-2019/results,1,individual,73,katie_fallback,0.9
,https://ut.milesplit.com/meets/366717-region-13-open-judge-2019/results,2,team,4,katie_fallback,0.9
,https://ut.milesplit.com/meets/366717-region-13-open-judge-2019/results,3,individual,46,katie_fallback,0.9
,https://ut.milesplit.com/meets/366717-region-13-open-judge-2019/results,4,team,4,katie_fallback,0.9
,https://ut.milesplit.com/meets/363229-suu-high-school-invite-2019/results,,no_tables,0,katie_fallback,0.0
,https://ut.milesplit.com/meets/363252-westlake-grass-relays-2019/results,,no_tables,0,katie_fallback,0.0
,https://ut.milesplit.com/meets/366242-pre-region-7-meet-2019/results,1,individual,113,katie_fallback,0.9
,https://ut.milesplit.com/meets/366242-pre-region-7-meet-2019/results,2,team,7,katie_fallback,0.9
,https://ut.milesplit.com/meets/366242-pre-region-7-meet-2019/results,3,individual,86,katie_fallback,0.9
,https://ut.milesplit.com/meets/366242-pre-region-7-meet-2019/results,4,team,7,katie_fallback,0.9
,https://ut.milesplit.com/meets/366242-pre-region-7-meet-2019/results,5,individual,72,katie_fallback,0.9
,https://ut.milesplit.com/meets/366242-pre-region-7-meet-2019/results,6,team,6,katie_fallback,0.9
,https://ut.milesplit.com/meets/366242-pre-region-7-meet-2019/results,7,individual,62,katie_fallback,0.9
,https://ut.milesplit.com/meets/366242-pre-region-7-meet-2019/results,8,team,5,katie_fallback,0.9
,https://ut.milesplit.com/meets/363247-pre-region-13-meet-2019/results,1,individual,57,katie_fallback,0.9
,https://ut.milesplit.com/meets/363247-pre-region-13-meet-2019/results,2,team,4,katie_fallback,0.9
,https://ut.milesplit.com/meets/363247-pre-region-13-meet-2019/results,3,individual,32,katie_fallback,0.9
,https://ut.milesplit.com/meets/363247-pre-region-13-meet-2019/results,4,team,5,katie_fallback,0.9
,https://ut.milesplit.com/meets/363247-pre-region-13-meet-2019/results,5,individual,27,katie_fallback,0.9
,https://ut.milesplit.com/meets/363247-pre-region-13-meet-2019/results,6,team,4,katie_fallback,0.9
,https://ut.milesplit.com/meets/363247-pre-region-13-meet-2019/results,7,individual,28,katie_fallback,0.9
,https://ut.milesplit.com/meets/363247-pre-region-13-meet-2019/results,8,team,4,katie_fallback,0.9
,https://ut.milesplit.com/meets/366240-pre-region-8-meet-2019/results,,no_tables,0,katie_fallback,0.0
,https://ut.milesplit.com/meets/364084-bears-twilight-hoka-2019/results,1,individual,47,katie_fallback,0.9
,https://ut.milesplit.com/meets/364084-bears-twilight-hoka-2019/results,2,team,2,katie_fallback,0.9
,https://ut.milesplit.com/meets/364084-bears-twilight-hoka-2019/results,3,individual,18,katie_fallback,0.9
,https://ut.milesplit.com/meets/364084-bears-twilight-hoka-2019/results,4,team,2,katie_fallback,0.9
,https://ut.milesplit.com/meets/364084-bears-twilight-hoka-2019/results,5,individual,48,katie_fallback,0.9
,https://ut.milesplit.com/meets/364084-bears-twilight-hoka-2019/results,6,team,2,katie_fallback,0.9
,https://ut.milesplit.com/meets/364084-bears-twilight-hoka-2019/results,7,individual,12,katie_fallback,0.9
,https://ut.milesplit.com/meets/364084-bears-twilight-hoka-2019/results,8,team,2,katie_fallback,0.9
,https://ut.milesplit.com/meets/364577-premier-invitational-2019/results,,no_tables,0,katie_fallback,0.0
,https://ut.milesplit.com/meets/366239-cedar-all-comers-2019/results,,no_tables,0,katie_fallback,0.0
,https://ut.milesplit.com/meets/362759-highland-invitational-2019/results,,no_tables,0,katie_fallback,0.0
,https://www.milesplit.com/meets/364932-2019-world-para-athletics-junior-championships-2019/results,,no_tables,0,katie_fallback,0.0
,https://ut.milesplit.com/meets/369373-canyon-view-invite-2019/results,,no_tables,0,katie_fallback,0.0
,https://co.milesplit.com/meets/361342-chicken-creek-challenge-2019/results,,no_tables,0,katie_fallback,0.0
,https://ut.milesplit.com/meets/370112-cache-box-invitational-2019/results,1,individual,216,katie_fallback,0.9
,https://ut.milesplit.com/meets/370112-cache-box-invitational-2019/results,2,team,9,katie_fallback,0.9
,https://ut.milesplit.com/meets/370112-cache-box-invitational-2019/results,3,individual,58,katie_fallback,0.9
,https://ut.milesplit.com/meets/370112-cache-box-invitational-2019/results,4,team,9,katie_fallback,0.9
,https://ut.milesplit.com/meets/370112-cache-box-invitational-2019/results,5,individual,136,katie_fallback,0.9
,https://ut.milesplit.com/meets/370112-cache-box-invitational-2019/results,6,team,7,katie_fallback,0.9
,https://ut.milesplit.com/meets/370112-cache-box-invitational-2019/results,7,individual,56,katie_fallback,0.9
,https://ut.milesplit.com/meets/370112-cache-box-invitational-2019/results,8,team,8,katie_fallback,0.9
,https://az.milesplit.com/meets/362847-nike-desert-twilight-festival-2019/results,,no_tables,0,katie_fallback,0.0
,https://ut.milesplit.com/meets/362769-park-city-xc-invitational-2019/results,,no_tables,0,katie_fallback,0.0
,https://ut.milesplit.com/meets/363237-uiaaa-invitational-2019/results,,no_tables,0,katie_fallback,0.0
,https://ut.milesplit.com/meets/369904-cedar-valley-meet-2019/results,,no_tables,0,katie_fallback,0.0
,https://ut.milesplit.com/meets/362768-john-thornton-invitational-2019/results,,no_tables,0,katie_fallback,0.0
,https://ut.milesplit.com/meets/369839-open-region-13-grantsville-reservoir-2019/results,1,individual,93,katie_fallback,0.9
,https://ut.milesplit.com/meets/369839-open-region-13-grantsville-reservoir-2019/results,2,team,5,katie_fallback,0.9
,https://ut.milesplit.com/meets/369839-open-region-13-grantsville-reservoir-2019/results,3,individual,48,katie_fallback,0.9
,https://ut.milesplit.com/meets/369839-open-region-13-grantsville-reservoir-2019/results,4,team,4,katie_fallback,0.9
,https://ut.milesplit.com/meets/366577-red-devil-invitational-2019/results,,no_tables,0,katie_fallback,0.0
,https://id.milesplit.com/meets/363255-bob-firman-invitational-2019/results,1,individual,447,katie_fallback,0.9
,https://id.milesplit.com/meets/363255-bob-firman-invitational-2019/results,2,team,63,katie_fallback,0.9
,https://id.milesplit.com/meets/363255-bob-firman-invitational-2019/results,3,individual,291,katie_fallback,0.9
,https://id.milesplit.com/meets/363255-bob-firman-invitational-2019/results,4,team,42,katie_fallback,0.9
,https://id.milesplit.com/meets/363255-bob-firman-invitational-2019/results,5,individual,228,katie_fallback,0.9
,https://id.milesplit.com/meets/363255-bob-firman-invitational-2019/results,6,team,29,katie_fallback,0.9
,https://id.milesplit.com/meets/363255-bob-firman-invitational-2019/results,7,individual,279,katie_fallback,0.9
,https://id.milesplit.com/meets/363255-bob-firman-invitational-2019/results,8,team,21,katie_fallback,0.9
,https://id.milesplit.com/meets/363255-bob-firman-invitational-2019/results,9,individual,764,katie_fallback,0.9
,https://id.milesplit.com/meets/363255-bob-firman-invitational-2019/results,10,team,55,katie_fallback,0.9
,https://id.milesplit.com/meets/363255-bob-firman-invitational-2019/results,11,individual,382,katie_fallback,0.9
,https://id.milesplit.com/meets/363255-bob-firman-invitational-2019/results,12,team,50,katie_fallback,0.9
,https://id.milesplit.com/meets/363255-bob-firman-invitational-2019/results,13,individual,247,katie_fallback,0.9
,https://id.milesplit.com/meets/363255-bob-firman-invitational-2019/results,14,team,31,katie_fallback,0.9
,https://id.milesplit.com/meets/363255-bob-firman-invitational-2019/results,15,individual,173,katie_fallback,0.9
,https://id.milesplit.com/meets/363255-bob-firman-invitational-2019/results,16,team,23,katie_fallback,0.9
,https://id.milesplit.com/meets/363255-bob-firman-invitational-2019/results,17,individual,185,katie_fallback,0.9
,https://id.milesplit.com/meets/363255-bob-firman-invitational-2019/results,18,team,16,katie_fallback,0.9
,https://id.milesplit.com/meets/363255-bob-firman-invitational-2019/results,19,individual,470,katie_fallback,0.9
,https://id.milesplit.com/meets/363255-bob-firman-invitational-2019/results,20,team,37,katie_fallback,0.9
,https://co.milesplit.com/meets/355924-pagosa-springs-cross-country-challenge-2019/results,,no_tables,0,katie_fallback,0.0
,https://ut.milesplit.com/meets/363240-pleasant-grove-viking-invitational-2019/results,,no_tables,0,katie_fallback,0.0
,https://ut.milesplit.com/meets/364594-royal-run-xc-invitational-2019/results,1,individual,87,katie_fallback,0.9
,https://ut.milesplit.com/meets/364594-royal-run-xc-invitational-2019/results,2,team,7,katie_fallback,0.9
,https://ut.milesplit.com/meets/364594-royal-run-xc-invitational-2019/results,3,individual,102,katie_fallback,0.9
,https://ut.milesplit.com/meets/364594-royal-run-xc-invitational-2019/results,4,team,11,katie_fallback,0.9
,https://ut.milesplit.com/meets/364594-royal-run-xc-invitational-2019/results,5,individual,76,katie_fallback,0.9
,https://ut.milesplit.com/meets/364594-royal-run-xc-invitational-2019/results,6,team,11,katie_fallback,0.9
,https://ut.milesplit.com/meets/364594-royal-run-xc-invitational-2019/results,7,individual,48,katie_fallback,0.9
,https://ut.milesplit.com/meets/364594-royal-run-xc-invitational-2019/results,8,team,5,katie_fallback,0.9
,https://ut.milesplit.com/meets/364594-royal-run-xc-invitational-2019/results,9,individual,81,katie_fallback,0.9
,https://ut.milesplit.com/meets/364594-royal-run-xc-invitational-2019/results,10,team,8,katie_fallback,0.9
,https://ut.milesplit.com/meets/364594-royal-run-xc-invitational-2019/results,11,individual,72,katie_fallback,0.9
,https://ut.milesplit.com/meets/364594-royal-run-xc-invitational-2019/results,12,team,9,katie_fallback,0.9
,https://ca.milesplit.com/meets/365348-woodbridge-cross-country-classic-2019/results,,no_tables,0,katie_fallback,0.0
,https://ut.milesplit.com/meets/362767-carbon-invitational-2019/results,1,individual,159,katie_fallback,0.9
,https://ut.milesplit.com/meets/362767-carbon-invitational-2019/results,2,team,12,katie_fallback,0.9
,https://ut.milesplit.com/meets/362767-carbon-invitational-2019/results,3,individual,82,katie_fallback,0.9
,https://ut.milesplit.com/meets/362767-carbon-invitational-2019/results,4,team,12,katie_fallback,0.9
,https://ut.milesplit.com/meets/362767-carbon-invitational-2019/results,5,individual,53,katie_fallback,0.9
,https://ut.milesplit.com/meets/362767-carbon-invitational-2019/results,6,team,5,katie_fallback,0.9
,https://ut.milesplit.com/meets/362767-carbon-invitational-2019/results,7,individual,71,katie_fallback,0.9
,https://ut.milesplit.com/meets/362767-carbon-invitational-2019/results,8,team,10,katie_fallback,0.9
,https://ut.milesplit.com/meets/369040-kanab-invitational-2019/results,1,individual,78,katie_fallback,0.9
,https://ut.milesplit.com/meets/369040-kanab-invitational-2019/results,2,team,6,katie_fallback,0.9
,https://ut.milesplit.com/meets/369040-kanab-invitational-2019/results,3,individual,37,katie_fallback,0.9
,https://ut.milesplit.com/meets/369040-kanab-invitational-2019/results,4,team,5,katie_fallback,0.9
,https://ut.milesplit.com/meets/369086-region-10-ben-lomond-2019/results,1,individual,80,katie_fallback,0.9
,https://ut.milesplit.com/meets/369086-region-10-ben-lomond-2019/results,2,team,5,katie_fallback,0.9
,https://ut.milesplit.com/meets/369086-region-10-ben-lomond-2019/results,3,individual,40,katie_fallback,0.9
,https://ut.milesplit.com/meets/369086-region-10-ben-lomond-2019/results,4,team,2,katie_fallback,0.9
,https://ut.milesplit.com/meets/369080-region-12-green-canyon-2019/results,1,individual,129,katie_fallback,0.9
,https://ut.milesplit.com/meets/369080-region-12-green-canyon-2019/results,2,team,5,katie_fallback,0.9
,https://ut.milesplit.com/meets/369080-region-12-green-canyon-2019/results,3,individual,15,katie_fallback,0.9
,https://ut.milesplit.com/meets/369080-region-12-green-canyon-2019/results,4,team,2,katie_fallback,0.9
,https://ut.milesplit.com/meets/369080-region-12-green-canyon-2019/results,5,individual,78,katie_fallback,0.9
,https://ut.milesplit.com/meets/369080-region-12-green-canyon-2019/results,6,team,5,katie_fallback,0.9
,https://ut.milesplit.com/meets/369080-region-12-green-canyon-2019/results,7,individual,12,katie_fallback,0.9
,https://ut.milesplit.com/meets/369080-region-12-green-canyon-2019/results,8,team,2,katie_fallback,0.9
,https://ut.milesplit.com/meets/362766-byu-autumn-classic-2019/results,,no_tables,0,katie_fallback,0.0
,https://ut.milesplit.com/meets/363232-hurricane-xc-invitational-2019/results,,no_tables,0,katie_fallback,0.0
,https://ut.milesplit.com/meets/363249-pre-region-11-meet-2019/results,,no_tables,0,katie_fallback,0.0
,https://ut.milesplit.com/meets/368354-providence-hall-meet-2019/results,,no_tables,0,katie_fallback,0.0
,https://ut.milesplit.com/meets/362765-red-rock-xc-invitational-2019/results,1,individual,80,katie_fallback,0.9
,https://ut.milesplit.com/meets/362765-red-rock-xc-invitational-2019/results,2,team,6,katie_fallback,0.9
,https://ut.milesplit.com/meets/362765-red-rock-xc-invitational-2019/results,3,individual,49,katie_fallback,0.9
,https://ut.milesplit.com/meets/362765-red-rock-xc-invitational-2019/results,4,team,6,katie_fallback,0.9
,https://ut.milesplit.com/meets/368364-uintah-invitational-2019/results,1,individual,98,katie_fallback,0.9
,https://ut.milesplit.com/meets/368364-uintah-invitational-2019/results,2,team,5,katie_fallback,0.9
,https://ut.milesplit.com/meets/368364-uintah-invitational-2019/results,3,individual,67,katie_fallback,0.9
,https://ut.milesplit.com/meets/368364-uintah-invitational-2019/results,4,team,4,katie_fallback,0.9
,https://ut.milesplit.com/meets/363267-weber-citycounty-xc-championships-2019/results,,no_tables,0,katie_fallback,0.0
,https://ut.milesplit.com/meets/363230-stewart-foster-invitational-2019/results,1,individual,29,katie_fallback,0.9
,https://ut.milesplit.com/meets/363230-stewart-foster-invitational-2019/results,2,team,2,katie_fallback,0.9
,https://ut.milesplit.com/meets/363230-stewart-foster-invitational-2019/results,3,individual,16,katie_fallback,0.9
,https://ut.milesplit.com/meets/363230-stewart-foster-invitational-2019/results,4,team,1,katie_fallback,0.9
,https://ut.milesplit.com/meets/362764-wasatch-xc-invitational-2019/results,,no_tables,0,katie_fallback,0.0
,https://ut.milesplit.com/meets/362763-murray-invitational-2019/results,,no_tables,0,katie_fallback,0.0
,https://ut.milesplit.com/meets/367903-payson-night-hunt-2019/results,,no_tables,0,katie_fallback,0.0
,https://ut.milesplit.com/meets/362762-badger-invitational-2019/results,,no_tables,0,katie_fallback,0.0
,https://ut.milesplit.com/meets/367572-region-10-and-13-pre-region-2019/results,1,individual,260,katie_fallback,0.9
,https://ut.milesplit.com/meets/367572-region-10-and-13-pre-region-2019/results,2,team,12,katie_fallback,0.9
,https://ut.milesplit.com/meets/367572-region-10-and-13-pre-region-2019/results,3,individual,160,katie_fallback,0.9
,https://ut.milesplit.com/meets/367572-region-10-and-13-pre-region-2019/results,4,team,11,katie_fallback,0.9
,https://ut.milesplit.com/meets/367326-pre-region-3-meet-2019/results,1,individual,180,katie_fallback,0.9
,https://ut.milesplit.com/meets/367326-pre-region-3-meet-2019/results,2,team,6,katie_fallback,0.9
,https://ut.milesplit.com/meets/367326-pre-region-3-meet-2019/results,3,individual,127,katie_fallback,0.9
,https://ut.milesplit.com/meets/367326-pre-region-3-meet-2019/results,4,team,6,katie_fallback,0.9
,https://ut.milesplit.com/meets/362771-utah-state-xc-championships-2019/results,,no_tables,0,katie_fallback,0.0
,https://ut.milesplit.com/meets/372280-region-18-championships-2019/results,1,individual,31,katie_fallback,0.9
,https://ut.milesplit.com/meets/372280-region-18-championships-2019/results,2,team,2,katie_fallback,0.9
,https://ut.milesplit.com/meets/372280-region-18-championships-2019/results,3,individual,40,katie_fallback,0.9
,https://ut.milesplit.com/meets/372280-region-18-championships-2019/results,4,team,5,katie_fallback,0.9
,https://ut.milesplit.com/meets/372280-region-18-championships-2019/results,5,individual,5,katie_fallback,0.9
,https://ut.milesplit.com/meets/372280-region-18-championships-2019/results,6,individual,38,katie_fallback,0.9
,https://ut.milesplit.com/meets/372280-region-18-championships-2019/results,7,team,5,katie_fallback,0.9
,https://ut.milesplit.com/meets/370835-region-13-championships-2019/results,,no_tables,0,katie_fallback,0.0
,https://ut.milesplit.com/meets/371022-region-14-championships-2019/results,,no_tables,0,katie_fallback,0.0
,https://ut.milesplit.com/meets/372178-region-19-championships-2019/results,1,individual,21,katie_fallback,0.9
,https://ut.milesplit.com/meets/372178-region-19-championships-2019/results,2,team,2,katie_fallback,0.9
,https://ut.milesplit.com/meets/372178-region-19-championships-2019/results,3,individual,16,katie_fallback,0.9
,https://ut.milesplit.com/meets/372178-region-19-championships-2019/results,4,team,2,katie_fallback,0.9
,https://ut.milesplit.com/meets/363244-region-21-championships-2019/results,1,individual,19,katie_fallback,0.9
,https://ut.milesplit.com/meets/363244-region-21-championships-2019/results,2,team,2,katie_fallback,0.9
,https://ut.milesplit.com/meets/363244-region-21-championships-2019/results,3,individual,8,katie_fallback,0.9
,https://ut.milesplit.com/meets/371021-region-11-championships-2019/results,1,individual,170,katie_fallback,0.9
,https://ut.milesplit.com/meets/371021-region-11-championships-2019/results,2,team,6,katie_fallback,0.9
,https://ut.milesplit.com/meets/371021-region-11-championships-2019/results,3,individual,41,katie_fallback,0.9
,https://ut.milesplit.com/meets/371021-region-11-championships-2019/results,4,team,6,katie_fallback,0.9
,https://ut.milesplit.com/meets/371021-region-11-championships-2019/results,5,individual,107,katie_fallback,0.9
,https://ut.milesplit.com/meets/371021-region-11-championships-2019/results,6,team,5,katie_fallback,0.9
,https://ut.milesplit.com/meets/371021-region-11-championships-2019/results,7,individual,41,katie_fallback,0.9
,https://ut.milesplit.com/meets/371021-region-11-championships-2019/results,8,team,6,katie_fallback,0.9
,https://ut.milesplit.com/meets/371018-region-12-championships-2019/results,1,individual,105,katie_fallback,0.9
,https://ut.milesplit.com/meets/371018-region-12-championships-2019/results,2,team,6,katie_fallback,0.9
,https://ut.milesplit.com/meets/371018-region-12-championships-2019/results,3,individual,49,katie_fallback,0.9
,https://ut.milesplit.com/meets/371018-region-12-championships-2019/results,4,team,5,katie_fallback,0.9
,https://ut.milesplit.com/meets/372288-region-17-championships-2019/results,1,individual,47,katie_fallback,0.9
,https://ut.milesplit.com/meets/372288-region-17-championships-2019/results,2,team,4,katie_fallback,0.9
,https://ut.milesplit.com/meets/372288-region-17-championships-2019/results,3,individual,19,katie_fallback,0.9
,https://ut.milesplit.com/meets/372288-region-17-championships-2019/results,4,team,2,katie_fallback,0.9
,https://ut.milesplit.com/meets/369379-region-9-championships-2019/results,1,individual,185,katie_fallback,0.9
,https://ut.milesplit.com/meets/369379-region-9-championships-2019/results,2,team,8,katie_fallback,0.9
,https://ut.milesplit.com/meets/369379-region-9-championships-2019/results,3,individual,55,katie_fallback,0.9
,https://ut.milesplit.com/meets/369379-region-9-championships-2019/results,4,team,8,katie_fallback,0.9
,https://ut.milesplit.com/meets/369379-region-9-championships-2019/results,5,individual,130,katie_fallback,0.9
,https://ut.milesplit.com/meets/369379-region-9-championships-2019/results,6,team,6,katie_fallback,0.9
,https://ut.milesplit.com/meets/369379-region-9-championships-2019/results,7,individual,54,katie_fallback,0.9
,https://ut.milesplit.com/meets/369379-region-9-championships-2019/results,8,team,8,katie_fallback,0.9
,https://ut.milesplit.com/meets/369377-region-10-championships-2019/results,1,individual,129,katie_fallback,0.9
,https://ut.milesplit.com/meets/369377-region-10-championships-2019/results,2,team,7,katie_fallback,0.9
,https://ut.milesplit.com/meets/369377-region-10-championships-2019/results,3,individual,49,katie_fallback,0.9
,https://ut.milesplit.com/meets/369377-region-10-championships-2019/results,4,team,7,katie_fallback,0.9
,https://ut.milesplit.com/meets/369377-region-10-championships-2019/results,5,individual,65,katie_fallback,0.9
,https://ut.milesplit.com/meets/369377-region-10-championships-2019/results,6,team,5,katie_fallback,0.9
,https://ut.milesplit.com/meets/369377-region-10-championships-2019/results,7,individual,42,katie_fallback,0.9
,https://ut.milesplit.com/meets/369377-region-10-championships-2019/results,8,team,6,katie_fallback,0.9
,https://ut.milesplit.com/meets/369383-region-2-championships-2019/results,,no_tables,0,katie_fallback,0.0
,https://ut.milesplit.com/meets/363257-region-4-championships-2019/results,,no_tables,0,katie_fallback,0.0
,https://ut.milesplit.com/meets/363243-region-5-championships-2019/results,,no_tables,0,katie_fallback,0.0
,https://ut.milesplit.com/meets/362770-region-6-championships-2019/results,,no_tables,0,katie_fallback,0.0
,https://ut.milesplit.com/meets/371017-region-7-championships-2019/results,,no_tables,0,katie_fallback,0.0
,https://ut.milesplit.com/meets/369374-region-8-championships-2019/results,,no_tables,0,katie_fallback,0.0
,https://ut.milesplit.com/meets/363268-region-1-championships-2019/results,1,individual,160,katie_fallback,0.9
,https://ut.milesplit.com/meets/363268-region-1-championships-2019/results,2,team,8,katie_fallback,0.9
,https://ut.milesplit.com/meets/363268-region-1-championships-2019/results,3,individual,77,katie_fallback,0.9
,https://ut.milesplit.com/meets/363268-region-1-championships-2019/results,4,team,8,katie_fallback,0.9
,https://ut.milesplit.com/meets/363268-region-1-championships-2019/results,5,individual,95,katie_fallback,0.9
,https://ut.milesplit.com/meets/363268-region-1-championships-2019/results,6,team,8,katie_fallback,0.9
,https://ut.milesplit.com/meets/363268-region-1-championships-2019/results,7,individual,63,katie_fallback,0.9
,https://ut.milesplit.com/meets/363268-region-1-championships-2019/results,8,team,7,katie_fallback,0.9
,https://ut.milesplit.com/meets/363241-titan-invitational-xc-2019/results,1,individual,94,katie_fallback,0.9
,https://ut.milesplit.com/meets/363241-titan-invitational-xc-2019/results,2,team,9,katie_fallback,0.9
,https://ut.milesplit.com/meets/363241-titan-invitational-xc-2019/results,3,individual,41,katie_fallback,0.9
,https://ut.milesplit.com/meets/363241-titan-invitational-xc-2019/results,4,team,2,katie_fallback,0.9
,https://ut.milesplit.com/meets/371015-region-3-championships-2019/results,,no_tables,0,katie_fallback,0.0
,https://co.milesplit.com/meets/361596-ancient-trails-invitational-2019/results,,no_tables,0,katie_fallback,0.0
,https://ut.milesplit.com/meets/363256-cedar-xc-invitational-2019/results,,no_tables,0,katie_fallback,0.0
,https://ut.milesplit.com/meets/370614-catholic-schools-championships-2019/results,1,individual,35,katie_fallback,0.9
,https://ut.milesplit.com/meets/370614-catholic-schools-championships-2019/results,2,team,2,katie_fallback,0.9
,https://ut.milesplit.com/meets/370614-catholic-schools-championships-2019/results,3,individual,26,katie_fallback,0.9
,https://ut.milesplit.com/meets/370614-catholic-schools-championships-2019/results,4,team,2,katie_fallback,0.9
,https://ut.milesplit.com/meets/363238-sanpete-classic-2019/results,1,individual,216,katie_fallback,0.9
,https://ut.milesplit.com/meets/363238-sanpete-classic-2019/results,2,team,15,katie_fallback,0.9
,https://ut.milesplit.com/meets/363238-sanpete-classic-2019/results,3,individual,124,katie_fallback,0.9
,https://ut.milesplit.com/meets/363238-sanpete-classic-2019/results,4,team,17,katie_fallback,0.9
,https://ut.milesplit.com/meets/363238-sanpete-classic-2019/results,5,individual,79,katie_fallback,0.9
,https://ut.milesplit.com/meets/363238-sanpete-classic-2019/results,6,team,8,katie_fallback,0.9
,https://ut.milesplit.com/meets/363238-sanpete-classic-2019/results,7,individual,99,katie_fallback,0.9
,https://ut.milesplit.com/meets/363238-sanpete-classic-2019/results,8,team,13,katie_fallback,0.9
,https://ut.milesplit.com/meets/363017-timpview-invite-2019/results,,no_tables,0,katie_fallback,0.0
,https://www.milesplit.com/meets/357648-nike-cross-nationals-southwest-regional-2019/results,,no_tables,0,katie_fallback,0.0
,https://ut.milesplit.com/meets/374345-uhstca-pre-foot-locker-invitational-2019/results,1,individual,192,katie_fallback,0.9
,https://ut.milesplit.com/meets/374345-uhstca-pre-foot-locker-invitational-2019/results,2,team,12,katie_fallback,0.9
,https://ut.milesplit.com/meets/374345-uhstca-pre-foot-locker-invitational-2019/results,3,individual,140,katie_fallback,0.9
,https://ut.milesplit.com/meets/374345-uhstca-pre-foot-locker-invitational-2019/results,4,team,11,katie_fallback,0.9
,https://ut.milesplit.com/meets/391834-bruin-invitational-2020/results,1,individual,99,katie_fallback,0.9
,https://ut.milesplit.com/meets/391834-bruin-invitational-2020/results,2,team,6,katie_fallback,0.9
,https://ut.milesplit.com/meets/391834-bruin-invitational-2020/results,3,individual,59,katie_fallback,0.9
,https://ut.milesplit.com/meets/391834-bruin-invitational-2020/results,4,team,6,katie_fallback,0.9
,https://ut.milesplit.com/meets/391834-bruin-invitational-2020/results,5,individual,77,katie_fallback,0.9
,https://ut.milesplit.com/meets/391834-bruin-invitational-2020/results,6,team,6,katie_fallback,0.9
,https://ut.milesplit.com/meets/391834-bruin-invitational-2020/results,7,individual,55,katie_fallback,0.9
,https://ut.milesplit.com/meets/391834-bruin-invitational-2020/results,8,team,5,katie_fallback,0.9
,https://ut.milesplit.com/meets/391836-spanish-fork-quad-meet-2020/results,1,individual,100,katie_fallback,0.9
,https://ut.milesplit.com/meets/391836-spanish-fork-quad-meet-2020/results,2,team,4,katie_fallback,0.9
,https://ut.milesplit.com/meets/391836-spanish-fork-quad-meet-2020/results,3,individual,33,katie_fallback,0.9
,https://ut.milesplit.com/meets/391836-spanish-fork-quad-meet-2020/results,4,team,4,katie_fallback,0.9
,https://ut.milesplit.com/meets/391836-spanish-fork-quad-meet-2020/results,5,individual,77,katie_fallback,0.9
,https://ut.milesplit.com/meets/391836-spanish-fork-quad-meet-2020/results,6,team,4,katie_fallback,0.9
,https://ut.milesplit.com/meets/391836-spanish-fork-quad-meet-2020/results,7,individual,32,katie_fallback,0.9
,https://ut.milesplit.com/meets/391836-spanish-fork-quad-meet-2020/results,8,team,4,katie_fallback,0.9
,https://ut.milesplit.com/meets/391835-wasatch-rendezvous-2020/results,1,individual,85,katie_fallback,0.9
,https://ut.milesplit.com/meets/391835-wasatch-rendezvous-2020/results,2,team,6,katie_fallback,0.9
,https://ut.milesplit.com/meets/391835-wasatch-rendezvous-2020/results,3,individual,98,katie_fallback,0.9
,https://ut.milesplit.com/meets/391835-wasatch-rendezvous-2020/results,4,team,9,katie_fallback,0.9
,https://ut.milesplit.com/meets/391835-wasatch-rendezvous-2020/results,5,individual,70,katie_fallback,0.9
,https://ut.milesplit.com/meets/391835-wasatch-rendezvous-2020/results,6,team,6,katie_fallback,0.9
,https://ut.milesplit.com/meets/391835-wasatch-rendezvous-2020/results,7,individual,137,katie_fallback,0.9
,https://ut.milesplit.com/meets/391835-wasatch-rendezvous-2020/results,8,team,13,katie_fallback,0.9
,https://ut.milesplit.com/meets/391835-wasatch-rendezvous-2020/results,9,individual,55,katie_fallback,0.9
,https://ut.milesplit.com/meets/391835-wasatch-rendezvous-2020/results,10,team,4,katie_fallback,0.9
,https://ut.milesplit.com/meets/391835-wasatch-rendezvous-2020/results,11,individual,77,katie_fallback,0.9
,https://ut.milesplit.com/meets/391835-wasatch-rendezvous-2020/results,12,team,7,katie_fallback,0.9
,https://ut.milesplit.com/meets/391835-wasatch-rendezvous-2020/results,13,individual,50,katie_fallback,0.9
,https://ut.milesplit.com/meets/391835-wasatch-rendezvous-2020/results,14,team,5,katie_fallback,0.9
,https://ut.milesplit.com/meets/391835-wasatch-rendezvous-2020/results,15,individual,113,katie_fallback,0.9
,https://ut.milesplit.com/meets/391835-wasatch-rendezvous-2020/results,16,team,13,katie_fallback,0.9
,https://ut.milesplit.com/meets/393536-wildcat-xc-invitational-2020/results,1,individual,109,katie_fallback,0.9
,https://ut.milesplit.com/meets/393536-wildcat-xc-invitational-2020/results,2,team,7,katie_fallback,0.9
,https://ut.milesplit.com/meets/393536-wildcat-xc-invitational-2020/results,3,individual,17,katie_fallback,0.9
,https://ut.milesplit.com/meets/393536-wildcat-xc-invitational-2020/results,4,team,2,katie_fallback,0.9
,https://ut.milesplit.com/meets/393536-wildcat-xc-invitational-2020/results,5,individual,45,katie_fallback,0.9
,https://ut.milesplit.com/meets/393536-wildcat-xc-invitational-2020/results,6,team,7,katie_fallback,0.9
,https://ut.milesplit.com/meets/393536-wildcat-xc-invitational-2020/results,7,individual,41,katie_fallback,0.9
,https://ut.milesplit.com/meets/393536-wildcat-xc-invitational-2020/results,8,team,4,katie_fallback,0.9
,https://ut.milesplit.com/meets/393536-wildcat-xc-invitational-2020/results,9,individual,26,katie_fallback,0.9
,https://ut.milesplit.com/meets/393536-wildcat-xc-invitational-2020/results,10,team,3,katie_fallback,0.9
,https://ut.milesplit.com/meets/393536-wildcat-xc-invitational-2020/results,11,individual,47,katie_fallback,0.9
,https://ut.milesplit.com/meets/393536-wildcat-xc-invitational-2020/results,12,team,7,katie_fallback,0.9
,https://ut.milesplit.com/meets/393536-wildcat-xc-invitational-2020/results,13,individual,43,katie_fallback,0.9
,https://ut.milesplit.com/meets/393536-wildcat-xc-invitational-2020/results,14,team,3,katie_fallback,0.9
,https://ut.milesplit.com/meets/392130-canyon-view-invite-2020/results,,no_tables,0,katie_fallback,0.0
,https://ut.milesplit.com/meets/392127-pre-region-8-meet-2020/results,,no_tables,0,katie_fallback,0.0
,https://ut.milesplit.com/meets/390837-viking-invitational-2020/results,,no_tables,0,katie_fallback,0.0
,https://co.milesplit.com/meets/390200-boggy-draw-bear-chase-2020/results,,no_tables,0,katie_fallback,0.0
,https://ut.milesplit.com/meets/392510-pre-region-5-meet-2020/results,,no_tables,0,katie_fallback,0.0
,https://ut.milesplit.com/meets/392488-cottonwood-twilight-meet-2020/results,1,individual,52,katie_fallback,0.9
,https://ut.milesplit.com/meets/392488-cottonwood-twilight-meet-2020/results,2,team,3,katie_fallback,0.9
,https://ut.milesplit.com/meets/392488-cottonwood-twilight-meet-2020/results,3,individual,41,katie_fallback,0.9
,https://ut.milesplit.com/meets/392488-cottonwood-twilight-meet-2020/results,4,team,3,katie_fallback,0.9
,https://ut.milesplit.com/meets/392129-pre-region-3-meet-2020/results,,no_tables,0,katie_fallback,0.0
,https://ut.milesplit.com/meets/391401-pre-region-7-meet-2020/results,,no_tables,0,katie_fallback,0.0
,https://ut.milesplit.com/meets/392555-region-11-tri-meet-ridgeline-2020/results,,no_tables,0,katie_fallback,0.0
,https://ut.milesplit.com/meets/390546-premier-invitational-varsity-2020/results,1,individual,55,katie_fallback,0.9
,https://ut.milesplit.com/meets/390546-premier-invitational-varsity-2020/results,2,team,8,katie_fallback,0.9
,https://ut.milesplit.com/meets/390546-premier-invitational-varsity-2020/results,3,individual,48,katie_fallback,0.9
,https://ut.milesplit.com/meets/390546-premier-invitational-varsity-2020/results,4,team,7,katie_fallback,0.9
,https://ut.milesplit.com/meets/390546-premier-invitational-varsity-2020/results,5,individual,40,katie_fallback,0.9
,https://ut.milesplit.com/meets/390546-premier-invitational-varsity-2020/results,6,team,6,katie_fallback,0.9
,https://ut.milesplit.com/meets/390546-premier-invitational-varsity-2020/results,7,individual,35,katie_fallback,0.9
,https://ut.milesplit.com/meets/390546-premier-invitational-varsity-2020/results,8,team,5,katie_fallback,0.9
,https://ut.milesplit.com/meets/390546-premier-invitational-varsity-2020/results,9,individual,42,katie_fallback,0.9
,https://ut.milesplit.com/meets/390546-premier-invitational-varsity-2020/results,10,team,7,katie_fallback,0.9
,https://ut.milesplit.com/meets/390546-premier-invitational-varsity-2020/results,11,individual,42,katie_fallback,0.9
,https://ut.milesplit.com/meets/390546-premier-invitational-varsity-2020/results,12,team,6,katie_fallback,0.9
,https://ut.milesplit.com/meets/390546-premier-invitational-varsity-2020/results,13,individual,38,katie_fallback,0.9
,https://ut.milesplit.com/meets/390546-premier-invitational-varsity-2020/results,14,team,6,katie_fallback,0.9
,https://ut.milesplit.com/meets/390546-premier-invitational-varsity-2020/results,15,individual,33,katie_fallback,0.9
,https://ut.milesplit.com/meets/390546-premier-invitational-varsity-2020/results,16,team,5,katie_fallback,0.9
,https://ut.milesplit.com/meets/392062-utpva-summer-street-vault-2020/results,1,individual,15,katie_fallback,0.75
,https://ut.milesplit.com/meets/392062-utpva-summer-street-vault-2020/results,2,individual,20,katie_fallback,0.75
,https://ut.milesplit.com/meets/392062-utpva-summer-street-vault-2020/results,3,individual,1,katie_fallback,0.75
,https://ut.milesplit.com/meets/391807-westlake-xc-classic-2020/results,,no_tables,0,katie_fallback,0.0
,https://ut.milesplit.com/meets/391963-premier-invitational-jv-2020/results,1,individual,40,katie_fallback,0.9
,https://ut.milesplit.com/meets/391963-premier-invitational-jv-2020/results,2,team,5,katie_fallback,0.9
,https://ut.milesplit.com/meets/391963-premier-invitational-jv-2020/results,3,individual,43,katie_fallback,0.9
,https://ut.milesplit.com/meets/391963-premier-invitational-jv-2020/results,4,team,3,katie_fallback,0.9
,https://ut.milesplit.com/meets/391963-premier-invitational-jv-2020/results,5,individual,26,katie_fallback,0.9
,https://ut.milesplit.com/meets/391963-premier-invitational-jv-2020/results,6,team,2,katie_fallback,0.9
,https://ut.milesplit.com/meets/391963-premier-invitational-jv-2020/results,7,individual,35,katie_fallback,0.9
,https://ut.milesplit.com/meets/391963-premier-invitational-jv-2020/results,8,team,2,katie_fallback,0.9
,https://ut.milesplit.com/meets/391805-blistering-bruin-quad-meet-2020/results,,no_tables,0,katie_fallback,0.0
,https://ut.milesplit.com/meets/391537-cedar-all-comers-2020/results,,no_tables,0,katie_fallback,0.0
,https://www.milesplit.com/meets/389725-aau-junior-olympics-games-2020/results,,no_tables,0,katie_fallback,0.0
,https://ut.milesplit.com/meets/397606-digger-invitational-2020/results,1,individual,76,katie_fallback,0.9
,https://ut.milesplit.com/meets/397606-digger-invitational-2020/results,2,team,8,katie_fallback,0.9
,https://ut.milesplit.com/meets/397606-digger-invitational-2020/results,3,individual,46,katie_fallback,0.9
,https://ut.milesplit.com/meets/397606-digger-invitational-2020/results,4,team,4,katie_fallback,0.9
,https://ut.milesplit.com/meets/397606-digger-invitational-2020/results,5,individual,72,katie_fallback,0.9
,https://ut.milesplit.com/meets/397606-digger-invitational-2020/results,6,team,9,katie_fallback,0.9
,https://ut.milesplit.com/meets/397606-digger-invitational-2020/results,7,individual,41,katie_fallback,0.9
,https://ut.milesplit.com/meets/397606-digger-invitational-2020/results,8,team,3,katie_fallback,0.9
,https://ut.milesplit.com/meets/397606-digger-invitational-2020/results,9,individual,35,katie_fallback,0.9
,https://ut.milesplit.com/meets/397606-digger-invitational-2020/results,10,team,4,katie_fallback,0.9
,https://ut.milesplit.com/meets/397606-digger-invitational-2020/results,11,individual,47,katie_fallback,0.9
,https://ut.milesplit.com/meets/397606-digger-invitational-2020/results,12,team,6,katie_fallback,0.9
,https://ut.milesplit.com/meets/390851-royal-run-xc-invitational-2020/results,1,individual,107,katie_fallback,0.9
,https://ut.milesplit.com/meets/390851-royal-run-xc-invitational-2020/results,2,team,10,katie_fallback,0.9
,https://ut.milesplit.com/meets/390851-royal-run-xc-invitational-2020/results,3,individual,191,katie_fallback,0.9
,https://ut.milesplit.com/meets/390851-royal-run-xc-invitational-2020/results,4,team,16,katie_fallback,0.9
,https://ut.milesplit.com/meets/390851-royal-run-xc-invitational-2020/results,5,individual,107,katie_fallback,0.9
,https://ut.milesplit.com/meets/390851-royal-run-xc-invitational-2020/results,6,team,15,katie_fallback,0.9
,https://ut.milesplit.com/meets/390851-royal-run-xc-invitational-2020/results,7,individual,49,katie_fallback,0.9
,https://ut.milesplit.com/meets/390851-royal-run-xc-invitational-2020/results,8,team,4,katie_fallback,0.9
,https://ut.milesplit.com/meets/390851-royal-run-xc-invitational-2020/results,9,individual,144,katie_fallback,0.9
,https://ut.milesplit.com/meets/390851-royal-run-xc-invitational-2020/results,10,team,12,katie_fallback,0.9
,https://ut.milesplit.com/meets/390851-royal-run-xc-invitational-2020/results,11,individual,103,katie_fallback,0.9
,https://ut.milesplit.com/meets/390851-royal-run-xc-invitational-2020/results,12,team,15,katie_fallback,0.9
,https://ut.milesplit.com/meets/396934-twiknight-invite-2020/results,,no_tables,0,katie_fallback,0.0
,https://ut.milesplit.com/meets/390846-timpview-invite-2020/results,1,individual,61,katie_fallback,0.9
,https://ut.milesplit.com/meets/390846-timpview-invite-2020/results,2,team,3,katie_fallback,0.9
,https://ut.milesplit.com/meets/390846-timpview-invite-2020/results,3,individual,22,katie_fallback,0.9
,https://ut.milesplit.com/meets/390846-timpview-invite-2020/results,4,team,3,katie_fallback,0.9
,https://ut.milesplit.com/meets/390846-timpview-invite-2020/results,5,individual,50,katie_fallback,0.9
,https://ut.milesplit.com/meets/390846-timpview-invite-2020/results,6,team,3,katie_fallback,0.9
,https://ut.milesplit.com/meets/390846-timpview-invite-2020/results,7,individual,28,katie_fallback,0.9
,https://ut.milesplit.com/meets/390846-timpview-invite-2020/results,8,team,3,katie_fallback,0.9
,https://ut.milesplit.com/meets/396439-orem-small-meet-2020/results,,no_tables,0,katie_fallback,0.0
,https://ut.milesplit.com/meets/396441-snow-canyon-tri-meet-2020/results,,no_tables,0,katie_fallback,0.0
,https://ut.milesplit.com/meets/396438-murray-tri-meet-2020/results,1,individual,49,katie_fallback,0.9
,https://ut.milesplit.com/meets/396438-murray-tri-meet-2020/results,2,team,4,katie_fallback,0.9
,https://ut.milesplit.com/meets/396438-murray-tri-meet-2020/results,3,individual,32,katie_fallback,0.9
,https://ut.milesplit.com/meets/396438-murray-tri-meet-2020/results,4,team,4,katie_fallback,0.9
,https://ut.milesplit.com/meets/396438-murray-tri-meet-2020/results,5,individual,25,katie_fallback,0.9
,https://ut.milesplit.com/meets/396438-murray-tri-meet-2020/results,6,team,3,katie_fallback,0.9
,https://ut.milesplit.com/meets/396438-murray-tri-meet-2020/results,7,individual,22,katie_fallback,0.9
,https://ut.milesplit.com/meets/396438-murray-tri-meet-2020/results,8,team,3,katie_fallback,0.9
,https://ut.milesplit.com/meets/390843-uiaaa-invitational-2020/results,1,individual,117,katie_fallback,0.9
,https://ut.milesplit.com/meets/390843-uiaaa-invitational-2020/results,2,team,9,katie_fallback,0.9
,https://ut.milesplit.com/meets/390843-uiaaa-invitational-2020/results,3,individual,111,katie_fallback,0.9
,https://ut.milesplit.com/meets/390843-uiaaa-invitational-2020/results,4,team,13,katie_fallback,0.9
,https://ut.milesplit.com/meets/390843-uiaaa-invitational-2020/results,5,individual,342,katie_fallback,0.9
,https://ut.milesplit.com/meets/390843-uiaaa-invitational-2020/results,6,team,28,katie_fallback,0.9
,https://ut.milesplit.com/meets/390843-uiaaa-invitational-2020/results,7,individual,204,katie_fallback,0.9
,https://ut.milesplit.com/meets/390843-uiaaa-invitational-2020/results,8,team,29,katie_fallback,0.9
,https://ut.milesplit.com/meets/390843-uiaaa-invitational-2020/results,9,individual,90,katie_fallback,0.9
,https://ut.milesplit.com/meets/390843-uiaaa-invitational-2020/results,10,team,8,katie_fallback,0.9
,https://ut.milesplit.com/meets/390843-uiaaa-invitational-2020/results,11,individual,111,katie_fallback,0.9
,https://ut.milesplit.com/meets/390843-uiaaa-invitational-2020/results,12,team,10,katie_fallback,0.9
,https://ut.milesplit.com/meets/390843-uiaaa-invitational-2020/results,13,individual,229,katie_fallback,0.9
,https://ut.milesplit.com/meets/390843-uiaaa-invitational-2020/results,14,team,19,katie_fallback,0.9
,https://ut.milesplit.com/meets/390843-uiaaa-invitational-2020/results,15,individual,175,katie_fallback,0.9
,https://ut.milesplit.com/meets/390843-uiaaa-invitational-2020/results,16,team,25,katie_fallback,0.9
,https://ut.milesplit.com/meets/396014-hurricane-tri-meet-2020/results,1,individual,93,katie_fallback,0.9
,https://ut.milesplit.com/meets/396014-hurricane-tri-meet-2020/results,2,team,3,katie_fallback,0.9
,https://ut.milesplit.com/meets/396014-hurricane-tri-meet-2020/results,3,individual,73,katie_fallback,0.9
,https://ut.milesplit.com/meets/396014-hurricane-tri-meet-2020/results,4,team,3,katie_fallback,0.9
,https://ut.milesplit.com/meets/396445-cache-box-invitational-2020/results,1,individual,221,katie_fallback,0.9
,https://ut.milesplit.com/meets/396445-cache-box-invitational-2020/results,2,team,8,katie_fallback,0.9
,https://ut.milesplit.com/meets/396445-cache-box-invitational-2020/results,3,individual,55,katie_fallback,0.9
,https://ut.milesplit.com/meets/396445-cache-box-invitational-2020/results,4,team,8,katie_fallback,0.9
,https://ut.milesplit.com/meets/396445-cache-box-invitational-2020/results,5,individual,139,katie_fallback,0.9
,https://ut.milesplit.com/meets/396445-cache-box-invitational-2020/results,6,team,8,katie_fallback,0.9
,https://ut.milesplit.com/meets/396445-cache-box-invitational-2020/results,7,individual,53,katie_fallback,0.9
,https://ut.milesplit.com/meets/396445-cache-box-invitational-2020/results,8,team,8,katie_fallback,0.9
,https://ut.milesplit.com/meets/396012-carbon-invitational-2020/results,1,individual,120,katie_fallback,0.9
,https://ut.milesplit.com/meets/396012-carbon-invitational-2020/results,2,team,9,katie_fallback,0.9
,https://ut.milesplit.com/meets/396012-carbon-invitational-2020/results,3,individual,73,katie_fallback,0.9
,https://ut.milesplit.com/meets/396012-carbon-invitational-2020/results,4,team,10,katie_fallback,0.9
,https://ut.milesplit.com/meets/396012-carbon-invitational-2020/results,5,individual,41,katie_fallback,0.9
,https://ut.milesplit.com/meets/396012-carbon-invitational-2020/results,6,team,3,katie_fallback,0.9
,https://ut.milesplit.com/meets/396012-carbon-invitational-2020/results,7,individual,55,katie_fallback,0.9
,https://ut.milesplit.com/meets/396012-carbon-invitational-2020/results,8,team,8,katie_fallback,0.9
,https://ut.milesplit.com/meets/396005-cedar-valley-meet-2020/results,1,individual,57,katie_fallback,0.9
,https://ut.milesplit.com/meets/396005-cedar-valley-meet-2020/results,2,team,2,katie_fallback,0.9
,https://ut.milesplit.com/meets/396005-cedar-valley-meet-2020/results,3,individual,39,katie_fallback,0.9
,https://ut.milesplit.com/meets/396005-cedar-valley-meet-2020/results,4,team,2,katie_fallback,0.9
,https://ut.milesplit.com/meets/396447-davis-districts-2020/results,1,individual,99,katie_fallback,0.9
,https://ut.milesplit.com/meets/396447-davis-districts-2020/results,2,team,9,katie_fallback,0.9
,https://ut.milesplit.com/meets/396447-davis-districts-2020/results,3,individual,95,katie_fallback,0.9
,https://ut.milesplit.com/meets/396447-davis-districts-2020/results,4,team,8,katie_fallback,0.9
,https://ut.milesplit.com/meets/396447-davis-districts-2020/results,5,individual,81,katie_fallback,0.9
,https://ut.milesplit.com/meets/396447-davis-districts-2020/results,6,team,9,katie_fallback,0.9
,https://ut.milesplit.com/meets/396447-davis-districts-2020/results,7,individual,47,katie_fallback,0.9
,https://ut.milesplit.com/meets/396447-davis-districts-2020/results,8,team,5,katie_fallback,0.9
,https://ut.milesplit.com/meets/396447-davis-districts-2020/results,9,individual,45,katie_fallback,0.9
,https://ut.milesplit.com/meets/396447-davis-districts-2020/results,10,team,3,katie_fallback,0.9
,https://ut.milesplit.com/meets/396447-davis-districts-2020/results,11,individual,75,katie_fallback,0.9
,https://ut.milesplit.com/meets/396447-davis-districts-2020/results,12,team,9,katie_fallback,0.9
,https://ut.milesplit.com/meets/396444-weber-citycounty-xc-championships-2020/results,1,individual,109,katie_fallback,0.9
,https://ut.milesplit.com/meets/396444-weber-citycounty-xc-championships-2020/results,2,team,5,katie_fallback,0.9
,https://ut.milesplit.com/meets/396444-weber-citycounty-xc-championships-2020/results,3,individual,53,katie_fallback,0.9
,https://ut.milesplit.com/meets/396444-weber-citycounty-xc-championships-2020/results,4,team,6,katie_fallback,0.9
,https://ut.milesplit.com/meets/396444-weber-citycounty-xc-championships-2020/results,5,individual,73,katie_fallback,0.9
,https://ut.milesplit.com/meets/396444-weber-citycounty-xc-championships-2020/results,6,team,5,katie_fallback,0.9
,https://ut.milesplit.com/meets/396444-weber-citycounty-xc-championships-2020/results,7,individual,43,katie_fallback,0.9
,https://ut.milesplit.com/meets/396444-weber-citycounty-xc-championships-2020/results,8,team,5,katie_fallback,0.9
,https://ut.milesplit.com/meets/395453-timpview-quad-meet-2020/results,1,individual,74,katie_fallback,0.9
,https://ut.milesplit.com/meets/395453-timpview-quad-meet-2020/results,2,team,4,katie_fallback,0.9
,https://ut.milesplit.com/meets/395453-timpview-quad-meet-2020/results,3,individual,28,katie_fallback,0.9
,https://ut.milesplit.com/meets/395453-timpview-quad-meet-2020/results,4,team,4,katie_fallback,0.9
,https://ut.milesplit.com/meets/395453-timpview-quad-meet-2020/results,5,individual,77,katie_fallback,0.9
,https://ut.milesplit.com/meets/395453-timpview-quad-meet-2020/results,6,team,3,katie_fallback,0.9
,https://ut.milesplit.com/meets/395453-timpview-quad-meet-2020/results,7,individual,27,katie_fallback,0.9
,https://ut.milesplit.com/meets/395453-timpview-quad-meet-2020/results,8,team,3,katie_fallback,0.9
,https://ut.milesplit.com/meets/390841-wasatch-xc-invitational-2020/results,,no_tables,0,katie_fallback,0.0
,https://ut.milesplit.com/meets/390447-timpanogos-xc-invitational-2020/results,1,individual,135,katie_fallback,0.9
,https://ut.milesplit.com/meets/390447-timpanogos-xc-invitational-2020/results,2,team,19,katie_fallback,0.9
,https://ut.milesplit.com/meets/390447-timpanogos-xc-invitational-2020/results,3,individual,135,katie_fallback,0.9
,https://ut.milesplit.com/meets/390447-timpanogos-xc-invitational-2020/results,4,team,10,katie_fallback,0.9
,https://ut.milesplit.com/meets/390447-timpanogos-xc-invitational-2020/results,5,individual,145,katie_fallback,0.9
,https://ut.milesplit.com/meets/390447-timpanogos-xc-invitational-2020/results,6,team,11,katie_fallback,0.9
,https://ut.milesplit.com/meets/390447-timpanogos-xc-invitational-2020/results,7,individual,133,katie_fallback,0.9
,https://ut.milesplit.com/meets/390447-timpanogos-xc-invitational-2020/results,8,team,14,katie_fallback,0.9
,https://ut.milesplit.com/meets/390447-timpanogos-xc-invitational-2020/results,9,individual,111,katie_fallback,0.9
,https://ut.milesplit.com/meets/390447-timpanogos-xc-invitational-2020/results,10,team,15,katie_fallback,0.9
,https://ut.milesplit.com/meets/390447-timpanogos-xc-invitational-2020/results,11,individual,105,katie_fallback,0.9
,https://ut.milesplit.com/meets/390447-timpanogos-xc-invitational-2020/results,12,team,8,katie_fallback,0.9
,https://ut.milesplit.com/meets/390447-timpanogos-xc-invitational-2020/results,13,individual,123,katie_fallback,0.9
,https://ut.milesplit.com/meets/390447-timpanogos-xc-invitational-2020/results,14,team,12,katie_fallback,0.9
,https://ut.milesplit.com/meets/390447-timpanogos-xc-invitational-2020/results,15,individual,122,katie_fallback,0.9
,https://ut.milesplit.com/meets/390447-timpanogos-xc-invitational-2020/results,16,team,17,katie_fallback,0.9
,https://ut.milesplit.com/meets/390447-timpanogos-xc-invitational-2020/results,17,individual,121,katie_fallback,0.9
,https://ut.milesplit.com/meets/390447-timpanogos-xc-invitational-2020/results,18,team,10,katie_fallback,0.9
,https://ut.milesplit.com/meets/390447-timpanogos-xc-invitational-2020/results,19,individual,109,katie_fallback,0.9
,https://ut.milesplit.com/meets/390447-timpanogos-xc-invitational-2020/results,20,team,9,katie_fallback,0.9
,https://ut.milesplit.com/meets/390447-timpanogos-xc-invitational-2020/results,21,individual,80,katie_fallback,0.9
,https://ut.milesplit.com/meets/390447-timpanogos-xc-invitational-2020/results,22,team,5,katie_fallback,0.9
,https://ut.milesplit.com/meets/390447-timpanogos-xc-invitational-2020/results,23,individual,130,katie_fallback,0.9
,https://ut.milesplit.com/meets/390447-timpanogos-xc-invitational-2020/results,24,team,10,katie_fallback,0.9
,https://ut.milesplit.com/meets/390447-timpanogos-xc-invitational-2020/results,25,individual,99,katie_fallback,0.9
,https://ut.milesplit.com/meets/390447-timpanogos-xc-invitational-2020/results,26,team,14,katie_fallback,0.9
,https://ut.milesplit.com/meets/390840-loyds-lake-classic-2020/results,1,individual,18,katie_fallback,0.9
,https://ut.milesplit.com/meets/390840-loyds-lake-classic-2020/results,2,team,3,katie_fallback,0.9
,https://ut.milesplit.com/meets/390840-loyds-lake-classic-2020/results,3,individual,54,katie_fallback,0.9
,https://ut.milesplit.com/meets/390840-loyds-lake-classic-2020/results,4,team,8,katie_fallback,0.9
,https://ut.milesplit.com/meets/390840-loyds-lake-classic-2020/results,5,individual,11,katie_fallback,0.9
,https://ut.milesplit.com/meets/390840-loyds-lake-classic-2020/results,6,team,1,katie_fallback,0.9
,https://ut.milesplit.com/meets/390840-loyds-lake-classic-2020/results,7,individual,47,katie_fallback,0.9
,https://ut.milesplit.com/meets/390840-loyds-lake-classic-2020/results,8,team,6,katie_fallback,0.9
,https://ut.milesplit.com/meets/393919-nicholls-hollow-invite-2020/results,1,individual,145,katie_fallback,0.9
,https://ut.milesplit.com/meets/393919-nicholls-hollow-invite-2020/results,2,team,11,katie_fallback,0.9
,https://ut.milesplit.com/meets/393919-nicholls-hollow-invite-2020/results,3,individual,123,katie_fallback,0.9
,https://ut.milesplit.com/meets/393919-nicholls-hollow-invite-2020/results,4,team,11,katie_fallback,0.9
,https://ut.milesplit.com/meets/393919-nicholls-hollow-invite-2020/results,5,individual,96,katie_fallback,0.9
,https://ut.milesplit.com/meets/393919-nicholls-hollow-invite-2020/results,6,team,11,katie_fallback,0.9
,https://ut.milesplit.com/meets/393919-nicholls-hollow-invite-2020/results,7,individual,73,katie_fallback,0.9
,https://ut.milesplit.com/meets/393919-nicholls-hollow-invite-2020/results,8,team,4,katie_fallback,0.9
,https://ut.milesplit.com/meets/393919-nicholls-hollow-invite-2020/results,9,individual,98,katie_fallback,0.9
,https://ut.milesplit.com/meets/393919-nicholls-hollow-invite-2020/results,10,team,8,katie_fallback,0.9
,https://ut.milesplit.com/meets/393919-nicholls-hollow-invite-2020/results,11,individual,83,katie_fallback,0.9
,https://ut.milesplit.com/meets/393919-nicholls-hollow-invite-2020/results,12,team,10,katie_fallback,0.9
,https://ut.milesplit.com/meets/391837-top-of-utah-xc-invitational-2020/results,1,individual,14,katie_fallback,0.9
,https://ut.milesplit.com/meets/391837-top-of-utah-xc-invitational-2020/results,2,team,2,katie_fallback,0.9
,https://ut.milesplit.com/meets/391837-top-of-utah-xc-invitational-2020/results,3,individual,33,katie_fallback,0.9
,https://ut.milesplit.com/meets/391837-top-of-utah-xc-invitational-2020/results,4,team,5,katie_fallback,0.9
,https://ut.milesplit.com/meets/391837-top-of-utah-xc-invitational-2020/results,5,individual,32,katie_fallback,0.9
,https://ut.milesplit.com/meets/391837-top-of-utah-xc-invitational-2020/results,6,team,5,katie_fallback,0.9
,https://ut.milesplit.com/meets/391837-top-of-utah-xc-invitational-2020/results,7,individual,93,katie_fallback,0.9
,https://ut.milesplit.com/meets/391837-top-of-utah-xc-invitational-2020/results,8,team,8,katie_fallback,0.9
,https://ut.milesplit.com/meets/391837-top-of-utah-xc-invitational-2020/results,9,individual,161,katie_fallback,0.9
,https://ut.milesplit.com/meets/391837-top-of-utah-xc-invitational-2020/results,10,team,12,katie_fallback,0.9
,https://ut.milesplit.com/meets/391837-top-of-utah-xc-invitational-2020/results,11,individual,13,katie_fallback,0.9
,https://ut.milesplit.com/meets/391837-top-of-utah-xc-invitational-2020/results,12,team,2,katie_fallback,0.9
,https://ut.milesplit.com/meets/391837-top-of-utah-xc-invitational-2020/results,13,individual,31,katie_fallback,0.9
,https://ut.milesplit.com/meets/391837-top-of-utah-xc-invitational-2020/results,14,team,5,katie_fallback,0.9
,https://ut.milesplit.com/meets/391837-top-of-utah-xc-invitational-2020/results,15,individual,32,katie_fallback,0.9
,https://ut.milesplit.com/meets/391837-top-of-utah-xc-invitational-2020/results,16,team,4,katie_fallback,0.9
,https://ut.milesplit.com/meets/391837-top-of-utah-xc-invitational-2020/results,17,individual,40,katie_fallback,0.9
,https://ut.milesplit.com/meets/391837-top-of-utah-xc-invitational-2020/results,18,team,4,katie_fallback,0.9
,https://ut.milesplit.com/meets/391837-top-of-utah-xc-invitational-2020/results,19,individual,110,katie_fallback,0.9
,https://ut.milesplit.com/meets/391837-top-of-utah-xc-invitational-2020/results,20,team,9,katie_fallback,0.9
,https://ut.milesplit.com/meets/393682-utah-state-xc-championships-3a-5a-6a-2020/results,,no_tables,0,katie_fallback,0.0
,https://ut.milesplit.com/meets/390844-utah-state-xc-championships-1a-2a-4a-2020/results,,no_tables,0,katie_fallback,0.0
,https://ut.milesplit.com/meets/399797-region-18-championships-2020/results,,no_tables,0,katie_fallback,0.0
,https://ut.milesplit.com/meets/399795-region-19-championships-2020/results,,no_tables,0,katie_fallback,0.0
,https://ut.milesplit.com/meets/399798-region-21-championships-2020/results,,no_tables,0,katie_fallback,0.0
,https://ut.milesplit.com/meets/399789-region-11-championships-2020/results,,no_tables,0,katie_fallback,0.0
,https://ut.milesplit.com/meets/399799-region-12-xc-championships-2020/results,1,individual,96,katie_fallback,0.9
,https://ut.milesplit.com/meets/399799-region-12-xc-championships-2020/results,2,team,6,katie_fallback,0.9
,https://ut.milesplit.com/meets/399799-region-12-xc-championships-2020/results,3,individual,42,katie_fallback,0.9
,https://ut.milesplit.com/meets/399799-region-12-xc-championships-2020/results,4,team,5,katie_fallback,0.9
,https://ut.milesplit.com/meets/399800-region-13-championships-2020/results,1,individual,57,katie_fallback,0.9
,https://ut.milesplit.com/meets/399800-region-13-championships-2020/results,2,team,4,katie_fallback,0.9
,https://ut.milesplit.com/meets/399800-region-13-championships-2020/results,3,individual,38,katie_fallback,0.9
,https://ut.milesplit.com/meets/399800-region-13-championships-2020/results,4,team,5,katie_fallback,0.9
,https://ut.milesplit.com/meets/399800-region-13-championships-2020/results,5,individual,20,katie_fallback,0.9
,https://ut.milesplit.com/meets/399800-region-13-championships-2020/results,6,team,1,katie_fallback,0.9
,https://ut.milesplit.com/meets/399800-region-13-championships-2020/results,7,individual,32,katie_fallback,0.9
,https://ut.milesplit.com/meets/399800-region-13-championships-2020/results,8,team,3,katie_fallback,0.9
,https://ut.milesplit.com/meets/399790-region-14-championships-2020/results,,no_tables,0,katie_fallback,0.0
,https://ut.milesplit.com/meets/399792-region-15-championships-2020/results,,no_tables,0,katie_fallback,0.0
,https://ut.milesplit.com/meets/399794-region-17-championships-2020/results,,no_tables,0,katie_fallback,0.0
,https://ut.milesplit.com/meets/399788-region-16-championships-2020/results,,no_tables,0,katie_fallback,0.0
,https://ut.milesplit.com/meets/396936-region-9-championships-2020/results,1,individual,206,katie_fallback,0.9
,https://ut.milesplit.com/meets/396936-region-9-championships-2020/results,2,team,8,katie_fallback,0.9
,https://ut.milesplit.com/meets/396936-region-9-championships-2020/results,3,individual,56,katie_fallback,0.9
,https://ut.milesplit.com/meets/396936-region-9-championships-2020/results,4,team,8,katie_fallback,0.9
,https://ut.milesplit.com/meets/396936-region-9-championships-2020/results,5,individual,139,katie_fallback,0.9
,https://ut.milesplit.com/meets/396936-region-9-championships-2020/results,6,team,7,katie_fallback,0.9
,https://ut.milesplit.com/meets/396936-region-9-championships-2020/results,7,individual,55,katie_fallback,0.9
,https://ut.milesplit.com/meets/396936-region-9-championships-2020/results,8,team,8,katie_fallback,0.9
,https://ut.milesplit.com/meets/399734-region-10-championships-2020/results,1,individual,115,katie_fallback,0.9
,https://ut.milesplit.com/meets/399734-region-10-championships-2020/results,2,team,6,katie_fallback,0.9
,https://ut.milesplit.com/meets/399734-region-10-championships-2020/results,3,individual,49,katie_fallback,0.9
,https://ut.milesplit.com/meets/399734-region-10-championships-2020/results,4,team,7,katie_fallback,0.9
,https://ut.milesplit.com/meets/399734-region-10-championships-2020/results,5,individual,66,katie_fallback,0.9
,https://ut.milesplit.com/meets/399734-region-10-championships-2020/results,6,team,4,katie_fallback,0.9
,https://ut.milesplit.com/meets/399734-region-10-championships-2020/results,7,individual,40,katie_fallback,0.9
,https://ut.milesplit.com/meets/399734-region-10-championships-2020/results,8,team,6,katie_fallback,0.9
,https://ut.milesplit.com/meets/399733-utah-5a-6a-divisionals-2020/results,1,individual,90,katie_fallback,0.9
,https://ut.milesplit.com/meets/399733-utah-5a-6a-divisionals-2020/results,2,team,13,katie_fallback,0.9
,https://ut.milesplit.com/meets/399733-utah-5a-6a-divisionals-2020/results,3,individual,97,katie_fallback,0.9
,https://ut.milesplit.com/meets/399733-utah-5a-6a-divisionals-2020/results,4,team,14,katie_fallback,0.9
,https://ut.milesplit.com/meets/399733-utah-5a-6a-divisionals-2020/results,5,individual,89,katie_fallback,0.9
,https://ut.milesplit.com/meets/399733-utah-5a-6a-divisionals-2020/results,6,team,13,katie_fallback,0.9
,https://ut.milesplit.com/meets/399733-utah-5a-6a-divisionals-2020/results,7,individual,105,katie_fallback,0.9
,https://ut.milesplit.com/meets/399733-utah-5a-6a-divisionals-2020/results,8,team,15,katie_fallback,0.9
,https://ut.milesplit.com/meets/399733-utah-5a-6a-divisionals-2020/results,9,individual,139,katie_fallback,0.9
,https://ut.milesplit.com/meets/399733-utah-5a-6a-divisionals-2020/results,10,team,20,katie_fallback,0.9
,https://ut.milesplit.com/meets/399733-utah-5a-6a-divisionals-2020/results,11,individual,105,katie_fallback,0.9
,https://ut.milesplit.com/meets/399733-utah-5a-6a-divisionals-2020/results,12,team,15,katie_fallback,0.9
,https://ut.milesplit.com/meets/399733-utah-5a-6a-divisionals-2020/results,13,individual,85,katie_fallback,0.9
,https://ut.milesplit.com/meets/399733-utah-5a-6a-divisionals-2020/results,14,team,12,katie_fallback,0.9
,https://ut.milesplit.com/meets/399733-utah-5a-6a-divisionals-2020/results,15,individual,35,katie_fallback,0.9
,https://ut.milesplit.com/meets/399733-utah-5a-6a-divisionals-2020/results,16,team,5,katie_fallback,0.9
,https://ut.milesplit.com/meets/394508-cedar-xc-invitational-2020/results,1,individual,115,katie_fallback,0.9
,https://ut.milesplit.com/meets/394508-cedar-xc-invitational-2020/results,2,team,9,katie_fallback,0.9
,https://ut.milesplit.com/meets/394508-cedar-xc-invitational-2020/results,3,individual,122,katie_fallback,0.9
,https://ut.milesplit.com/meets/394508-cedar-xc-invitational-2020/results,4,team,12,katie_fallback,0.9
,https://ut.milesplit.com/meets/394508-cedar-xc-invitational-2020/results,5,individual,86,katie_fallback,0.9
,https://ut.milesplit.com/meets/394508-cedar-xc-invitational-2020/results,6,team,9,katie_fallback,0.9
,https://ut.milesplit.com/meets/394508-cedar-xc-invitational-2020/results,7,individual,139,katie_fallback,0.9
,https://ut.milesplit.com/meets/394508-cedar-xc-invitational-2020/results,8,team,15,katie_fallback,0.9
,https://ut.milesplit.com/meets/394508-cedar-xc-invitational-2020/results,9,individual,65,katie_fallback,0.9
,https://ut.milesplit.com/meets/394508-cedar-xc-invitational-2020/results,10,team,6,katie_fallback,0.9
,https://ut.milesplit.com/meets/394508-cedar-xc-invitational-2020/results,11,individual,64,katie_fallback,0.9
,https://ut.milesplit.com/meets/394508-cedar-xc-invitational-2020/results,12,team,7,katie_fallback,0.9
,https://ut.milesplit.com/meets/394508-cedar-xc-invitational-2020/results,13,individual,53,katie_fallback,0.9
,https://ut.milesplit.com/meets/394508-cedar-xc-invitational-2020/results,14,team,5,katie_fallback,0.9
,https://ut.milesplit.com/meets/394508-cedar-xc-invitational-2020/results,15,individual,129,katie_fallback,0.9
,https://ut.milesplit.com/meets/394508-cedar-xc-invitational-2020/results,16,team,14,katie_fallback,0.9
,https://ut.milesplit.com/meets/396931-region-1-championships-2020/results,1,individual,153,katie_fallback,0.9
,https://ut.milesplit.com/meets/396931-region-1-championships-2020/results,2,team,8,katie_fallback,0.9
,https://ut.milesplit.com/meets/396931-region-1-championships-2020/results,3,individual,75,katie_fallback,0.9
,https://ut.milesplit.com/meets/396931-region-1-championships-2020/results,4,team,8,katie_fallback,0.9
,https://ut.milesplit.com/meets/396931-region-1-championships-2020/results,5,individual,87,katie_fallback,0.9
,https://ut.milesplit.com/meets/396931-region-1-championships-2020/results,6,team,7,katie_fallback,0.9
,https://ut.milesplit.com/meets/396931-region-1-championships-2020/results,7,individual,69,katie_fallback,0.9
,https://ut.milesplit.com/meets/396931-region-1-championships-2020/results,8,team,8,katie_fallback,0.9
,https://ut.milesplit.com/meets/396928-region-2-championships-2020/results,,no_tables,0,katie_fallback,0.0
,https://ut.milesplit.com/meets/398507-region-3-championships-2020/results,1,individual,145,katie_fallback,0.9
,https://ut.milesplit.com/meets/398507-region-3-championships-2020/results,2,team,6,katie_fallback,0.9
,https://ut.milesplit.com/meets/398507-region-3-championships-2020/results,3,individual,45,katie_fallback,0.9
,https://ut.milesplit.com/meets/398507-region-3-championships-2020/results,4,team,6,katie_fallback,0.9
,https://ut.milesplit.com/meets/398507-region-3-championships-2020/results,5,individual,99,katie_fallback,0.9
,https://ut.milesplit.com/meets/398507-region-3-championships-2020/results,6,team,5,katie_fallback,0.9
,https://ut.milesplit.com/meets/398507-region-3-championships-2020/results,7,individual,45,katie_fallback,0.9
,https://ut.milesplit.com/meets/398507-region-3-championships-2020/results,8,team,6,katie_fallback,0.9
,https://ut.milesplit.com/meets/396935-region-4-championships-2020/results,,no_tables,0,katie_fallback,0.0
,https://ut.milesplit.com/meets/390847-region-5-championships-2020/results,,no_tables,0,katie_fallback,0.0
,https://ut.milesplit.com/meets/396926-region-8-championships-2020/results,,no_tables,0,katie_fallback,0.0
,https://az.milesplit.com/meets/392669-desert-twilight-xc-festival-2020/results,,no_tables,0,katie_fallback,0.0
,https://ut.milesplit.com/meets/396930-region-6-championships-2020/results,1,individual,68,katie_fallback,0.9
,https://ut.milesplit.com/meets/396930-region-6-championships-2020/results,2,team,7,katie_fallback,0.9
,https://ut.milesplit.com/meets/396930-region-6-championships-2020/results,3,individual,60,katie_fallback,0.9
,https://ut.milesplit.com/meets/396930-region-6-championships-2020/results,4,team,3,katie_fallback,0.9
,https://ut.milesplit.com/meets/396930-region-6-championships-2020/results,5,individual,56,katie_fallback,0.9
,https://ut.milesplit.com/meets/396930-region-6-championships-2020/results,6,team,8,katie_fallback,0.9
,https://ut.milesplit.com/meets/396930-region-6-championships-2020/results,7,individual,59,katie_fallback,0.9
,https://ut.milesplit.com/meets/396930-region-6-championships-2020/results,8,team,6,katie_fallback,0.9
,https://ut.milesplit.com/meets/396930-region-6-championships-2020/results,9,individual,49,katie_fallback,0.9
,https://ut.milesplit.com/meets/396930-region-6-championships-2020/results,10,team,3,katie_fallback,0.9
,https://ut.milesplit.com/meets/396930-region-6-championships-2020/results,11,individual,54,katie_fallback,0.9
,https://ut.milesplit.com/meets/396930-region-6-championships-2020/results,12,team,8,katie_fallback,0.9
,https://ut.milesplit.com/meets/390850-region-7-championships-2020/results,1,individual,135,katie_fallback,0.9
,https://ut.milesplit.com/meets/390850-region-7-championships-2020/results,2,team,6,katie_fallback,0.9
,https://ut.milesplit.com/meets/390850-region-7-championships-2020/results,3,individual,64,katie_fallback,0.9
,https://ut.milesplit.com/meets/390850-region-7-championships-2020/results,4,team,7,katie_fallback,0.9
,https://ut.milesplit.com/meets/390850-region-7-championships-2020/results,5,individual,90,katie_fallback,0.9
,https://ut.milesplit.com/meets/390850-region-7-championships-2020/results,6,team,7,katie_fallback,0.9
,https://ut.milesplit.com/meets/390850-region-7-championships-2020/results,7,individual,59,katie_fallback,0.9
,https://ut.milesplit.com/meets/390850-region-7-championships-2020/results,8,team,7,katie_fallback,0.9
,https://ut.milesplit.com/meets/403603-usatf-utah-association-5k-2020/results,,no_tables,0,katie_fallback,0.0
,https://ut.milesplit.com/meets/401381-border-wars-utah-qualifier-2020/results,1,individual,191,katie_fallback,0.9
,https://ut.milesplit.com/meets/401381-border-wars-utah-qualifier-2020/results,2,team,16,katie_fallback,0.9
,https://ut.milesplit.com/meets/401381-border-wars-utah-qualifier-2020/results,3,individual,157,katie_fallback,0.9
,https://ut.milesplit.com/meets/401381-border-wars-utah-qualifier-2020/results,4,team,13,katie_fallback,0.9
,https://ut.milesplit.com/meets/401381-border-wars-utah-qualifier-2020/results,5,individual,202,katie_fallback,0.9
,https://ut.milesplit.com/meets/401381-border-wars-utah-qualifier-2020/results,6,team,27,katie_fallback,0.9
,https://ut.milesplit.com/meets/401381-border-wars-utah-qualifier-2020/results,7,individual,134,katie_fallback,0.9
,https://ut.milesplit.com/meets/401381-border-wars-utah-qualifier-2020/results,8,team,7,katie_fallback,0.9
,https://ut.milesplit.com/meets/401381-border-wars-utah-qualifier-2020/results,9,individual,123,katie_fallback,0.9
,https://ut.milesplit.com/meets/401381-border-wars-utah-qualifier-2020/results,10,team,11,katie_fallback,0.9
,https://ut.milesplit.com/meets/401381-border-wars-utah-qualifier-2020/results,11,individual,204,katie_fallback,0.9
,https://ut.milesplit.com/meets/401381-border-wars-utah-qualifier-2020/results,12,team,30,katie_fallback,0.9
385953,https://ut.milesplit.com/meets/214359-american-fork-grass-relays-2015/results/385953/formatted/,1,individual,195,katie_fallback,0.9
385953,https://ut.milesplit.com/meets/214359-american-fork-grass-relays-2015/results/385953/formatted/,2,team,39,katie_fallback,0.9
385957,https://ut.milesplit.com/meets/214359-american-fork-grass-relays-2015/results/385957/formatted/,,cole,0,cole,0.8499999999999999
386038,https://ut.milesplit.com/meets/214359-american-fork-grass-relays-2015/results/386038/formatted/,1,individual,172,katie_fallback,0.9
386038,https://ut.milesplit.com/meets/214359-american-fork-grass-relays-2015/results/386038/formatted/,2,team,34,katie_fallback,0.9
386039,https://ut.milesplit.com/meets/214359-american-fork-grass-relays-2015/results/386039/formatted/,,cole,0,cole,0.8499999999999999
385645,https://ut.milesplit.com/meets/217598-region-6-pre-meet-2015/results/385645/formatted/,1,individual,108,katie_fallback,0.9
385645,https://ut.milesplit.com/meets/217598-region-6-pre-meet-2015/results/385645/formatted/,2,team,7,katie_fallback,0.9
385646,https://ut.milesplit.com/meets/217598-region-6-pre-meet-2015/results/385646/formatted/,1,individual,91,katie_fallback,0.9
385646,https://ut.milesplit.com/meets/217598-region-6-pre-meet-2015/results/385646/formatted/,2,team,6,katie_fallback,0.9
388352,https://ut.milesplit.com/meets/218130-region-v-pre-region-cross-country-meet-2015/results/388352/formatted/,1,individual,148,katie_fallback,0.9
388352,https://ut.milesplit.com/meets/218130-region-v-pre-region-cross-country-meet-2015/results/388352/formatted/,2,team,7,katie_fallback,0.9
388350,https://ut.milesplit.com/meets/218130-region-v-pre-region-cross-country-meet-2015/results/388350/formatted/,,cole,0,cole,0.8999999999999999
388351,https://ut.milesplit.com/meets/218130-region-v-pre-region-cross-country-meet-2015/results/388351/formatted/,,cole,0,cole,0.8999999999999999
388354,https://ut.milesplit.com/meets/218131-region-vi-pre-regions-2015/results/388354/formatted/,1,individual,107,katie_fallback,0.9
388354,https://ut.milesplit.com/meets/218131-region-vi-pre-regions-2015/results/388354/formatted/,2,team,7,katie_fallback,0.9
388353,https://ut.milesplit.com/meets/218131-region-vi-pre-regions-2015/results/388353/formatted/,1,individual,91,katie_fallback,0.9
388353,https://ut.milesplit.com/meets/218131-region-vi-pre-regions-2015/results/388353/formatted/,2,team,6,katie_fallback,0.9
385899,https://ut.milesplit.com/meets/217632-tri-meet-vs-salem-hills-dual-2015/results/385899/formatted/,,no_tables,0,katie_fallback,0.55
385900,https://ut.milesplit.com/meets/217632-tri-meet-vs-salem-hills-dual-2015/results/385900/formatted/,,cole,0,cole,0.8499999999999999
385901,https://ut.milesplit.com/meets/217632-tri-meet-vs-salem-hills-dual-2015/results/385901/formatted/,,cole,0,cole,0.8499999999999999
385902,https://ut.milesplit.com/meets/217632-tri-meet-vs-salem-hills-dual-2015/results/385902/formatted/,,cole,0,cole,0.8499999999999999
385107,https://ut.milesplit.com/meets/214354-suu-high-school-invite-2015/results/385107/formatted/,1,individual,174,katie_fallback,0.9
385107,https://ut.milesplit.com/meets/214354-suu-high-school-invite-2015/results/385107/formatted/,2,team,11,katie_fallback,0.9
385107,https://ut.milesplit.com/meets/214354-suu-high-school-invite-2015/results/385107/formatted/,3,individual,147,katie_fallback,0.9
385107,https://ut.milesplit.com/meets/214354-suu-high-school-invite-2015/results/385107/formatted/,4,team,8,katie_fallback,0.9
385106,https://ut.milesplit.com/meets/214354-suu-high-school-invite-2015/results/385106/formatted/,1,individual,73,katie_fallback,0.9
385106,https://ut.milesplit.com/meets/214354-suu-high-school-invite-2015/results/385106/formatted/,2,team,10,katie_fallback,0.9
385106,https://ut.milesplit.com/meets/214354-suu-high-school-invite-2015/results/385106/formatted/,3,individual,54,katie_fallback,0.9
385106,https://ut.milesplit.com/meets/214354-suu-high-school-invite-2015/results/385106/formatted/,4,team,6,katie_fallback,0.9
384631,https://ut.milesplit.com/meets/214353-highland-xc-invitational-2015/results/384631/formatted/,1,individual,375,katie_fallback,0.9
384631,https://ut.milesplit.com/meets/214353-highland-xc-invitational-2015/results/384631/formatted/,2,team,31,katie_fallback,0.9
384630,https://ut.milesplit.com/meets/214353-highland-xc-invitational-2015/results/384630/formatted/,1,individual,1,katie_fallback,0.9
384630,https://ut.milesplit.com/meets/214353-highland-xc-invitational-2015/results/384630/formatted/,2,individual,251,katie_fallback,0.9
384630,https://ut.milesplit.com/meets/214353-highland-xc-invitational-2015/results/384630/formatted/,3,team,23,katie_fallback,0.9
384628,https://ut.milesplit.com/meets/214353-highland-xc-invitational-2015/results/384628/formatted/,1,individual,332,katie_fallback,0.9
384628,https://ut.milesplit.com/meets/214353-highland-xc-invitational-2015/results/384628/formatted/,2,team,29,katie_fallback,0.9
384629,https://ut.milesplit.com/meets/214353-highland-xc-invitational-2015/results/384629/formatted/,1,individual,1,katie_fallback,0.9
384629,https://ut.milesplit.com/meets/214353-highland-xc-invitational-2015/results/384629/formatted/,2,individual,247,katie_fallback,0.9
384629,https://ut.milesplit.com/meets/214353-highland-xc-invitational-2015/results/384629/formatted/,3,team,22,katie_fallback,0.9
384626,https://ut.milesplit.com/meets/214353-highland-xc-invitational-2015/results/384626/formatted/,1,individual,195,katie_fallback,0.9
384626,https://ut.milesplit.com/meets/214353-highland-xc-invitational-2015/results/384626/formatted/,2,team,25,katie_fallback,0.9
384627,https://ut.milesplit.com/meets/214353-highland-xc-invitational-2015/results/384627/formatted/,1,individual,233,katie_fallback,0.9
384627,https://ut.milesplit.com/meets/214353-highland-xc-invitational-2015/results/384627/formatted/,2,team,32,katie_fallback,0.9
385884,https://ut.milesplit.com/meets/217631-pre-region-8-meet-2015/results/385884/formatted/,1,individual,110,katie_fallback,0.9
385884,https://ut.milesplit.com/meets/217631-pre-region-8-meet-2015/results/385884/formatted/,2,team,6,katie_fallback,0.9
385887,https://ut.milesplit.com/meets/217631-pre-region-8-meet-2015/results/385887/formatted/,1,individual,58,katie_fallback,0.9
385887,https://ut.milesplit.com/meets/217631-pre-region-8-meet-2015/results/385887/formatted/,2,team,5,katie_fallback,0.9
385885,https://ut.milesplit.com/meets/217631-pre-region-8-meet-2015/results/385885/formatted/,1,individual,49,katie_fallback,0.9
385885,https://ut.milesplit.com/meets/217631-pre-region-8-meet-2015/results/385885/formatted/,2,team,7,katie_fallback,0.9
385889,https://ut.milesplit.com/meets/217631-pre-region-8-meet-2015/results/385889/formatted/,1,individual,49,katie_fallback,0.9
385889,https://ut.milesplit.com/meets/217631-pre-region-8-meet-2015/results/385889/formatted/,2,team,7,katie_fallback,0.9
384573,https://ut.milesplit.com/meets/214351-premier-cross-country-invitational-2015/results/384573/formatted/,1,individual,40,katie_fallback,0.9
384573,https://ut.milesplit.com/meets/214351-premier-cross-country-invitational-2015/results/384573/formatted/,2,team,3,katie_fallback,0.9
384573,https://ut.milesplit.com/meets/214351-premier-cross-country-invitational-2015/results/384573/formatted/,3,individual,32,katie_fallback,0.9
384573,https://ut.milesplit.com/meets/214351-premier-cross-country-invitational-2015/results/384573/formatted/,4,team,2,katie_fallback,0.9
384572,https://ut.milesplit.com/meets/214351-premier-cross-country-invitational-2015/results/384572/formatted/,1,individual,64,katie_fallback,0.9
384572,https://ut.milesplit.com/meets/214351-premier-cross-country-invitational-2015/results/384572/formatted/,2,team,5,katie_fallback,0.9
384572,https://ut.milesplit.com/meets/214351-premier-cross-country-invitational-2015/results/384572/formatted/,3,individual,45,katie_fallback,0.9
384572,https://ut.milesplit.com/meets/214351-premier-cross-country-invitational-2015/results/384572/formatted/,4,team,4,katie_fallback,0.9
384571,https://ut.milesplit.com/meets/214351-premier-cross-country-invitational-2015/results/384571/formatted/,1,individual,92,katie_fallback,0.9
384571,https://ut.milesplit.com/meets/214351-premier-cross-country-invitational-2015/results/384571/formatted/,2,team,5,katie_fallback,0.9
384571,https://ut.milesplit.com/meets/214351-premier-cross-country-invitational-2015/results/384571/formatted/,3,individual,44,katie_fallback,0.9
384571,https://ut.milesplit.com/meets/214351-premier-cross-country-invitational-2015/results/384571/formatted/,4,team,3,katie_fallback,0.9
384570,https://ut.milesplit.com/meets/214351-premier-cross-country-invitational-2015/results/384570/formatted/,1,individual,27,katie_fallback,0.9
384570,https://ut.milesplit.com/meets/214351-premier-cross-country-invitational-2015/results/384570/formatted/,2,team,4,katie_fallback,0.9
384570,https://ut.milesplit.com/meets/214351-premier-cross-country-invitational-2015/results/384570/formatted/,3,individual,19,katie_fallback,0.9
384570,https://ut.milesplit.com/meets/214351-premier-cross-country-invitational-2015/results/384570/formatted/,4,team,3,katie_fallback,0.9
384569,https://ut.milesplit.com/meets/214351-premier-cross-country-invitational-2015/results/384569/formatted/,1,individual,25,katie_fallback,0.9
384569,https://ut.milesplit.com/meets/214351-premier-cross-country-invitational-2015/results/384569/formatted/,2,team,4,katie_fallback,0.9
384569,https://ut.milesplit.com/meets/214351-premier-cross-country-invitational-2015/results/384569/formatted/,3,individual,28,katie_fallback,0.9
384569,https://ut.milesplit.com/meets/214351-premier-cross-country-invitational-2015/results/384569/formatted/,4,team,4,katie_fallback,0.9
384568,https://ut.milesplit.com/meets/214351-premier-cross-country-invitational-2015/results/384568/formatted/,1,individual,34,katie_fallback,0.9
384568,https://ut.milesplit.com/meets/214351-premier-cross-country-invitational-2015/results/384568/formatted/,2,team,5,katie_fallback,0.9
384568,https://ut.milesplit.com/meets/214351-premier-cross-country-invitational-2015/results/384568/formatted/,3,individual,34,katie_fallback,0.9
384568,https://ut.milesplit.com/meets/214351-premier-cross-country-invitational-2015/results/384568/formatted/,4,team,4,katie_fallback,0.9
384650,https://www.milesplit.com/meets/194122-aau-junior-olympic-games-2015/results/384650/formatted/,,no_tables,0,katie_fallback,0.55
384392,https://www.milesplit.com/meets/194122-aau-junior-olympic-games-2015/results/384392/formatted/,,no_tables,0,katie_fallback,0.6999999999999998
384387,https://www.milesplit.com/meets/194122-aau-junior-olympic-games-2015/results/384387/formatted/,,no_tables,0,katie_fallback,0.6999999999999998
384393,https://www.milesplit.com/meets/194122-aau-junior-olympic-games-2015/results/384393/formatted/,,cole,0,cole,0.8499999999999999
384386,https://www.milesplit.com/meets/194122-aau-junior-olympic-games-2015/results/384386/formatted/,,cole,0,cole,0.8499999999999999
384390,https://www.milesplit.com/meets/194122-aau-junior-olympic-games-2015/results/384390/formatted/,,cole,0,cole,0.8499999999999999
384388,https://www.milesplit.com/meets/194122-aau-junior-olympic-games-2015/results/384388/formatted/,,cole,0,cole,0.8499999999999999
384394,https://www.milesplit.com/meets/194122-aau-junior-olympic-games-2015/results/384394/formatted/,,cole,0,cole,0.8499999999999999
384389,https://www.milesplit.com/meets/194122-aau-junior-olympic-games-2015/results/384389/formatted/,,cole,0,cole,0.8499999999999999
384451,https://www.milesplit.com/meets/194122-aau-junior-olympic-games-2015/results/384451/formatted/,1,individual,87,katie_fallback,0.75
384451,https://www.milesplit.com/meets/194122-aau-junior-olympic-games-2015/results/384451/formatted/,2,individual,28,katie_fallback,0.75
384451,https://www.milesplit.com/meets/194122-aau-junior-olympic-games-2015/results/384451/formatted/,3,individual,28,katie_fallback,0.75
384451,https://www.milesplit.com/meets/194122-aau-junior-olympic-games-2015/results/384451/formatted/,4,individual,99,katie_fallback,0.75
384451,https://www.milesplit.com/meets/194122-aau-junior-olympic-games-2015/results/384451/formatted/,5,individual,57,katie_fallback,0.75
384451,https://www.milesplit.com/meets/194122-aau-junior-olympic-games-2015/results/384451/formatted/,6,individual,40,katie_fallback,0.75
384451,https://www.milesplit.com/meets/194122-aau-junior-olympic-games-2015/results/384451/formatted/,7,individual,51,katie_fallback,0.75
384451,https://www.milesplit.com/meets/194122-aau-junior-olympic-games-2015/results/384451/formatted/,8,individual,35,katie_fallback,0.75
384451,https://www.milesplit.com/meets/194122-aau-junior-olympic-games-2015/results/384451/formatted/,9,individual,74,katie_fallback,0.75
384451,https://www.milesplit.com/meets/194122-aau-junior-olympic-games-2015/results/384451/formatted/,10,individual,31,katie_fallback,0.75
384451,https://www.milesplit.com/meets/194122-aau-junior-olympic-games-2015/results/384451/formatted/,11,individual,17,katie_fallback,0.75
384451,https://www.milesplit.com/meets/194122-aau-junior-olympic-games-2015/results/384451/formatted/,12,individual,23,katie_fallback,0.75
384451,https://www.milesplit.com/meets/194122-aau-junior-olympic-games-2015/results/384451/formatted/,13,individual,11,katie_fallback,0.75
384451,https://www.milesplit.com/meets/194122-aau-junior-olympic-games-2015/results/384451/formatted/,14,individual,6,katie_fallback,0.75
384451,https://www.milesplit.com/meets/194122-aau-junior-olympic-games-2015/results/384451/formatted/,15,individual,9,katie_fallback,0.75
384451,https://www.milesplit.com/meets/194122-aau-junior-olympic-games-2015/results/384451/formatted/,16,individual,17,katie_fallback,0.75
384451,https://www.milesplit.com/meets/194122-aau-junior-olympic-games-2015/results/384451/formatted/,17,individual,5,katie_fallback,0.75
384451,https://www.milesplit.com/meets/194122-aau-junior-olympic-games-2015/results/384451/formatted/,18,individual,11,katie_fallback,0.75
384451,https://www.milesplit.com/meets/194122-aau-junior-olympic-games-2015/results/384451/formatted/,19,individual,9,katie_fallback,0.75
384451,https://www.milesplit.com/meets/194122-aau-junior-olympic-games-2015/results/384451/formatted/,20,individual,6,katie_fallback,0.75
384451,https://www.milesplit.com/meets/194122-aau-junior-olympic-games-2015/results/384451/formatted/,21,individual,0,katie_fallback,0.75
384451,https://www.milesplit.com/meets/194122-aau-junior-olympic-games-2015/results/384451/formatted/,22,individual,0,katie_fallback,0.75
384451,https://www.milesplit.com/meets/194122-aau-junior-olympic-games-2015/results/384451/formatted/,23,individual,0,katie_fallback,0.75
384451,https://www.milesplit.com/meets/194122-aau-junior-olympic-games-2015/results/384451/formatted/,24,individual,0,katie_fallback,0.75
384451,https://www.milesplit.com/meets/194122-aau-junior-olympic-games-2015/results/384451/formatted/,25,individual,0,katie_fallback,0.75
384451,https://www.milesplit.com/meets/194122-aau-junior-olympic-games-2015/results/384451/formatted/,26,individual,40,katie_fallback,0.75
384451,https://www.milesplit.com/meets/194122-aau-junior-olympic-games-2015/results/384451/formatted/,27,individual,78,katie_fallback,0.75
384451,https://www.milesplit.com/meets/194122-aau-junior-olympic-games-2015/results/384451/formatted/,28,individual,23,katie_fallback,0.75
384451,https://www.milesplit.com/meets/194122-aau-junior-olympic-games-2015/results/384451/formatted/,29,individual,9,katie_fallback,0.75
384451,https://www.milesplit.com/meets/194122-aau-junior-olympic-games-2015/results/384451/formatted/,30,individual,35,katie_fallback,0.75
384451,https://www.milesplit.com/meets/194122-aau-junior-olympic-games-2015/results/384451/formatted/,31,individual,26,katie_fallback,0.75
384451,https://www.milesplit.com/meets/194122-aau-junior-olympic-games-2015/results/384451/formatted/,32,individual,65,katie_fallback,0.75
384451,https://www.milesplit.com/meets/194122-aau-junior-olympic-games-2015/results/384451/formatted/,33,individual,27,katie_fallback,0.75
384451,https://www.milesplit.com/meets/194122-aau-junior-olympic-games-2015/results/384451/formatted/,34,individual,4,katie_fallback,0.75
384451,https://www.milesplit.com/meets/194122-aau-junior-olympic-games-2015/results/384451/formatted/,35,individual,11,katie_fallback,0.75
384451,https://www.milesplit.com/meets/194122-aau-junior-olympic-games-2015/results/384451/formatted/,36,individual,6,katie_fallback,0.75
384451,https://www.milesplit.com/meets/194122-aau-junior-olympic-games-2015/results/384451/formatted/,37,individual,1,katie_fallback,0.75
384451,https://www.milesplit.com/meets/194122-aau-junior-olympic-games-2015/results/384451/formatted/,38,individual,1,katie_fallback,0.75
384337,https://www.milesplit.com/meets/194122-aau-junior-olympic-games-2015/results/384337/formatted/,,no_tables,0,katie_fallback,0.6999999999999998
384346,https://www.milesplit.com/meets/194122-aau-junior-olympic-games-2015/results/384346/formatted/,,no_tables,0,katie_fallback,0.6999999999999998
384366,https://www.milesplit.com/meets/194122-aau-junior-olympic-games-2015/results/384366/formatted/,,no_tables,0,katie_fallback,0.6999999999999998
384383,https://www.milesplit.com/meets/194122-aau-junior-olympic-games-2015/results/384383/formatted/,,cole,0,cole,0.8499999999999999
384412,https://www.milesplit.com/meets/194122-aau-junior-olympic-games-2015/results/384412/formatted/,,no_tables,0,katie_fallback,0.6999999999999998
384420,https://www.milesplit.com/meets/194122-aau-junior-olympic-games-2015/results/384420/formatted/,,cole,0,cole,0.8499999999999999
384436,https://www.milesplit.com/meets/194122-aau-junior-olympic-games-2015/results/384436/formatted/,,no_tables,0,katie_fallback,0.6999999999999998
384450,https://www.milesplit.com/meets/194122-aau-junior-olympic-games-2015/results/384450/formatted/,1,individual,1,katie_fallback,0.75
384450,https://www.milesplit.com/meets/194122-aau-junior-olympic-games-2015/results/384450/formatted/,2,individual,3,katie_fallback,0.75
384450,https://www.milesplit.com/meets/194122-aau-junior-olympic-games-2015/results/384450/formatted/,3,individual,4,katie_fallback,0.75
384450,https://www.milesplit.com/meets/194122-aau-junior-olympic-games-2015/results/384450/formatted/,4,individual,3,katie_fallback,0.75
384450,https://www.milesplit.com/meets/194122-aau-junior-olympic-games-2015/results/384450/formatted/,5,individual,1,katie_fallback,0.75
384450,https://www.milesplit.com/meets/194122-aau-junior-olympic-games-2015/results/384450/formatted/,6,individual,1,katie_fallback,0.75
384450,https://www.milesplit.com/meets/194122-aau-junior-olympic-games-2015/results/384450/formatted/,7,individual,1,katie_fallback,0.75
384450,https://www.milesplit.com/meets/194122-aau-junior-olympic-games-2015/results/384450/formatted/,8,individual,3,katie_fallback,0.75
384450,https://www.milesplit.com/meets/194122-aau-junior-olympic-games-2015/results/384450/formatted/,9,individual,0,katie_fallback,0.75
384450,https://www.milesplit.com/meets/194122-aau-junior-olympic-games-2015/results/384450/formatted/,10,individual,2,katie_fallback,0.75
384452,https://www.milesplit.com/meets/194122-aau-junior-olympic-games-2015/results/384452/formatted/,1,individual,30,katie_fallback,0.75
384452,https://www.milesplit.com/meets/194122-aau-junior-olympic-games-2015/results/384452/formatted/,2,individual,94,katie_fallback,0.75
384452,https://www.milesplit.com/meets/194122-aau-junior-olympic-games-2015/results/384452/formatted/,3,individual,41,katie_fallback,0.75
384452,https://www.milesplit.com/meets/194122-aau-junior-olympic-games-2015/results/384452/formatted/,4,individual,109,katie_fallback,0.75
384452,https://www.milesplit.com/meets/194122-aau-junior-olympic-games-2015/results/384452/formatted/,5,individual,1,katie_fallback,0.75
384452,https://www.milesplit.com/meets/194122-aau-junior-olympic-games-2015/results/384452/formatted/,6,individual,75,katie_fallback,0.75
384452,https://www.milesplit.com/meets/194122-aau-junior-olympic-games-2015/results/384452/formatted/,7,individual,48,katie_fallback,0.75
384452,https://www.milesplit.com/meets/194122-aau-junior-olympic-games-2015/results/384452/formatted/,8,individual,74,katie_fallback,0.75
384452,https://www.milesplit.com/meets/194122-aau-junior-olympic-games-2015/results/384452/formatted/,9,individual,35,katie_fallback,0.75
384452,https://www.milesplit.com/meets/194122-aau-junior-olympic-games-2015/results/384452/formatted/,10,individual,44,katie_fallback,0.75
384452,https://www.milesplit.com/meets/194122-aau-junior-olympic-games-2015/results/384452/formatted/,11,individual,15,katie_fallback,0.75
384452,https://www.milesplit.com/meets/194122-aau-junior-olympic-games-2015/results/384452/formatted/,12,individual,8,katie_fallback,0.75
384452,https://www.milesplit.com/meets/194122-aau-junior-olympic-games-2015/results/384452/formatted/,13,individual,16,katie_fallback,0.75
384452,https://www.milesplit.com/meets/194122-aau-junior-olympic-games-2015/results/384452/formatted/,14,individual,35,katie_fallback,0.75
384452,https://www.milesplit.com/meets/194122-aau-junior-olympic-games-2015/results/384452/formatted/,15,individual,19,katie_fallback,0.75
384452,https://www.milesplit.com/meets/194122-aau-junior-olympic-games-2015/results/384452/formatted/,16,individual,2,katie_fallback,0.75
384452,https://www.milesplit.com/meets/194122-aau-junior-olympic-games-2015/results/384452/formatted/,17,individual,19,katie_fallback,0.75
384452,https://www.milesplit.com/meets/194122-aau-junior-olympic-games-2015/results/384452/formatted/,18,individual,7,katie_fallback,0.75
384452,https://www.milesplit.com/meets/194122-aau-junior-olympic-games-2015/results/384452/formatted/,19,individual,19,katie_fallback,0.75
384452,https://www.milesplit.com/meets/194122-aau-junior-olympic-games-2015/results/384452/formatted/,20,individual,2,katie_fallback,0.75
384452,https://www.milesplit.com/meets/194122-aau-junior-olympic-games-2015/results/384452/formatted/,21,individual,0,katie_fallback,0.75
384452,https://www.milesplit.com/meets/194122-aau-junior-olympic-games-2015/results/384452/formatted/,22,individual,0,katie_fallback,0.75
384452,https://www.milesplit.com/meets/194122-aau-junior-olympic-games-2015/results/384452/formatted/,23,individual,0,katie_fallback,0.75
384452,https://www.milesplit.com/meets/194122-aau-junior-olympic-games-2015/results/384452/formatted/,24,individual,0,katie_fallback,0.75
384452,https://www.milesplit.com/meets/194122-aau-junior-olympic-games-2015/results/384452/formatted/,25,individual,47,katie_fallback,0.75
384452,https://www.milesplit.com/meets/194122-aau-junior-olympic-games-2015/results/384452/formatted/,26,individual,93,katie_fallback,0.75
384452,https://www.milesplit.com/meets/194122-aau-junior-olympic-games-2015/results/384452/formatted/,27,individual,20,katie_fallback,0.75
384452,https://www.milesplit.com/meets/194122-aau-junior-olympic-games-2015/results/384452/formatted/,28,individual,3,katie_fallback,0.75
384452,https://www.milesplit.com/meets/194122-aau-junior-olympic-games-2015/results/384452/formatted/,29,individual,34,katie_fallback,0.75
384452,https://www.milesplit.com/meets/194122-aau-junior-olympic-games-2015/results/384452/formatted/,30,individual,27,katie_fallback,0.75
384452,https://www.milesplit.com/meets/194122-aau-junior-olympic-games-2015/results/384452/formatted/,31,individual,85,katie_fallback,0.75
384452,https://www.milesplit.com/meets/194122-aau-junior-olympic-games-2015/results/384452/formatted/,32,individual,36,katie_fallback,0.75
384452,https://www.milesplit.com/meets/194122-aau-junior-olympic-games-2015/results/384452/formatted/,33,individual,5,katie_fallback,0.75
384452,https://www.milesplit.com/meets/194122-aau-junior-olympic-games-2015/results/384452/formatted/,34,individual,15,katie_fallback,0.75
384452,https://www.milesplit.com/meets/194122-aau-junior-olympic-games-2015/results/384452/formatted/,35,individual,3,katie_fallback,0.75
384452,https://www.milesplit.com/meets/194122-aau-junior-olympic-games-2015/results/384452/formatted/,36,individual,1,katie_fallback,0.75
400109,https://ut.milesplit.com/meets/214376-sanpete-cross-country-classic-2015/results/400109/formatted/,1,individual,185,katie_fallback,0.9
400109,https://ut.milesplit.com/meets/214376-sanpete-cross-country-classic-2015/results/400109/formatted/,2,team,15,katie_fallback,0.9
400110,https://ut.milesplit.com/meets/214376-sanpete-cross-country-classic-2015/results/400110/formatted/,1,individual,2,katie_fallback,0.9
400110,https://ut.milesplit.com/meets/214376-sanpete-cross-country-classic-2015/results/400110/formatted/,2,individual,79,katie_fallback,0.9
400110,https://ut.milesplit.com/meets/214376-sanpete-cross-country-classic-2015/results/400110/formatted/,3,team,5,katie_fallback,0.9
400104,https://ut.milesplit.com/meets/214376-sanpete-cross-country-classic-2015/results/400104/formatted/,1,individual,125,katie_fallback,0.9
400104,https://ut.milesplit.com/meets/214376-sanpete-cross-country-classic-2015/results/400104/formatted/,2,team,17,katie_fallback,0.9
400106,https://ut.milesplit.com/meets/214376-sanpete-cross-country-classic-2015/results/400106/formatted/,1,individual,95,katie_fallback,0.9
400106,https://ut.milesplit.com/meets/214376-sanpete-cross-country-classic-2015/results/400106/formatted/,2,team,13,katie_fallback,0.9
400083,https://ut.milesplit.com/meets/220013-ogdenweber-city-county-meet-2015/results/400083/formatted/,1,individual,112,katie_fallback,0.9
400083,https://ut.milesplit.com/meets/220013-ogdenweber-city-county-meet-2015/results/400083/formatted/,2,team,5,katie_fallback,0.9
400084,https://ut.milesplit.com/meets/220013-ogdenweber-city-county-meet-2015/results/400084/formatted/,1,individual,68,katie_fallback,0.9
400084,https://ut.milesplit.com/meets/220013-ogdenweber-city-county-meet-2015/results/400084/formatted/,2,team,5,katie_fallback,0.9
400076,https://ut.milesplit.com/meets/220013-ogdenweber-city-county-meet-2015/results/400076/formatted/,1,individual,41,katie_fallback,0.9
400076,https://ut.milesplit.com/meets/220013-ogdenweber-city-county-meet-2015/results/400076/formatted/,2,team,5,katie_fallback,0.9
400079,https://ut.milesplit.com/meets/220013-ogdenweber-city-county-meet-2015/results/400079/formatted/,1,individual,34,katie_fallback,0.9
400079,https://ut.milesplit.com/meets/220013-ogdenweber-city-county-meet-2015/results/400079/formatted/,2,team,4,katie_fallback,0.9
396964,https://id.milesplit.com/meets/214375-bob-firman-invitational-2015/results/396964/formatted/,1,individual,259,katie_fallback,0.9
396964,https://id.milesplit.com/meets/214375-bob-firman-invitational-2015/results/396964/formatted/,2,team,33,katie_fallback,0.9
396967,https://id.milesplit.com/meets/214375-bob-firman-invitational-2015/results/396967/formatted/,,no_tables,0,katie_fallback,0.55
396963,https://id.milesplit.com/meets/214375-bob-firman-invitational-2015/results/396963/formatted/,1,individual,183,katie_fallback,0.9
396963,https://id.milesplit.com/meets/214375-bob-firman-invitational-2015/results/396963/formatted/,2,team,25,katie_fallback,0.9
396969,https://id.milesplit.com/meets/214375-bob-firman-invitational-2015/results/396969/formatted/,1,individual,166,katie_fallback,0.9
396969,https://id.milesplit.com/meets/214375-bob-firman-invitational-2015/results/396969/formatted/,2,team,10,katie_fallback,0.9
397954,https://id.milesplit.com/meets/214375-bob-firman-invitational-2015/results/397954/formatted/,1,individual,3,katie_fallback,0.9
397954,https://id.milesplit.com/meets/214375-bob-firman-invitational-2015/results/397954/formatted/,2,individual,279,katie_fallback,0.9
397954,https://id.milesplit.com/meets/214375-bob-firman-invitational-2015/results/397954/formatted/,3,team,37,katie_fallback,0.9
396971,https://id.milesplit.com/meets/214375-bob-firman-invitational-2015/results/396971/formatted/,1,individual,180,katie_fallback,0.9
396971,https://id.milesplit.com/meets/214375-bob-firman-invitational-2015/results/396971/formatted/,2,team,24,katie_fallback,0.9
396970,https://id.milesplit.com/meets/214375-bob-firman-invitational-2015/results/396970/formatted/,1,individual,133,katie_fallback,0.9
396970,https://id.milesplit.com/meets/214375-bob-firman-invitational-2015/results/396970/formatted/,2,team,17,katie_fallback,0.9
396973,https://id.milesplit.com/meets/214375-bob-firman-invitational-2015/results/396973/formatted/,1,individual,119,katie_fallback,0.9
396973,https://id.milesplit.com/meets/214375-bob-firman-invitational-2015/results/396973/formatted/,2,team,7,katie_fallback,0.9
396994,https://or.milesplit.com/meets/206488-nike-portland-xc-invite-2015/results/396994/formatted/,1,individual,171,katie_fallback,0.9
396994,https://or.milesplit.com/meets/206488-nike-portland-xc-invite-2015/results/396994/formatted/,2,team,24,katie_fallback,0.9
396994,https://or.milesplit.com/meets/206488-nike-portland-xc-invite-2015/results/396994/formatted/,3,individual,117,katie_fallback,0.9
396994,https://or.milesplit.com/meets/206488-nike-portland-xc-invite-2015/results/396994/formatted/,4,team,17,katie_fallback,0.9
396995,https://or.milesplit.com/meets/206488-nike-portland-xc-invite-2015/results/396995/formatted/,1,individual,105,katie_fallback,0.9
396995,https://or.milesplit.com/meets/206488-nike-portland-xc-invite-2015/results/396995/formatted/,2,team,14,katie_fallback,0.9
396995,https://or.milesplit.com/meets/206488-nike-portland-xc-invite-2015/results/396995/formatted/,3,individual,105,katie_fallback,0.9
396995,https://or.milesplit.com/meets/206488-nike-portland-xc-invite-2015/results/396995/formatted/,4,team,14,katie_fallback,0.9
396997,https://or.milesplit.com/meets/206488-nike-portland-xc-invite-2015/results/396997/formatted/,1,individual,105,katie_fallback,0.9
396997,https://or.milesplit.com/meets/206488-nike-portland-xc-invite-2015/results/396997/formatted/,2,team,13,katie_fallback,0.9
396997,https://or.milesplit.com/meets/206488-nike-portland-xc-invite-2015/results/396997/formatted/,3,individual,105,katie_fallback,0.9
396997,https://or.milesplit.com/meets/206488-nike-portland-xc-invite-2015/results/396997/formatted/,4,team,15,katie_fallback,0.9
396999,https://or.milesplit.com/meets/206488-nike-portland-xc-invite-2015/results/396999/formatted/,1,individual,104,katie_fallback,0.9
396999,https://or.milesplit.com/meets/206488-nike-portland-xc-invite-2015/results/396999/formatted/,2,team,12,katie_fallback,0.9
396999,https://or.milesplit.com/meets/206488-nike-portland-xc-invite-2015/results/396999/formatted/,3,individual,105,katie_fallback,0.9
396999,https://or.milesplit.com/meets/206488-nike-portland-xc-invite-2015/results/396999/formatted/,4,team,8,katie_fallback,0.9
397002,https://or.milesplit.com/meets/206488-nike-portland-xc-invite-2015/results/397002/formatted/,1,individual,105,katie_fallback,0.9
397002,https://or.milesplit.com/meets/206488-nike-portland-xc-invite-2015/results/397002/formatted/,2,team,8,katie_fallback,0.9
397005,https://or.milesplit.com/meets/206488-nike-portland-xc-invite-2015/results/397005/formatted/,1,individual,105,katie_fallback,0.9
397005,https://or.milesplit.com/meets/206488-nike-portland-xc-invite-2015/results/397005/formatted/,2,team,7,katie_fallback,0.9
397004,https://or.milesplit.com/meets/206488-nike-portland-xc-invite-2015/results/397004/formatted/,1,individual,105,katie_fallback,0.9
397004,https://or.milesplit.com/meets/206488-nike-portland-xc-invite-2015/results/397004/formatted/,2,team,8,katie_fallback,0.9
397004,https://or.milesplit.com/meets/206488-nike-portland-xc-invite-2015/results/397004/formatted/,3,individual,105,katie_fallback,0.9
397004,https://or.milesplit.com/meets/206488-nike-portland-xc-invite-2015/results/397004/formatted/,4,team,8,katie_fallback,0.9
397001,https://or.milesplit.com/meets/206488-nike-portland-xc-invite-2015/results/397001/formatted/,1,individual,106,katie_fallback,0.9
397001,https://or.milesplit.com/meets/206488-nike-portland-xc-invite-2015/results/397001/formatted/,2,team,10,katie_fallback,0.9
397001,https://or.milesplit.com/meets/206488-nike-portland-xc-invite-2015/results/397001/formatted/,3,individual,104,katie_fallback,0.9
397001,https://or.milesplit.com/meets/206488-nike-portland-xc-invite-2015/results/397001/formatted/,4,team,11,katie_fallback,0.9
397000,https://or.milesplit.com/meets/206488-nike-portland-xc-invite-2015/results/397000/formatted/,1,individual,104,katie_fallback,0.9
397000,https://or.milesplit.com/meets/206488-nike-portland-xc-invite-2015/results/397000/formatted/,2,team,8,katie_fallback,0.9
397000,https://or.milesplit.com/meets/206488-nike-portland-xc-invite-2015/results/397000/formatted/,3,individual,105,katie_fallback,0.9
397000,https://or.milesplit.com/meets/206488-nike-portland-xc-invite-2015/results/397000/formatted/,4,team,5,katie_fallback,0.9
397007,https://or.milesplit.com/meets/206488-nike-portland-xc-invite-2015/results/397007/formatted/,1,individual,105,katie_fallback,0.9
397007,https://or.milesplit.com/meets/206488-nike-portland-xc-invite-2015/results/397007/formatted/,2,team,9,katie_fallback,0.9
397008,https://co.milesplit.com/meets/215262-pagosa-springs-wolf-creek-invitational-2015/results/397008/formatted/,,cole,0,cole,0.8499999999999999
397010,https://co.milesplit.com/meets/215262-pagosa-springs-wolf-creek-invitational-2015/results/397010/formatted/,,cole,0,cole,0.8499999999999999
397011,https://co.milesplit.com/meets/215262-pagosa-springs-wolf-creek-invitational-2015/results/397011/formatted/,1,individual,73,katie_fallback,0.9
397011,https://co.milesplit.com/meets/215262-pagosa-springs-wolf-creek-invitational-2015/results/397011/formatted/,2,team,7,katie_fallback,0.9
397012,https://co.milesplit.com/meets/215262-pagosa-springs-wolf-creek-invitational-2015/results/397012/formatted/,1,individual,1,katie_fallback,0.9
397012,https://co.milesplit.com/meets/215262-pagosa-springs-wolf-creek-invitational-2015/results/397012/formatted/,2,individual,73,katie_fallback,0.9
397012,https://co.milesplit.com/meets/215262-pagosa-springs-wolf-creek-invitational-2015/results/397012/formatted/,3,team,7,katie_fallback,0.9
398095,https://ut.milesplit.com/meets/218304-wasatch-xc-invitational-2015/results/398095/formatted/,1,individual,161,katie_fallback,0.9
398095,https://ut.milesplit.com/meets/218304-wasatch-xc-invitational-2015/results/398095/formatted/,2,team,13,katie_fallback,0.9
398095,https://ut.milesplit.com/meets/218304-wasatch-xc-invitational-2015/results/398095/formatted/,3,individual,74,katie_fallback,0.9
398095,https://ut.milesplit.com/meets/218304-wasatch-xc-invitational-2015/results/398095/formatted/,4,team,6,katie_fallback,0.9
398097,https://ut.milesplit.com/meets/218304-wasatch-xc-invitational-2015/results/398097/formatted/,1,individual,132,katie_fallback,0.9
398097,https://ut.milesplit.com/meets/218304-wasatch-xc-invitational-2015/results/398097/formatted/,2,team,13,katie_fallback,0.9
398097,https://ut.milesplit.com/meets/218304-wasatch-xc-invitational-2015/results/398097/formatted/,3,individual,60,katie_fallback,0.9
398097,https://ut.milesplit.com/meets/218304-wasatch-xc-invitational-2015/results/398097/formatted/,4,team,7,katie_fallback,0.9
398099,https://ut.milesplit.com/meets/218304-wasatch-xc-invitational-2015/results/398099/formatted/,1,individual,84,katie_fallback,0.9
398099,https://ut.milesplit.com/meets/218304-wasatch-xc-invitational-2015/results/398099/formatted/,2,team,12,katie_fallback,0.9
398099,https://ut.milesplit.com/meets/218304-wasatch-xc-invitational-2015/results/398099/formatted/,3,individual,71,katie_fallback,0.9
398099,https://ut.milesplit.com/meets/218304-wasatch-xc-invitational-2015/results/398099/formatted/,4,team,10,katie_fallback,0.9
395600,https://ut.milesplit.com/meets/218302-copper-hills-invitational-2015/results/395600/formatted/,1,individual,144,katie_fallback,0.9
395600,https://ut.milesplit.com/meets/218302-copper-hills-invitational-2015/results/395600/formatted/,2,team,8,katie_fallback,0.9
395600,https://ut.milesplit.com/meets/218302-copper-hills-invitational-2015/results/395600/formatted/,3,individual,82,katie_fallback,0.9
395600,https://ut.milesplit.com/meets/218302-copper-hills-invitational-2015/results/395600/formatted/,4,team,7,katie_fallback,0.9
395601,https://ut.milesplit.com/meets/218302-copper-hills-invitational-2015/results/395601/formatted/,1,individual,48,katie_fallback,0.9
395601,https://ut.milesplit.com/meets/218302-copper-hills-invitational-2015/results/395601/formatted/,2,team,7,katie_fallback,0.9
395601,https://ut.milesplit.com/meets/218302-copper-hills-invitational-2015/results/395601/formatted/,3,individual,52,katie_fallback,0.9
395601,https://ut.milesplit.com/meets/218302-copper-hills-invitational-2015/results/395601/formatted/,4,team,8,katie_fallback,0.9
396168,https://ut.milesplit.com/meets/218303-nebo-xc-invitational-2015/results/396168/formatted/,1,individual,227,katie_fallback,0.9
396168,https://ut.milesplit.com/meets/218303-nebo-xc-invitational-2015/results/396168/formatted/,2,team,19,katie_fallback,0.9
396169,https://ut.milesplit.com/meets/218303-nebo-xc-invitational-2015/results/396169/formatted/,,cole,0,cole,0.7499999999999999
396166,https://ut.milesplit.com/meets/218303-nebo-xc-invitational-2015/results/396166/formatted/,1,individual,262,katie_fallback,0.9
396166,https://ut.milesplit.com/meets/218303-nebo-xc-invitational-2015/results/396166/formatted/,2,team,20,katie_fallback,0.9
396167,https://ut.milesplit.com/meets/218303-nebo-xc-invitational-2015/results/396167/formatted/,1,individual,168,katie_fallback,0.9
396167,https://ut.milesplit.com/meets/218303-nebo-xc-invitational-2015/results/396167/formatted/,2,team,14,katie_fallback,0.9
396164,https://ut.milesplit.com/meets/218303-nebo-xc-invitational-2015/results/396164/formatted/,1,individual,154,katie_fallback,0.9
396164,https://ut.milesplit.com/meets/218303-nebo-xc-invitational-2015/results/396164/formatted/,2,team,21,katie_fallback,0.9
396165,https://ut.milesplit.com/meets/218303-nebo-xc-invitational-2015/results/396165/formatted/,1,individual,125,katie_fallback,0.9
396165,https://ut.milesplit.com/meets/218303-nebo-xc-invitational-2015/results/396165/formatted/,2,team,18,katie_fallback,0.9
395225,https://ut.milesplit.com/meets/218299-john-thornton-invitational-2015/results/395225/formatted/,1,individual,25,katie_fallback,0.9
395225,https://ut.milesplit.com/meets/218299-john-thornton-invitational-2015/results/395225/formatted/,2,team,1,katie_fallback,0.9
395223,https://ut.milesplit.com/meets/218299-john-thornton-invitational-2015/results/395223/formatted/,,cole,0,cole,0.8999999999999999
395224,https://ut.milesplit.com/meets/218299-john-thornton-invitational-2015/results/395224/formatted/,,cole,0,cole,0.8999999999999999
395226,https://ut.milesplit.com/meets/218299-john-thornton-invitational-2015/results/395226/formatted/,1,individual,45,katie_fallback,0.9
395226,https://ut.milesplit.com/meets/218299-john-thornton-invitational-2015/results/395226/formatted/,2,team,5,katie_fallback,0.9
395227,https://ut.milesplit.com/meets/218299-john-thornton-invitational-2015/results/395227/formatted/,1,individual,40,katie_fallback,0.9
395227,https://ut.milesplit.com/meets/218299-john-thornton-invitational-2015/results/395227/formatted/,2,team,5,katie_fallback,0.9
395395,https://ut.milesplit.com/meets/219284-region-2-tri-meet-west-granger-at-syracuse-2015/results/395395/raw,,cole,0,cole,0.8999999999999999
394547,https://ut.milesplit.com/meets/219040-pleasant-grove-viking-invitational-2015/results/394547/formatted/,1,individual,91,katie_fallback,0.9
394547,https://ut.milesplit.com/meets/219040-pleasant-grove-viking-invitational-2015/results/394547/formatted/,2,team,4,katie_fallback,0.9
394550,https://ut.milesplit.com/meets/219040-pleasant-grove-viking-invitational-2015/results/394550/formatted/,1,individual,33,katie_fallback,0.9
394550,https://ut.milesplit.com/meets/219040-pleasant-grove-viking-invitational-2015/results/394550/formatted/,2,team,3,katie_fallback,0.9
394546,https://ut.milesplit.com/meets/219040-pleasant-grove-viking-invitational-2015/results/394546/formatted/,1,individual,33,katie_fallback,0.9
394546,https://ut.milesplit.com/meets/219040-pleasant-grove-viking-invitational-2015/results/394546/formatted/,2,team,4,katie_fallback,0.9
394549,https://ut.milesplit.com/meets/219040-pleasant-grove-viking-invitational-2015/results/394549/formatted/,1,individual,25,katie_fallback,0.9
394549,https://ut.milesplit.com/meets/219040-pleasant-grove-viking-invitational-2015/results/394549/formatted/,2,team,3,katie_fallback,0.9
394947,https://nm.milesplit.com/meets/216365-shiprock-cross-country-invitational-2015/results/394947/formatted/,,cole,0,cole,0.8999999999999999
394948,https://nm.milesplit.com/meets/216365-shiprock-cross-country-invitational-2015/results/394948/formatted/,,cole,0,cole,0.8999999999999999
394945,https://nm.milesplit.com/meets/216365-shiprock-cross-country-invitational-2015/results/394945/formatted/,1,individual,102,katie_fallback,0.9
394945,https://nm.milesplit.com/meets/216365-shiprock-cross-country-invitational-2015/results/394945/formatted/,2,team,10,katie_fallback,0.9
394946,https://nm.milesplit.com/meets/216365-shiprock-cross-country-invitational-2015/results/394946/formatted/,1,individual,71,katie_fallback,0.9
394946,https://nm.milesplit.com/meets/216365-shiprock-cross-country-invitational-2015/results/394946/formatted/,2,team,7,katie_fallback,0.9
394943,https://nm.milesplit.com/meets/216365-shiprock-cross-country-invitational-2015/results/394943/formatted/,1,individual,112,katie_fallback,0.9
394943,https://nm.milesplit.com/meets/216365-shiprock-cross-country-invitational-2015/results/394943/formatted/,2,team,17,katie_fallback,0.9
394944,https://nm.milesplit.com/meets/216365-shiprock-cross-country-invitational-2015/results/394944/formatted/,1,individual,90,katie_fallback,0.9
394944,https://nm.milesplit.com/meets/216365-shiprock-cross-country-invitational-2015/results/394944/formatted/,2,team,13,katie_fallback,0.9
394599,https://ut.milesplit.com/meets/214374-wasatch-rendezvous-2015/results/394599/formatted/,1,individual,16,katie_fallback,0.75
394601,https://ut.milesplit.com/meets/214374-wasatch-rendezvous-2015/results/394601/formatted/,1,individual,15,katie_fallback,0.75
394603,https://ut.milesplit.com/meets/214374-wasatch-rendezvous-2015/results/394603/formatted/,1,individual,19,katie_fallback,0.75
394605,https://ut.milesplit.com/meets/214374-wasatch-rendezvous-2015/results/394605/formatted/,1,individual,19,katie_fallback,0.75
394607,https://ut.milesplit.com/meets/214374-wasatch-rendezvous-2015/results/394607/formatted/,1,individual,18,katie_fallback,0.75
394609,https://ut.milesplit.com/meets/214374-wasatch-rendezvous-2015/results/394609/formatted/,1,individual,18,katie_fallback,0.75
394611,https://ut.milesplit.com/meets/214374-wasatch-rendezvous-2015/results/394611/formatted/,1,individual,19,katie_fallback,0.75
394598,https://ut.milesplit.com/meets/214374-wasatch-rendezvous-2015/results/394598/formatted/,1,individual,14,katie_fallback,0.75
394600,https://ut.milesplit.com/meets/214374-wasatch-rendezvous-2015/results/394600/formatted/,1,individual,16,katie_fallback,0.75
394602,https://ut.milesplit.com/meets/214374-wasatch-rendezvous-2015/results/394602/formatted/,1,individual,14,katie_fallback,0.75
394604,https://ut.milesplit.com/meets/214374-wasatch-rendezvous-2015/results/394604/formatted/,1,individual,14,katie_fallback,0.75
394606,https://ut.milesplit.com/meets/214374-wasatch-rendezvous-2015/results/394606/formatted/,1,individual,15,katie_fallback,0.75
394608,https://ut.milesplit.com/meets/214374-wasatch-rendezvous-2015/results/394608/formatted/,1,individual,15,katie_fallback,0.75
394610,https://ut.milesplit.com/meets/214374-wasatch-rendezvous-2015/results/394610/formatted/,1,individual,14,katie_fallback,0.75
394612,https://ut.milesplit.com/meets/214374-wasatch-rendezvous-2015/results/394612/formatted/,1,individual,308,katie_fallback,0.9
394612,https://ut.milesplit.com/meets/214374-wasatch-rendezvous-2015/results/394612/formatted/,2,team,23,katie_fallback,0.9
394613,https://ut.milesplit.com/meets/214374-wasatch-rendezvous-2015/results/394613/formatted/,1,individual,207,katie_fallback,0.9
394613,https://ut.milesplit.com/meets/214374-wasatch-rendezvous-2015/results/394613/formatted/,2,team,15,katie_fallback,0.9
394427,https://ut.milesplit.com/meets/219021-all-city-meet-2015/results/394427/formatted/,1,individual,44,katie_fallback,0.9
394427,https://ut.milesplit.com/meets/219021-all-city-meet-2015/results/394427/formatted/,2,team,3,katie_fallback,0.9
394427,https://ut.milesplit.com/meets/219021-all-city-meet-2015/results/394427/formatted/,3,individual,15,katie_fallback,0.9
394427,https://ut.milesplit.com/meets/219021-all-city-meet-2015/results/394427/formatted/,4,team,2,katie_fallback,0.9
394428,https://ut.milesplit.com/meets/219021-all-city-meet-2015/results/394428/formatted/,1,individual,26,katie_fallback,0.9
394428,https://ut.milesplit.com/meets/219021-all-city-meet-2015/results/394428/formatted/,2,team,4,katie_fallback,0.9
394428,https://ut.milesplit.com/meets/219021-all-city-meet-2015/results/394428/formatted/,3,individual,26,katie_fallback,0.9
394428,https://ut.milesplit.com/meets/219021-all-city-meet-2015/results/394428/formatted/,4,team,4,katie_fallback,0.9
392762,https://ut.milesplit.com/meets/218296-uiaaa-invitational-2015/results/392762/formatted/,1,individual,102,katie_fallback,0.9
392762,https://ut.milesplit.com/meets/218296-uiaaa-invitational-2015/results/392762/formatted/,2,team,9,katie_fallback,0.9
392762,https://ut.milesplit.com/meets/218296-uiaaa-invitational-2015/results/392762/formatted/,3,individual,74,katie_fallback,0.9
392762,https://ut.milesplit.com/meets/218296-uiaaa-invitational-2015/results/392762/formatted/,4,team,7,katie_fallback,0.9
392763,https://ut.milesplit.com/meets/218296-uiaaa-invitational-2015/results/392763/formatted/,1,individual,138,katie_fallback,0.9
392763,https://ut.milesplit.com/meets/218296-uiaaa-invitational-2015/results/392763/formatted/,2,team,10,katie_fallback,0.9
392763,https://ut.milesplit.com/meets/218296-uiaaa-invitational-2015/results/392763/formatted/,3,individual,65,katie_fallback,0.9
392763,https://ut.milesplit.com/meets/218296-uiaaa-invitational-2015/results/392763/formatted/,4,team,4,katie_fallback,0.9
392764,https://ut.milesplit.com/meets/218296-uiaaa-invitational-2015/results/392764/formatted/,1,individual,79,katie_fallback,0.9
392764,https://ut.milesplit.com/meets/218296-uiaaa-invitational-2015/results/392764/formatted/,2,team,12,katie_fallback,0.9
392764,https://ut.milesplit.com/meets/218296-uiaaa-invitational-2015/results/392764/formatted/,3,individual,72,katie_fallback,0.9
392764,https://ut.milesplit.com/meets/218296-uiaaa-invitational-2015/results/392764/formatted/,4,team,9,katie_fallback,0.9
394626,https://ut.milesplit.com/meets/219055-davis-county-championship-2015/results/394626/formatted/,1,individual,171,katie_fallback,0.9
394626,https://ut.milesplit.com/meets/219055-davis-county-championship-2015/results/394626/formatted/,2,team,8,katie_fallback,0.9
394624,https://ut.milesplit.com/meets/219055-davis-county-championship-2015/results/394624/formatted/,,no_tables,0,katie_fallback,0.55
394627,https://ut.milesplit.com/meets/219055-davis-county-championship-2015/results/394627/formatted/,1,individual,70,katie_fallback,0.9
394627,https://ut.milesplit.com/meets/219055-davis-county-championship-2015/results/394627/formatted/,2,team,8,katie_fallback,0.9
394625,https://ut.milesplit.com/meets/219055-davis-county-championship-2015/results/394625/formatted/,1,individual,65,katie_fallback,0.9
394625,https://ut.milesplit.com/meets/219055-davis-county-championship-2015/results/394625/formatted/,2,team,8,katie_fallback,0.9
390147,https://nv.milesplit.com/meets/216301-larry-burgess-invitational-2015/results/390147/formatted/,1,individual,20,katie_fallback,0.9
390147,https://nv.milesplit.com/meets/216301-larry-burgess-invitational-2015/results/390147/formatted/,2,team,2,katie_fallback,0.9
390147,https://nv.milesplit.com/meets/216301-larry-burgess-invitational-2015/results/390147/formatted/,3,individual,21,katie_fallback,0.9
390147,https://nv.milesplit.com/meets/216301-larry-burgess-invitational-2015/results/390147/formatted/,4,team,2,katie_fallback,0.9
390148,https://nv.milesplit.com/meets/216301-larry-burgess-invitational-2015/results/390148/formatted/,1,individual,210,katie_fallback,0.9
390148,https://nv.milesplit.com/meets/216301-larry-burgess-invitational-2015/results/390148/formatted/,2,team,17,katie_fallback,0.9
390148,https://nv.milesplit.com/meets/216301-larry-burgess-invitational-2015/results/390148/formatted/,3,individual,148,katie_fallback,0.9
390148,https://nv.milesplit.com/meets/216301-larry-burgess-invitational-2015/results/390148/formatted/,4,team,12,katie_fallback,0.9
390153,https://nv.milesplit.com/meets/216301-larry-burgess-invitational-2015/results/390153/formatted/,1,individual,114,katie_fallback,0.9
390153,https://nv.milesplit.com/meets/216301-larry-burgess-invitational-2015/results/390153/formatted/,2,team,11,katie_fallback,0.9
390153,https://nv.milesplit.com/meets/216301-larry-burgess-invitational-2015/results/390153/formatted/,3,individual,78,katie_fallback,0.9
390153,https://nv.milesplit.com/meets/216301-larry-burgess-invitational-2015/results/390153/formatted/,4,team,6,katie_fallback,0.9
390151,https://nv.milesplit.com/meets/216301-larry-burgess-invitational-2015/results/390151/formatted/,1,individual,137,katie_fallback,0.9
390151,https://nv.milesplit.com/meets/216301-larry-burgess-invitational-2015/results/390151/formatted/,2,team,20,katie_fallback,0.9
390151,https://nv.milesplit.com/meets/216301-larry-burgess-invitational-2015/results/390151/formatted/,3,individual,107,katie_fallback,0.9
390151,https://nv.milesplit.com/meets/216301-larry-burgess-invitational-2015/results/390151/formatted/,4,team,15,katie_fallback,0.9
390150,https://nv.milesplit.com/meets/216301-larry-burgess-invitational-2015/results/390150/formatted/,1,individual,97,katie_fallback,0.9
390150,https://nv.milesplit.com/meets/216301-larry-burgess-invitational-2015/results/390150/formatted/,2,team,13,katie_fallback,0.9
390150,https://nv.milesplit.com/meets/216301-larry-burgess-invitational-2015/results/390150/formatted/,3,individual,67,katie_fallback,0.9
390150,https://nv.milesplit.com/meets/216301-larry-burgess-invitational-2015/results/390150/formatted/,4,team,8,katie_fallback,0.9
391319,https://ut.milesplit.com/meets/218242-murray-invitational-2015/results/391319/formatted/,1,individual,317,katie_fallback,0.9
391319,https://ut.milesplit.com/meets/218242-murray-invitational-2015/results/391319/formatted/,2,team,27,katie_fallback,0.9
391320,https://ut.milesplit.com/meets/218242-murray-invitational-2015/results/391320/formatted/,1,individual,3,katie_fallback,0.9
391320,https://ut.milesplit.com/meets/218242-murray-invitational-2015/results/391320/formatted/,2,individual,225,katie_fallback,0.9
391320,https://ut.milesplit.com/meets/218242-murray-invitational-2015/results/391320/formatted/,3,team,20,katie_fallback,0.9
391318,https://ut.milesplit.com/meets/218242-murray-invitational-2015/results/391318/formatted/,1,individual,389,katie_fallback,0.9
391318,https://ut.milesplit.com/meets/218242-murray-invitational-2015/results/391318/formatted/,2,team,32,katie_fallback,0.9
391317,https://ut.milesplit.com/meets/218242-murray-invitational-2015/results/391317/formatted/,1,individual,1,katie_fallback,0.9
391317,https://ut.milesplit.com/meets/218242-murray-invitational-2015/results/391317/formatted/,2,individual,309,katie_fallback,0.9
391317,https://ut.milesplit.com/meets/218242-murray-invitational-2015/results/391317/formatted/,3,team,24,katie_fallback,0.9
391315,https://ut.milesplit.com/meets/218242-murray-invitational-2015/results/391315/formatted/,1,individual,158,katie_fallback,0.9
391315,https://ut.milesplit.com/meets/218242-murray-invitational-2015/results/391315/formatted/,2,team,21,katie_fallback,0.9
391316,https://ut.milesplit.com/meets/218242-murray-invitational-2015/results/391316/formatted/,1,individual,150,katie_fallback,0.9
391316,https://ut.milesplit.com/meets/218242-murray-invitational-2015/results/391316/formatted/,2,team,21,katie_fallback,0.9
390869,https://ut.milesplit.com/meets/214372-westlake-cross-country-classic-2015/results/390869/formatted/,1,individual,188,katie_fallback,0.9
390869,https://ut.milesplit.com/meets/214372-westlake-cross-country-classic-2015/results/390869/formatted/,2,team,9,katie_fallback,0.9
390868,https://ut.milesplit.com/meets/214372-westlake-cross-country-classic-2015/results/390868/formatted/,1,individual,97,katie_fallback,0.9
390868,https://ut.milesplit.com/meets/214372-westlake-cross-country-classic-2015/results/390868/formatted/,2,team,8,katie_fallback,0.9
390871,https://ut.milesplit.com/meets/214372-westlake-cross-country-classic-2015/results/390871/formatted/,1,individual,77,katie_fallback,0.9
390871,https://ut.milesplit.com/meets/214372-westlake-cross-country-classic-2015/results/390871/formatted/,2,team,9,katie_fallback,0.9
390870,https://ut.milesplit.com/meets/214372-westlake-cross-country-classic-2015/results/390870/formatted/,1,individual,75,katie_fallback,0.9
390870,https://ut.milesplit.com/meets/214372-westlake-cross-country-classic-2015/results/390870/formatted/,2,team,9,katie_fallback,0.9
390056,https://ut.milesplit.com/meets/214370-herriman-invitational-2015/results/390056/formatted/,1,individual,139,katie_fallback,0.9
390056,https://ut.milesplit.com/meets/214370-herriman-invitational-2015/results/390056/formatted/,2,team,12,katie_fallback,0.9
390053,https://ut.milesplit.com/meets/214370-herriman-invitational-2015/results/390053/formatted/,1,individual,162,katie_fallback,0.9
390053,https://ut.milesplit.com/meets/214370-herriman-invitational-2015/results/390053/formatted/,2,team,12,katie_fallback,0.9
390053,https://ut.milesplit.com/meets/214370-herriman-invitational-2015/results/390053/formatted/,3,individual,149,katie_fallback,0.9
390053,https://ut.milesplit.com/meets/214370-herriman-invitational-2015/results/390053/formatted/,4,team,8,katie_fallback,0.9
390054,https://ut.milesplit.com/meets/214370-herriman-invitational-2015/results/390054/formatted/,,cole,0,cole,0.8999999999999999
389062,https://ut.milesplit.com/meets/214352-hurricane-xc-invitational-2015/results/389062/formatted/,1,individual,65,katie_fallback,0.9
389062,https://ut.milesplit.com/meets/214352-hurricane-xc-invitational-2015/results/389062/formatted/,2,team,4,katie_fallback,0.9
389061,https://ut.milesplit.com/meets/214352-hurricane-xc-invitational-2015/results/389061/formatted/,1,individual,68,katie_fallback,0.9
389061,https://ut.milesplit.com/meets/214352-hurricane-xc-invitational-2015/results/389061/formatted/,2,team,2,katie_fallback,0.9
389064,https://ut.milesplit.com/meets/214352-hurricane-xc-invitational-2015/results/389064/formatted/,1,individual,26,katie_fallback,0.9
389064,https://ut.milesplit.com/meets/214352-hurricane-xc-invitational-2015/results/389064/formatted/,2,team,4,katie_fallback,0.9
389063,https://ut.milesplit.com/meets/214352-hurricane-xc-invitational-2015/results/389063/formatted/,1,individual,23,katie_fallback,0.9
389063,https://ut.milesplit.com/meets/214352-hurricane-xc-invitational-2015/results/389063/formatted/,2,team,3,katie_fallback,0.9
389065,https://ut.milesplit.com/meets/218383-west-triangular-2015/results/389065/raw,,cole,0,cole,0.8499999999999999
387584,https://ut.milesplit.com/meets/214363-byu-autumn-classic-2015/results/387584/formatted/,,no_tables,0,katie_fallback,0.55
387585,https://ut.milesplit.com/meets/214363-byu-autumn-classic-2015/results/387585/formatted/,,no_tables,0,katie_fallback,0.55
387582,https://ut.milesplit.com/meets/214363-byu-autumn-classic-2015/results/387582/formatted/,1,individual,197,katie_fallback,0.9
387582,https://ut.milesplit.com/meets/214363-byu-autumn-classic-2015/results/387582/formatted/,2,team,17,katie_fallback,0.9
387583,https://ut.milesplit.com/meets/214363-byu-autumn-classic-2015/results/387583/formatted/,1,individual,1,katie_fallback,0.9
387583,https://ut.milesplit.com/meets/214363-byu-autumn-classic-2015/results/387583/formatted/,2,individual,145,katie_fallback,0.9
387583,https://ut.milesplit.com/meets/214363-byu-autumn-classic-2015/results/387583/formatted/,3,team,15,katie_fallback,0.9
388624,https://ut.milesplit.com/meets/214363-byu-autumn-classic-2015/results/388624/formatted/,1,individual,24,katie_fallback,0.9
388624,https://ut.milesplit.com/meets/214363-byu-autumn-classic-2015/results/388624/formatted/,2,team,3,katie_fallback,0.9
387511,https://ut.milesplit.com/meets/214363-byu-autumn-classic-2015/results/387511/formatted/,1,individual,148,katie_fallback,0.9
387511,https://ut.milesplit.com/meets/214363-byu-autumn-classic-2015/results/387511/formatted/,2,team,19,katie_fallback,0.9
387517,https://ut.milesplit.com/meets/214363-byu-autumn-classic-2015/results/387517/formatted/,1,individual,137,katie_fallback,0.9
387517,https://ut.milesplit.com/meets/214363-byu-autumn-classic-2015/results/387517/formatted/,2,team,18,katie_fallback,0.9
388625,https://ut.milesplit.com/meets/214363-byu-autumn-classic-2015/results/388625/formatted/,1,individual,26,katie_fallback,0.9
388625,https://ut.milesplit.com/meets/214363-byu-autumn-classic-2015/results/388625/formatted/,2,team,2,katie_fallback,0.9
392758,https://ut.milesplit.com/meets/218897-utah-county-invitational-2015/results/392758/formatted/,1,individual,137,katie_fallback,0.9
392758,https://ut.milesplit.com/meets/218897-utah-county-invitational-2015/results/392758/formatted/,2,team,11,katie_fallback,0.9
392758,https://ut.milesplit.com/meets/218897-utah-county-invitational-2015/results/392758/formatted/,3,individual,94,katie_fallback,0.9
392758,https://ut.milesplit.com/meets/218897-utah-county-invitational-2015/results/392758/formatted/,4,team,6,katie_fallback,0.9
392756,https://ut.milesplit.com/meets/218897-utah-county-invitational-2015/results/392756/formatted/,1,individual,147,katie_fallback,0.9
392756,https://ut.milesplit.com/meets/218897-utah-county-invitational-2015/results/392756/formatted/,2,team,9,katie_fallback,0.9
392756,https://ut.milesplit.com/meets/218897-utah-county-invitational-2015/results/392756/formatted/,3,individual,89,katie_fallback,0.9
392756,https://ut.milesplit.com/meets/218897-utah-county-invitational-2015/results/392756/formatted/,4,team,6,katie_fallback,0.9
388554,https://nv.milesplit.com/meets/216293-twilight-classic-2015/results/388554/formatted/,,no_tables,0,katie_fallback,0.6999999999999998
388553,https://nv.milesplit.com/meets/216293-twilight-classic-2015/results/388553/formatted/,1,individual,8,katie_fallback,0.9
388553,https://nv.milesplit.com/meets/216293-twilight-classic-2015/results/388553/formatted/,2,individual,293,katie_fallback,0.9
388553,https://nv.milesplit.com/meets/216293-twilight-classic-2015/results/388553/formatted/,3,team,24,katie_fallback,0.9
388590,https://ut.milesplit.com/meets/214361-utah-state-aggie-invitational-2015/results/388590/formatted/,1,individual,52,katie_fallback,0.9
388590,https://ut.milesplit.com/meets/214361-utah-state-aggie-invitational-2015/results/388590/formatted/,2,team,5,katie_fallback,0.9
388590,https://ut.milesplit.com/meets/214361-utah-state-aggie-invitational-2015/results/388590/formatted/,3,individual,232,katie_fallback,0.9
388590,https://ut.milesplit.com/meets/214361-utah-state-aggie-invitational-2015/results/388590/formatted/,4,team,13,katie_fallback,0.9
388589,https://ut.milesplit.com/meets/214361-utah-state-aggie-invitational-2015/results/388589/formatted/,1,individual,52,katie_fallback,0.9
388589,https://ut.milesplit.com/meets/214361-utah-state-aggie-invitational-2015/results/388589/formatted/,2,team,5,katie_fallback,0.9
388589,https://ut.milesplit.com/meets/214361-utah-state-aggie-invitational-2015/results/388589/formatted/,3,individual,131,katie_fallback,0.9
388589,https://ut.milesplit.com/meets/214361-utah-state-aggie-invitational-2015/results/388589/formatted/,4,team,6,katie_fallback,0.9
388373,https://ut.milesplit.com/meets/214357-loyds-lake-classic-2015/results/388373/formatted/,1,individual,40,katie_fallback,0.9
388373,https://ut.milesplit.com/meets/214357-loyds-lake-classic-2015/results/388373/formatted/,2,team,3,katie_fallback,0.9
388372,https://ut.milesplit.com/meets/214357-loyds-lake-classic-2015/results/388372/formatted/,1,individual,12,katie_fallback,0.75
388371,https://ut.milesplit.com/meets/214357-loyds-lake-classic-2015/results/388371/formatted/,,cole,0,cole,0.8999999999999999
388370,https://ut.milesplit.com/meets/214357-loyds-lake-classic-2015/results/388370/formatted/,,cole,0,cole,0.8999999999999999
388375,https://ut.milesplit.com/meets/214357-loyds-lake-classic-2015/results/388375/formatted/,1,individual,57,katie_fallback,0.9
388375,https://ut.milesplit.com/meets/214357-loyds-lake-classic-2015/results/388375/formatted/,2,team,7,katie_fallback,0.9
388374,https://ut.milesplit.com/meets/214357-loyds-lake-classic-2015/results/388374/formatted/,1,individual,45,katie_fallback,0.9
388374,https://ut.milesplit.com/meets/214357-loyds-lake-classic-2015/results/388374/formatted/,2,team,6,katie_fallback,0.9
388533,https://ut.milesplit.com/meets/217927-pre-region-2-meet-2015/results/388533/formatted/,,no_tables,0,katie_fallback,0.55
388534,https://ut.milesplit.com/meets/217927-pre-region-2-meet-2015/results/388534/formatted/,1,individual,8,katie_fallback,0.9
388534,https://ut.milesplit.com/meets/217927-pre-region-2-meet-2015/results/388534/formatted/,2,team,1,katie_fallback,0.9
388534,https://ut.milesplit.com/meets/217927-pre-region-2-meet-2015/results/388534/formatted/,3,individual,79,katie_fallback,0.9
388534,https://ut.milesplit.com/meets/217927-pre-region-2-meet-2015/results/388534/formatted/,4,team,7,katie_fallback,0.9
386790,https://ut.milesplit.com/meets/217927-pre-region-2-meet-2015/results/386790/formatted/,1,individual,64,katie_fallback,0.9
386790,https://ut.milesplit.com/meets/217927-pre-region-2-meet-2015/results/386790/formatted/,2,team,6,katie_fallback,0.9
386790,https://ut.milesplit.com/meets/217927-pre-region-2-meet-2015/results/386790/formatted/,3,individual,45,katie_fallback,0.9
386790,https://ut.milesplit.com/meets/217927-pre-region-2-meet-2015/results/386790/formatted/,4,team,5,katie_fallback,0.9
408377,https://ut.milesplit.com/meets/214380-utah-state-xc-championship-2015/results/408377/formatted/,1,individual,67,katie_fallback,0.9
408377,https://ut.milesplit.com/meets/214380-utah-state-xc-championship-2015/results/408377/formatted/,2,team,8,katie_fallback,0.9
408365,https://ut.milesplit.com/meets/214380-utah-state-xc-championship-2015/results/408365/formatted/,1,individual,70,katie_fallback,0.9
408365,https://ut.milesplit.com/meets/214380-utah-state-xc-championship-2015/results/408365/formatted/,2,team,8,katie_fallback,0.9
408386,https://ut.milesplit.com/meets/214380-utah-state-xc-championship-2015/results/408386/formatted/,1,individual,90,katie_fallback,0.9
408386,https://ut.milesplit.com/meets/214380-utah-state-xc-championship-2015/results/408386/formatted/,2,team,11,katie_fallback,0.9
408372,https://ut.milesplit.com/meets/214380-utah-state-xc-championship-2015/results/408372/formatted/,1,individual,70,katie_fallback,0.9
408372,https://ut.milesplit.com/meets/214380-utah-state-xc-championship-2015/results/408372/formatted/,2,team,9,katie_fallback,0.9
408408,https://ut.milesplit.com/meets/214380-utah-state-xc-championship-2015/results/408408/formatted/,1,individual,121,katie_fallback,0.9
408408,https://ut.milesplit.com/meets/214380-utah-state-xc-championship-2015/results/408408/formatted/,2,team,16,katie_fallback,0.9
408387,https://ut.milesplit.com/meets/214380-utah-state-xc-championship-2015/results/408387/formatted/,1,individual,119,katie_fallback,0.9
408387,https://ut.milesplit.com/meets/214380-utah-state-xc-championship-2015/results/408387/formatted/,2,team,16,katie_fallback,0.9
408421,https://ut.milesplit.com/meets/214380-utah-state-xc-championship-2015/results/408421/formatted/,1,individual,124,katie_fallback,0.9
408421,https://ut.milesplit.com/meets/214380-utah-state-xc-championship-2015/results/408421/formatted/,2,team,16,katie_fallback,0.9
408395,https://ut.milesplit.com/meets/214380-utah-state-xc-championship-2015/results/408395/formatted/,1,individual,123,katie_fallback,0.9
408395,https://ut.milesplit.com/meets/214380-utah-state-xc-championship-2015/results/408395/formatted/,2,team,16,katie_fallback,0.9
408426,https://ut.milesplit.com/meets/214380-utah-state-xc-championship-2015/results/408426/formatted/,1,individual,124,katie_fallback,0.9
408426,https://ut.milesplit.com/meets/214380-utah-state-xc-championship-2015/results/408426/formatted/,2,team,16,katie_fallback,0.9
408396,https://ut.milesplit.com/meets/214380-utah-state-xc-championship-2015/results/408396/formatted/,1,individual,124,katie_fallback,0.9
408396,https://ut.milesplit.com/meets/214380-utah-state-xc-championship-2015/results/408396/formatted/,2,team,16,katie_fallback,0.9
407697,https://ut.milesplit.com/meets/221574-region-11-meet-2015/results/407697/formatted/,1,individual,75,katie_fallback,0.9
407697,https://ut.milesplit.com/meets/221574-region-11-meet-2015/results/407697/formatted/,2,team,5,katie_fallback,0.9
407697,https://ut.milesplit.com/meets/221574-region-11-meet-2015/results/407697/formatted/,3,individual,29,katie_fallback,0.9
407697,https://ut.milesplit.com/meets/221574-region-11-meet-2015/results/407697/formatted/,4,team,3,katie_fallback,0.9
407696,https://ut.milesplit.com/meets/221574-region-11-meet-2015/results/407696/formatted/,1,individual,34,katie_fallback,0.9
407696,https://ut.milesplit.com/meets/221574-region-11-meet-2015/results/407696/formatted/,2,team,5,katie_fallback,0.9
407696,https://ut.milesplit.com/meets/221574-region-11-meet-2015/results/407696/formatted/,3,individual,31,katie_fallback,0.9
407696,https://ut.milesplit.com/meets/221574-region-11-meet-2015/results/407696/formatted/,4,team,4,katie_fallback,0.9
407698,https://ut.milesplit.com/meets/221068-utah-region-10-championships-2015/results/407698/formatted/,1,individual,100,katie_fallback,0.9
407698,https://ut.milesplit.com/meets/221068-utah-region-10-championships-2015/results/407698/formatted/,2,team,5,katie_fallback,0.9
407698,https://ut.milesplit.com/meets/221068-utah-region-10-championships-2015/results/407698/formatted/,3,individual,68,katie_fallback,0.9
407698,https://ut.milesplit.com/meets/221068-utah-region-10-championships-2015/results/407698/formatted/,4,team,4,katie_fallback,0.9
407699,https://ut.milesplit.com/meets/221068-utah-region-10-championships-2015/results/407699/formatted/,1,individual,34,katie_fallback,0.9
407699,https://ut.milesplit.com/meets/221068-utah-region-10-championships-2015/results/407699/formatted/,2,team,5,katie_fallback,0.9
407699,https://ut.milesplit.com/meets/221068-utah-region-10-championships-2015/results/407699/formatted/,3,individual,30,katie_fallback,0.9
407699,https://ut.milesplit.com/meets/221068-utah-region-10-championships-2015/results/407699/formatted/,4,team,4,katie_fallback,0.9
404703,https://ut.milesplit.com/meets/221036-utah-region-16-championship-2015/results/404703/formatted/,1,individual,28,katie_fallback,0.9
404703,https://ut.milesplit.com/meets/221036-utah-region-16-championship-2015/results/404703/formatted/,2,team,3,katie_fallback,0.9
404704,https://ut.milesplit.com/meets/221036-utah-region-16-championship-2015/results/404704/formatted/,,max,0,max,0.7
404706,https://ut.milesplit.com/meets/221036-utah-region-16-championship-2015/results/404706/formatted/,1,individual,37,katie_fallback,0.9
404706,https://ut.milesplit.com/meets/221036-utah-region-16-championship-2015/results/404706/formatted/,2,team,5,katie_fallback,0.9
404707,https://ut.milesplit.com/meets/221036-utah-region-16-championship-2015/results/404707/formatted/,1,individual,24,katie_fallback,0.9
404707,https://ut.milesplit.com/meets/221036-utah-region-16-championship-2015/results/404707/formatted/,2,team,3,katie_fallback,0.9
404794,https://ut.milesplit.com/meets/221067-utah-region-18-championship-2015/results/404794/formatted/,1,individual,34,katie_fallback,0.9
404794,https://ut.milesplit.com/meets/221067-utah-region-18-championship-2015/results/404794/formatted/,2,team,4,katie_fallback,0.9
404791,https://ut.milesplit.com/meets/221067-utah-region-18-championship-2015/results/404791/formatted/,1,individual,20,katie_fallback,0.9
404791,https://ut.milesplit.com/meets/221067-utah-region-18-championship-2015/results/404791/formatted/,2,team,2,katie_fallback,0.9
404798,https://ut.milesplit.com/meets/221069-utah-region-3-championships-2015/results/404798/formatted/,1,individual,135,katie_fallback,0.9
404798,https://ut.milesplit.com/meets/221069-utah-region-3-championships-2015/results/404798/formatted/,2,team,7,katie_fallback,0.9
404798,https://ut.milesplit.com/meets/221069-utah-region-3-championships-2015/results/404798/formatted/,3,individual,59,katie_fallback,0.9
404798,https://ut.milesplit.com/meets/221069-utah-region-3-championships-2015/results/404798/formatted/,4,team,5,katie_fallback,0.9
404797,https://ut.milesplit.com/meets/221069-utah-region-3-championships-2015/results/404797/formatted/,1,individual,66,katie_fallback,0.9
404797,https://ut.milesplit.com/meets/221069-utah-region-3-championships-2015/results/404797/formatted/,2,team,7,katie_fallback,0.9
404797,https://ut.milesplit.com/meets/221069-utah-region-3-championships-2015/results/404797/formatted/,3,individual,50,katie_fallback,0.9
404797,https://ut.milesplit.com/meets/221069-utah-region-3-championships-2015/results/404797/formatted/,4,team,6,katie_fallback,0.9
404699,https://ut.milesplit.com/meets/221035-utah-region-9-championships-2015/results/404699/formatted/,1,individual,130,katie_fallback,0.9
404699,https://ut.milesplit.com/meets/221035-utah-region-9-championships-2015/results/404699/formatted/,2,team,6,katie_fallback,0.9
404701,https://ut.milesplit.com/meets/221035-utah-region-9-championships-2015/results/404701/formatted/,1,individual,107,katie_fallback,0.9
404701,https://ut.milesplit.com/meets/221035-utah-region-9-championships-2015/results/404701/formatted/,2,team,5,katie_fallback,0.9
404697,https://ut.milesplit.com/meets/221035-utah-region-9-championships-2015/results/404697/formatted/,1,individual,40,katie_fallback,0.9
404697,https://ut.milesplit.com/meets/221035-utah-region-9-championships-2015/results/404697/formatted/,2,team,6,katie_fallback,0.9
404698,https://ut.milesplit.com/meets/221035-utah-region-9-championships-2015/results/404698/formatted/,1,individual,32,katie_fallback,0.9
404698,https://ut.milesplit.com/meets/221035-utah-region-9-championships-2015/results/404698/formatted/,2,team,4,katie_fallback,0.9
402828,https://co.milesplit.com/meets/200700-montezuma-cortez-ancient-trails-5k-invitational-2015/results/402828/formatted/,1,individual,71,katie_fallback,0.9
402828,https://co.milesplit.com/meets/200700-montezuma-cortez-ancient-trails-5k-invitational-2015/results/402828/formatted/,2,team,8,katie_fallback,0.9
402830,https://co.milesplit.com/meets/200700-montezuma-cortez-ancient-trails-5k-invitational-2015/results/402830/formatted/,1,individual,59,katie_fallback,0.9
402830,https://co.milesplit.com/meets/200700-montezuma-cortez-ancient-trails-5k-invitational-2015/results/402830/formatted/,2,team,5,katie_fallback,0.9
402824,https://co.milesplit.com/meets/200700-montezuma-cortez-ancient-trails-5k-invitational-2015/results/402824/formatted/,1,individual,95,katie_fallback,0.9
402824,https://co.milesplit.com/meets/200700-montezuma-cortez-ancient-trails-5k-invitational-2015/results/402824/formatted/,2,team,8,katie_fallback,0.9
402826,https://co.milesplit.com/meets/200700-montezuma-cortez-ancient-trails-5k-invitational-2015/results/402826/formatted/,1,individual,89,katie_fallback,0.9
402826,https://co.milesplit.com/meets/200700-montezuma-cortez-ancient-trails-5k-invitational-2015/results/402826/formatted/,2,team,8,katie_fallback,0.9
403573,https://ut.milesplit.com/meets/220623-utah-region-7-championships-2015/results/403573/formatted/,1,individual,164,katie_fallback,0.9
403573,https://ut.milesplit.com/meets/220623-utah-region-7-championships-2015/results/403573/formatted/,2,team,7,katie_fallback,0.9
403574,https://ut.milesplit.com/meets/220623-utah-region-7-championships-2015/results/403574/formatted/,1,individual,116,katie_fallback,0.9
403574,https://ut.milesplit.com/meets/220623-utah-region-7-championships-2015/results/403574/formatted/,2,team,7,katie_fallback,0.9
403572,https://ut.milesplit.com/meets/220623-utah-region-7-championships-2015/results/403572/formatted/,1,individual,52,katie_fallback,0.9
403572,https://ut.milesplit.com/meets/220623-utah-region-7-championships-2015/results/403572/formatted/,2,team,7,katie_fallback,0.9
403571,https://ut.milesplit.com/meets/220623-utah-region-7-championships-2015/results/403571/formatted/,1,individual,52,katie_fallback,0.9
403571,https://ut.milesplit.com/meets/220623-utah-region-7-championships-2015/results/403571/formatted/,2,team,7,katie_fallback,0.9
402291,https://ut.milesplit.com/meets/220536-region-5-championship-2015/results/402291/formatted/,1,individual,118,katie_fallback,0.9
402291,https://ut.milesplit.com/meets/220536-region-5-championship-2015/results/402291/formatted/,2,team,7,katie_fallback,0.9
402291,https://ut.milesplit.com/meets/220536-region-5-championship-2015/results/402291/formatted/,3,individual,67,katie_fallback,0.9
402291,https://ut.milesplit.com/meets/220536-region-5-championship-2015/results/402291/formatted/,4,team,4,katie_fallback,0.9
402294,https://ut.milesplit.com/meets/220536-region-5-championship-2015/results/402294/formatted/,1,individual,51,katie_fallback,0.9
402294,https://ut.milesplit.com/meets/220536-region-5-championship-2015/results/402294/formatted/,2,team,7,katie_fallback,0.9
402294,https://ut.milesplit.com/meets/220536-region-5-championship-2015/results/402294/formatted/,3,individual,53,katie_fallback,0.9
402294,https://ut.milesplit.com/meets/220536-region-5-championship-2015/results/402294/formatted/,4,team,7,katie_fallback,0.9
402308,https://ut.milesplit.com/meets/220537-utah-region-2-championship-2015/results/402308/formatted/,1,individual,145,katie_fallback,0.9
402308,https://ut.milesplit.com/meets/220537-utah-region-2-championship-2015/results/402308/formatted/,2,team,5,katie_fallback,0.9
402310,https://ut.milesplit.com/meets/220537-utah-region-2-championship-2015/results/402310/formatted/,,no_tables,0,katie_fallback,0.55
402307,https://ut.milesplit.com/meets/220537-utah-region-2-championship-2015/results/402307/formatted/,1,individual,59,katie_fallback,0.9
402307,https://ut.milesplit.com/meets/220537-utah-region-2-championship-2015/results/402307/formatted/,2,team,6,katie_fallback,0.9
402309,https://ut.milesplit.com/meets/220537-utah-region-2-championship-2015/results/402309/formatted/,1,individual,51,katie_fallback,0.9
402309,https://ut.milesplit.com/meets/220537-utah-region-2-championship-2015/results/402309/formatted/,2,team,6,katie_fallback,0.9
402321,https://ut.milesplit.com/meets/220538-utah-region-4-championships-2015/results/402321/formatted/,1,individual,199,katie_fallback,0.9
402321,https://ut.milesplit.com/meets/220538-utah-region-4-championships-2015/results/402321/formatted/,2,team,7,katie_fallback,0.9
402323,https://ut.milesplit.com/meets/220538-utah-region-4-championships-2015/results/402323/formatted/,1,individual,149,katie_fallback,0.9
402323,https://ut.milesplit.com/meets/220538-utah-region-4-championships-2015/results/402323/formatted/,2,team,7,katie_fallback,0.9
402317,https://ut.milesplit.com/meets/220538-utah-region-4-championships-2015/results/402317/formatted/,1,individual,49,katie_fallback,0.9
402317,https://ut.milesplit.com/meets/220538-utah-region-4-championships-2015/results/402317/formatted/,2,team,7,katie_fallback,0.9
402320,https://ut.milesplit.com/meets/220538-utah-region-4-championships-2015/results/402320/formatted/,1,individual,49,katie_fallback,0.9
402320,https://ut.milesplit.com/meets/220538-utah-region-4-championships-2015/results/402320/formatted/,2,team,7,katie_fallback,0.9
402341,https://ut.milesplit.com/meets/220541-utah-region-6-championships-2015/results/402341/formatted/,1,individual,77,katie_fallback,0.9
402341,https://ut.milesplit.com/meets/220541-utah-region-6-championships-2015/results/402341/formatted/,2,team,6,katie_fallback,0.9
402342,https://ut.milesplit.com/meets/220541-utah-region-6-championships-2015/results/402342/formatted/,1,individual,53,katie_fallback,0.9
402342,https://ut.milesplit.com/meets/220541-utah-region-6-championships-2015/results/402342/formatted/,2,team,4,katie_fallback,0.9
402339,https://ut.milesplit.com/meets/220541-utah-region-6-championships-2015/results/402339/formatted/,1,individual,46,katie_fallback,0.9
402339,https://ut.milesplit.com/meets/220541-utah-region-6-championships-2015/results/402339/formatted/,2,team,7,katie_fallback,0.9
402340,https://ut.milesplit.com/meets/220541-utah-region-6-championships-2015/results/402340/formatted/,1,individual,46,katie_fallback,0.9
402340,https://ut.milesplit.com/meets/220541-utah-region-6-championships-2015/results/402340/formatted/,2,team,6,katie_fallback,0.9
402336,https://ut.milesplit.com/meets/220540-utah-region-8-championships-2015/results/402336/formatted/,1,individual,139,katie_fallback,0.9
402336,https://ut.milesplit.com/meets/220540-utah-region-8-championships-2015/results/402336/formatted/,2,team,7,katie_fallback,0.9
402337,https://ut.milesplit.com/meets/220540-utah-region-8-championships-2015/results/402337/formatted/,1,individual,87,katie_fallback,0.9
402337,https://ut.milesplit.com/meets/220540-utah-region-8-championships-2015/results/402337/formatted/,2,team,6,katie_fallback,0.9
402334,https://ut.milesplit.com/meets/220540-utah-region-8-championships-2015/results/402334/formatted/,1,individual,49,katie_fallback,0.9
402334,https://ut.milesplit.com/meets/220540-utah-region-8-championships-2015/results/402334/formatted/,2,team,7,katie_fallback,0.9
402335,https://ut.milesplit.com/meets/220540-utah-region-8-championships-2015/results/402335/formatted/,1,individual,48,katie_fallback,0.9
402335,https://ut.milesplit.com/meets/220540-utah-region-8-championships-2015/results/402335/formatted/,2,team,7,katie_fallback,0.9
402344,https://ut.milesplit.com/meets/220542-titan-xc-meet-2015/results/402344/formatted/,1,individual,26,katie_fallback,0.9
402344,https://ut.milesplit.com/meets/220542-titan-xc-meet-2015/results/402344/formatted/,2,team,3,katie_fallback,0.9
402345,https://ut.milesplit.com/meets/220542-titan-xc-meet-2015/results/402345/formatted/,1,individual,17,katie_fallback,0.9
402345,https://ut.milesplit.com/meets/220542-titan-xc-meet-2015/results/402345/formatted/,2,team,2,katie_fallback,0.9
399922,https://co.milesplit.com/meets/205714-chicken-creek-challenge-2015/results/399922/formatted/,1,individual,23,katie_fallback,0.9
399922,https://co.milesplit.com/meets/205714-chicken-creek-challenge-2015/results/399922/formatted/,2,team,2,katie_fallback,0.9
399923,https://co.milesplit.com/meets/205714-chicken-creek-challenge-2015/results/399923/formatted/,,no_tables,0,katie_fallback,0.55
399926,https://co.milesplit.com/meets/205714-chicken-creek-challenge-2015/results/399926/formatted/,,cole,0,cole,0.8499999999999999
399927,https://co.milesplit.com/meets/205714-chicken-creek-challenge-2015/results/399927/formatted/,,cole,0,cole,0.8499999999999999
399924,https://co.milesplit.com/meets/205714-chicken-creek-challenge-2015/results/399924/formatted/,1,individual,55,katie_fallback,0.9
399924,https://co.milesplit.com/meets/205714-chicken-creek-challenge-2015/results/399924/formatted/,2,team,7,katie_fallback,0.9
399925,https://co.milesplit.com/meets/205714-chicken-creek-challenge-2015/results/399925/formatted/,1,individual,44,katie_fallback,0.9
399925,https://co.milesplit.com/meets/205714-chicken-creek-challenge-2015/results/399925/formatted/,2,team,6,katie_fallback,0.9
399312,https://ut.milesplit.com/meets/214378-cedar-xc-invitational-2015/results/399312/formatted/,1,individual,181,katie_fallback,0.9
399312,https://ut.milesplit.com/meets/214378-cedar-xc-invitational-2015/results/399312/formatted/,2,team,12,katie_fallback,0.9
399313,https://ut.milesplit.com/meets/214378-cedar-xc-invitational-2015/results/399313/formatted/,1,individual,128,katie_fallback,0.9
399313,https://ut.milesplit.com/meets/214378-cedar-xc-invitational-2015/results/399313/formatted/,2,team,8,katie_fallback,0.9
399310,https://ut.milesplit.com/meets/214378-cedar-xc-invitational-2015/results/399310/formatted/,1,individual,115,katie_fallback,0.9
399310,https://ut.milesplit.com/meets/214378-cedar-xc-invitational-2015/results/399310/formatted/,2,team,14,katie_fallback,0.9
399311,https://ut.milesplit.com/meets/214378-cedar-xc-invitational-2015/results/399311/formatted/,1,individual,97,katie_fallback,0.9
399311,https://ut.milesplit.com/meets/214378-cedar-xc-invitational-2015/results/399311/formatted/,2,team,12,katie_fallback,0.9
399031,https://az.milesplit.com/meets/215472-desert-twilight-xc-festival-2015/results/399031/formatted/,1,individual,184,katie_fallback,0.9
399031,https://az.milesplit.com/meets/215472-desert-twilight-xc-festival-2015/results/399031/formatted/,2,team,27,katie_fallback,0.9
399032,https://az.milesplit.com/meets/215472-desert-twilight-xc-festival-2015/results/399032/formatted/,1,individual,151,katie_fallback,0.9
399032,https://az.milesplit.com/meets/215472-desert-twilight-xc-festival-2015/results/399032/formatted/,2,team,22,katie_fallback,0.9
399030,https://az.milesplit.com/meets/215472-desert-twilight-xc-festival-2015/results/399030/formatted/,1,individual,197,katie_fallback,0.9
399030,https://az.milesplit.com/meets/215472-desert-twilight-xc-festival-2015/results/399030/formatted/,2,team,28,katie_fallback,0.9
399029,https://az.milesplit.com/meets/215472-desert-twilight-xc-festival-2015/results/399029/formatted/,1,individual,180,katie_fallback,0.9
399029,https://az.milesplit.com/meets/215472-desert-twilight-xc-festival-2015/results/399029/formatted/,2,team,26,katie_fallback,0.9
400365,https://az.milesplit.com/meets/215472-desert-twilight-xc-festival-2015/results/400365/formatted/,1,individual,279,katie_fallback,0.9
400365,https://az.milesplit.com/meets/215472-desert-twilight-xc-festival-2015/results/400365/formatted/,2,team,28,katie_fallback,0.9
400385,https://az.milesplit.com/meets/215472-desert-twilight-xc-festival-2015/results/400385/formatted/,1,individual,652,katie_fallback,0.9
400385,https://az.milesplit.com/meets/215472-desert-twilight-xc-festival-2015/results/400385/formatted/,2,team,56,katie_fallback,0.9
400428,https://az.milesplit.com/meets/215472-desert-twilight-xc-festival-2015/results/400428/formatted/,1,individual,248,katie_fallback,0.9
400428,https://az.milesplit.com/meets/215472-desert-twilight-xc-festival-2015/results/400428/formatted/,2,team,34,katie_fallback,0.9
400358,https://az.milesplit.com/meets/215472-desert-twilight-xc-festival-2015/results/400358/formatted/,1,individual,146,katie_fallback,0.9
400358,https://az.milesplit.com/meets/215472-desert-twilight-xc-festival-2015/results/400358/formatted/,2,team,11,katie_fallback,0.9
400370,https://az.milesplit.com/meets/215472-desert-twilight-xc-festival-2015/results/400370/formatted/,1,individual,306,katie_fallback,0.9
400370,https://az.milesplit.com/meets/215472-desert-twilight-xc-festival-2015/results/400370/formatted/,2,team,27,katie_fallback,0.9
400370,https://az.milesplit.com/meets/215472-desert-twilight-xc-festival-2015/results/400370/formatted/,3,individual,1,katie_fallback,0.9
400426,https://az.milesplit.com/meets/215472-desert-twilight-xc-festival-2015/results/400426/formatted/,1,individual,285,katie_fallback,0.9
400426,https://az.milesplit.com/meets/215472-desert-twilight-xc-festival-2015/results/400426/formatted/,2,team,43,katie_fallback,0.9
400367,https://az.milesplit.com/meets/215472-desert-twilight-xc-festival-2015/results/400367/formatted/,1,individual,1,katie_fallback,0.9
400367,https://az.milesplit.com/meets/215472-desert-twilight-xc-festival-2015/results/400367/formatted/,2,individual,132,katie_fallback,0.9
400367,https://az.milesplit.com/meets/215472-desert-twilight-xc-festival-2015/results/400367/formatted/,3,team,11,katie_fallback,0.9
400408,https://az.milesplit.com/meets/215472-desert-twilight-xc-festival-2015/results/400408/formatted/,1,individual,256,katie_fallback,0.9
400408,https://az.milesplit.com/meets/215472-desert-twilight-xc-festival-2015/results/400408/formatted/,2,team,23,katie_fallback,0.9
400423,https://az.milesplit.com/meets/215472-desert-twilight-xc-festival-2015/results/400423/formatted/,1,individual,207,katie_fallback,0.9
400423,https://az.milesplit.com/meets/215472-desert-twilight-xc-festival-2015/results/400423/formatted/,2,team,28,katie_fallback,0.9
400363,https://az.milesplit.com/meets/215472-desert-twilight-xc-festival-2015/results/400363/formatted/,1,individual,101,katie_fallback,0.9
400363,https://az.milesplit.com/meets/215472-desert-twilight-xc-festival-2015/results/400363/formatted/,2,team,8,katie_fallback,0.9
400381,https://az.milesplit.com/meets/215472-desert-twilight-xc-festival-2015/results/400381/formatted/,1,individual,205,katie_fallback,0.9
400381,https://az.milesplit.com/meets/215472-desert-twilight-xc-festival-2015/results/400381/formatted/,2,team,19,katie_fallback,0.9
400422,https://az.milesplit.com/meets/215472-desert-twilight-xc-festival-2015/results/400422/formatted/,1,individual,270,katie_fallback,0.9
400422,https://az.milesplit.com/meets/215472-desert-twilight-xc-festival-2015/results/400422/formatted/,2,team,36,katie_fallback,0.9
400881,https://ut.milesplit.com/meets/214377-park-city-xc-invitational-2015/results/400881/formatted/,1,individual,141,katie_fallback,0.9
400881,https://ut.milesplit.com/meets/214377-park-city-xc-invitational-2015/results/400881/formatted/,2,team,9,katie_fallback,0.9
400882,https://ut.milesplit.com/meets/214377-park-city-xc-invitational-2015/results/400882/formatted/,1,individual,243,katie_fallback,0.9
400882,https://ut.milesplit.com/meets/214377-park-city-xc-invitational-2015/results/400882/formatted/,2,team,13,katie_fallback,0.9
400880,https://ut.milesplit.com/meets/214377-park-city-xc-invitational-2015/results/400880/formatted/,1,individual,182,katie_fallback,0.9
400880,https://ut.milesplit.com/meets/214377-park-city-xc-invitational-2015/results/400880/formatted/,2,team,21,katie_fallback,0.9
400883,https://ut.milesplit.com/meets/214377-park-city-xc-invitational-2015/results/400883/formatted/,1,individual,144,katie_fallback,0.9
400883,https://ut.milesplit.com/meets/214377-park-city-xc-invitational-2015/results/400883/formatted/,2,team,17,katie_fallback,0.9
400065,https://ut.milesplit.com/meets/214377-park-city-xc-invitational-2015/results/400065/formatted/,1,individual,152,katie_fallback,0.9
400065,https://ut.milesplit.com/meets/214377-park-city-xc-invitational-2015/results/400065/formatted/,2,team,14,katie_fallback,0.9
400062,https://ut.milesplit.com/meets/214377-park-city-xc-invitational-2015/results/400062/formatted/,1,individual,79,katie_fallback,0.9
400062,https://ut.milesplit.com/meets/214377-park-city-xc-invitational-2015/results/400062/formatted/,2,team,8,katie_fallback,0.9
400060,https://ut.milesplit.com/meets/214377-park-city-xc-invitational-2015/results/400060/formatted/,1,individual,76,katie_fallback,0.9
400060,https://ut.milesplit.com/meets/214377-park-city-xc-invitational-2015/results/400060/formatted/,2,team,10,katie_fallback,0.9
400058,https://ut.milesplit.com/meets/214377-park-city-xc-invitational-2015/results/400058/formatted/,1,individual,54,katie_fallback,0.9
400058,https://ut.milesplit.com/meets/214377-park-city-xc-invitational-2015/results/400058/formatted/,2,team,7,katie_fallback,0.9
399122,https://ut.milesplit.com/meets/218306-top-of-utah-team-relays-2015/results/399122/formatted/,1,individual,36,katie_fallback,0.9
399122,https://ut.milesplit.com/meets/218306-top-of-utah-team-relays-2015/results/399122/formatted/,2,team,3,katie_fallback,0.9
399122,https://ut.milesplit.com/meets/218306-top-of-utah-team-relays-2015/results/399122/formatted/,3,individual,15,katie_fallback,0.9
399122,https://ut.milesplit.com/meets/218306-top-of-utah-team-relays-2015/results/399122/formatted/,4,team,1,katie_fallback,0.9
399124,https://ut.milesplit.com/meets/218306-top-of-utah-team-relays-2015/results/399124/formatted/,1,individual,130,katie_fallback,0.9
399124,https://ut.milesplit.com/meets/218306-top-of-utah-team-relays-2015/results/399124/formatted/,2,team,6,katie_fallback,0.9
399124,https://ut.milesplit.com/meets/218306-top-of-utah-team-relays-2015/results/399124/formatted/,3,individual,49,katie_fallback,0.9
399124,https://ut.milesplit.com/meets/218306-top-of-utah-team-relays-2015/results/399124/formatted/,4,team,3,katie_fallback,0.9
399123,https://ut.milesplit.com/meets/218306-top-of-utah-team-relays-2015/results/399123/formatted/,1,individual,20,katie_fallback,0.9
399123,https://ut.milesplit.com/meets/218306-top-of-utah-team-relays-2015/results/399123/formatted/,2,team,2,katie_fallback,0.9
399123,https://ut.milesplit.com/meets/218306-top-of-utah-team-relays-2015/results/399123/formatted/,3,individual,49,katie_fallback,0.9
399123,https://ut.milesplit.com/meets/218306-top-of-utah-team-relays-2015/results/399123/formatted/,4,team,3,katie_fallback,0.9
399125,https://ut.milesplit.com/meets/218306-top-of-utah-team-relays-2015/results/399125/formatted/,,no_tables,0,katie_fallback,0.55
414629,https://ky.milesplit.com/meets/215197-cross-country-coaches-national-youth-championships-2015/results/414629/formatted/,1,individual,85,katie_fallback,0.9
414629,https://ky.milesplit.com/meets/215197-cross-country-coaches-national-youth-championships-2015/results/414629/formatted/,2,team,3,katie_fallback,0.9
414628,https://ky.milesplit.com/meets/215197-cross-country-coaches-national-youth-championships-2015/results/414628/formatted/,1,individual,66,katie_fallback,0.9
414628,https://ky.milesplit.com/meets/215197-cross-country-coaches-national-youth-championships-2015/results/414628/formatted/,2,team,3,katie_fallback,0.9
414631,https://ky.milesplit.com/meets/215197-cross-country-coaches-national-youth-championships-2015/results/414631/formatted/,1,individual,58,katie_fallback,0.9
414631,https://ky.milesplit.com/meets/215197-cross-country-coaches-national-youth-championships-2015/results/414631/formatted/,2,team,1,katie_fallback,0.9
414631,https://ky.milesplit.com/meets/215197-cross-country-coaches-national-youth-championships-2015/results/414631/formatted/,3,individual,2,katie_fallback,0.9
414630,https://ky.milesplit.com/meets/215197-cross-country-coaches-national-youth-championships-2015/results/414630/formatted/,1,individual,69,katie_fallback,0.9
414630,https://ky.milesplit.com/meets/215197-cross-country-coaches-national-youth-championships-2015/results/414630/formatted/,2,team,3,katie_fallback,0.9
414620,https://ky.milesplit.com/meets/215197-cross-country-coaches-national-youth-championships-2015/results/414620/formatted/,,cole,0,cole,0.8999999999999999
414618,https://ky.milesplit.com/meets/215197-cross-country-coaches-national-youth-championships-2015/results/414618/formatted/,,cole,0,cole,0.8499999999999999
414621,https://ky.milesplit.com/meets/215197-cross-country-coaches-national-youth-championships-2015/results/414621/formatted/,,cole,0,cole,0.8999999999999999
414619,https://ky.milesplit.com/meets/215197-cross-country-coaches-national-youth-championships-2015/results/414619/formatted/,,cole,0,cole,0.8999999999999999
414625,https://ky.milesplit.com/meets/215197-cross-country-coaches-national-youth-championships-2015/results/414625/formatted/,1,individual,42,katie_fallback,0.9
414625,https://ky.milesplit.com/meets/215197-cross-country-coaches-national-youth-championships-2015/results/414625/formatted/,2,team,1,katie_fallback,0.9
414624,https://ky.milesplit.com/meets/215197-cross-country-coaches-national-youth-championships-2015/results/414624/formatted/,1,individual,41,katie_fallback,0.9
414624,https://ky.milesplit.com/meets/215197-cross-country-coaches-national-youth-championships-2015/results/414624/formatted/,2,team,1,katie_fallback,0.9
414632,https://ky.milesplit.com/meets/215197-cross-country-coaches-national-youth-championships-2015/results/414632/formatted/,,cole,0,cole,0.8999999999999999
414627,https://ky.milesplit.com/meets/215197-cross-country-coaches-national-youth-championships-2015/results/414627/formatted/,1,individual,56,katie_fallback,0.9
414627,https://ky.milesplit.com/meets/215197-cross-country-coaches-national-youth-championships-2015/results/414627/formatted/,2,team,2,katie_fallback,0.9
414626,https://ky.milesplit.com/meets/215197-cross-country-coaches-national-youth-championships-2015/results/414626/formatted/,1,individual,52,katie_fallback,0.9
414626,https://ky.milesplit.com/meets/215197-cross-country-coaches-national-youth-championships-2015/results/414626/formatted/,2,team,2,katie_fallback,0.9
414623,https://ky.milesplit.com/meets/215197-cross-country-coaches-national-youth-championships-2015/results/414623/formatted/,1,individual,49,katie_fallback,0.9
414623,https://ky.milesplit.com/meets/215197-cross-country-coaches-national-youth-championships-2015/results/414623/formatted/,2,team,7,katie_fallback,0.9
414622,https://ky.milesplit.com/meets/215197-cross-country-coaches-national-youth-championships-2015/results/414622/formatted/,1,individual,28,katie_fallback,0.9
414622,https://ky.milesplit.com/meets/215197-cross-country-coaches-national-youth-championships-2015/results/414622/formatted/,2,team,4,katie_fallback,0.9
414643,https://www.milesplit.com/meets/194600-nike-cross-nationals-southwest-regional-2015/results/414643/formatted/,,no_tables,0,katie_fallback,0.6999999999999998
414644,https://www.milesplit.com/meets/194600-nike-cross-nationals-southwest-regional-2015/results/414644/formatted/,,no_tables,0,katie_fallback,0.6999999999999998
414642,https://www.milesplit.com/meets/194600-nike-cross-nationals-southwest-regional-2015/results/414642/formatted/,,no_tables,0,katie_fallback,0.6999999999999998
414639,https://www.milesplit.com/meets/194600-nike-cross-nationals-southwest-regional-2015/results/414639/formatted/,,no_tables,0,katie_fallback,0.6999999999999998
414641,https://www.milesplit.com/meets/194600-nike-cross-nationals-southwest-regional-2015/results/414641/formatted/,,no_tables,0,katie_fallback,0.6999999999999998
414638,https://www.milesplit.com/meets/194600-nike-cross-nationals-southwest-regional-2015/results/414638/formatted/,,no_tables,0,katie_fallback,0.6999999999999998
414640,https://www.milesplit.com/meets/194600-nike-cross-nationals-southwest-regional-2015/results/414640/formatted/,,no_tables,0,katie_fallback,0.6999999999999998
414637,https://www.milesplit.com/meets/194600-nike-cross-nationals-southwest-regional-2015/results/414637/formatted/,,no_tables,0,katie_fallback,0.6999999999999998
414285,https://tn.milesplit.com/meets/188486-naca-cross-country-championships-2015/results/414285/formatted/,1,individual,120,katie_fallback,0.9
414285,https://tn.milesplit.com/meets/188486-naca-cross-country-championships-2015/results/414285/formatted/,2,team,14,katie_fallback,0.9
414284,https://tn.milesplit.com/meets/188486-naca-cross-country-championships-2015/results/414284/formatted/,1,individual,100,katie_fallback,0.9
414284,https://tn.milesplit.com/meets/188486-naca-cross-country-championships-2015/results/414284/formatted/,2,team,11,katie_fallback,0.9
414283,https://tn.milesplit.com/meets/188486-naca-cross-country-championships-2015/results/414283/formatted/,1,individual,12,katie_fallback,0.9
414283,https://tn.milesplit.com/meets/188486-naca-cross-country-championships-2015/results/414283/formatted/,2,team,1,katie_fallback,0.9
414282,https://tn.milesplit.com/meets/188486-naca-cross-country-championships-2015/results/414282/formatted/,1,individual,12,katie_fallback,0.9
414282,https://tn.milesplit.com/meets/188486-naca-cross-country-championships-2015/results/414282/formatted/,2,team,1,katie_fallback,0.9
413946,https://ut.milesplit.com/meets/214381-uhstca-pre-foot-locker-invitational-2015/results/413946/formatted/,1,individual,268,katie_fallback,0.75
413947,https://ut.milesplit.com/meets/214381-uhstca-pre-foot-locker-invitational-2015/results/413947/formatted/,1,individual,121,katie_fallback,0.75
461591,https://ut.milesplit.com/meets/251211-pre-region-10-meet-2016/results/461591/formatted/,1,individual,123,katie_fallback,0.9
461591,https://ut.milesplit.com/meets/251211-pre-region-10-meet-2016/results/461591/formatted/,2,team,4,katie_fallback,0.9
461592,https://ut.milesplit.com/meets/251211-pre-region-10-meet-2016/results/461592/formatted/,1,individual,65,katie_fallback,0.9
461592,https://ut.milesplit.com/meets/251211-pre-region-10-meet-2016/results/461592/formatted/,2,team,5,katie_fallback,0.9
461600,https://ut.milesplit.com/meets/251213-pre-region-2-meet-2016/results/461600/formatted/,1,individual,147,katie_fallback,0.9
461600,https://ut.milesplit.com/meets/251213-pre-region-2-meet-2016/results/461600/formatted/,2,team,6,katie_fallback,0.9
461599,https://ut.milesplit.com/meets/251213-pre-region-2-meet-2016/results/461599/formatted/,1,individual,1,katie_fallback,0.9
461599,https://ut.milesplit.com/meets/251213-pre-region-2-meet-2016/results/461599/formatted/,2,individual,83,katie_fallback,0.9
461599,https://ut.milesplit.com/meets/251213-pre-region-2-meet-2016/results/461599/formatted/,3,team,7,katie_fallback,0.9
461601,https://ut.milesplit.com/meets/251213-pre-region-2-meet-2016/results/461601/formatted/,1,individual,63,katie_fallback,0.9
461601,https://ut.milesplit.com/meets/251213-pre-region-2-meet-2016/results/461601/formatted/,2,team,6,katie_fallback,0.9
461602,https://ut.milesplit.com/meets/251213-pre-region-2-meet-2016/results/461602/formatted/,1,individual,52,katie_fallback,0.9
461602,https://ut.milesplit.com/meets/251213-pre-region-2-meet-2016/results/461602/formatted/,2,team,5,katie_fallback,0.9
461517,https://ut.milesplit.com/meets/251180-pre-region-4-meet-2016/results/461517/formatted/,1,individual,216,katie_fallback,0.9
461517,https://ut.milesplit.com/meets/251180-pre-region-4-meet-2016/results/461517/formatted/,2,team,7,katie_fallback,0.9
461516,https://ut.milesplit.com/meets/251180-pre-region-4-meet-2016/results/461516/formatted/,1,individual,196,katie_fallback,0.9
461516,https://ut.milesplit.com/meets/251180-pre-region-4-meet-2016/results/461516/formatted/,2,team,7,katie_fallback,0.9
461598,https://ut.milesplit.com/meets/251181-pre-region-7-meet-2016/results/461598/formatted/,1,individual,105,katie_fallback,0.9
461598,https://ut.milesplit.com/meets/251181-pre-region-7-meet-2016/results/461598/formatted/,2,team,8,katie_fallback,0.9
461597,https://ut.milesplit.com/meets/251181-pre-region-7-meet-2016/results/461597/formatted/,,no_tables,0,katie_fallback,0.55
461596,https://ut.milesplit.com/meets/251181-pre-region-7-meet-2016/results/461596/formatted/,1,individual,122,katie_fallback,0.9
461596,https://ut.milesplit.com/meets/251181-pre-region-7-meet-2016/results/461596/formatted/,2,team,8,katie_fallback,0.9
461595,https://ut.milesplit.com/meets/251181-pre-region-7-meet-2016/results/461595/formatted/,1,individual,111,katie_fallback,0.9
461595,https://ut.milesplit.com/meets/251181-pre-region-7-meet-2016/results/461595/formatted/,2,team,8,katie_fallback,0.9
461589,https://ut.milesplit.com/meets/251210-pre-region-3-meet-2016/results/461589/formatted/,,no_tables,0,katie_fallback,0.55
461590,https://ut.milesplit.com/meets/251210-pre-region-3-meet-2016/results/461590/formatted/,1,individual,120,katie_fallback,0.9
461590,https://ut.milesplit.com/meets/251210-pre-region-3-meet-2016/results/461590/formatted/,2,team,7,katie_fallback,0.9
461268,https://ut.milesplit.com/meets/251030-suu-high-school-cross-country-invitational-2016/results/461268/formatted/,1,individual,242,katie_fallback,0.9
461268,https://ut.milesplit.com/meets/251030-suu-high-school-cross-country-invitational-2016/results/461268/formatted/,2,team,12,katie_fallback,0.9
461269,https://ut.milesplit.com/meets/251030-suu-high-school-cross-country-invitational-2016/results/461269/formatted/,1,individual,135,katie_fallback,0.9
461269,https://ut.milesplit.com/meets/251030-suu-high-school-cross-country-invitational-2016/results/461269/formatted/,2,team,9,katie_fallback,0.9
461193,https://ut.milesplit.com/meets/251030-suu-high-school-cross-country-invitational-2016/results/461193/formatted/,,cole,0,cole,0.8999999999999999
461271,https://ut.milesplit.com/meets/251030-suu-high-school-cross-country-invitational-2016/results/461271/formatted/,1,individual,68,katie_fallback,0.9
461271,https://ut.milesplit.com/meets/251030-suu-high-school-cross-country-invitational-2016/results/461271/formatted/,2,team,9,katie_fallback,0.9
461270,https://ut.milesplit.com/meets/251030-suu-high-school-cross-country-invitational-2016/results/461270/formatted/,1,individual,49,katie_fallback,0.9
461270,https://ut.milesplit.com/meets/251030-suu-high-school-cross-country-invitational-2016/results/461270/formatted/,2,team,6,katie_fallback,0.9
461003,https://ut.milesplit.com/meets/250918-westlake-grass-relays-2016/results/461003/formatted/,1,individual,123,katie_fallback,0.9
461003,https://ut.milesplit.com/meets/250918-westlake-grass-relays-2016/results/461003/formatted/,2,team,9,katie_fallback,0.9
461004,https://ut.milesplit.com/meets/250918-westlake-grass-relays-2016/results/461004/formatted/,1,individual,193,katie_fallback,0.9
461004,https://ut.milesplit.com/meets/250918-westlake-grass-relays-2016/results/461004/formatted/,2,team,15,katie_fallback,0.9
461001,https://ut.milesplit.com/meets/250918-westlake-grass-relays-2016/results/461001/formatted/,1,individual,161,katie_fallback,0.9
461001,https://ut.milesplit.com/meets/250918-westlake-grass-relays-2016/results/461001/formatted/,2,team,32,katie_fallback,0.9
461002,https://ut.milesplit.com/meets/250918-westlake-grass-relays-2016/results/461002/formatted/,1,individual,129,katie_fallback,0.9
461002,https://ut.milesplit.com/meets/250918-westlake-grass-relays-2016/results/461002/formatted/,2,team,25,katie_fallback,0.9
460299,https://ut.milesplit.com/meets/250835-pre-region-6-meet-2016/results/460299/formatted/,1,individual,131,katie_fallback,0.9
460299,https://ut.milesplit.com/meets/250835-pre-region-6-meet-2016/results/460299/formatted/,2,team,7,katie_fallback,0.9
460298,https://ut.milesplit.com/meets/250835-pre-region-6-meet-2016/results/460298/formatted/,1,individual,92,katie_fallback,0.9
460298,https://ut.milesplit.com/meets/250835-pre-region-6-meet-2016/results/460298/formatted/,2,team,6,katie_fallback,0.9
460131,https://ut.milesplit.com/meets/250779-pre-region-8-meet-2016/results/460131/formatted/,1,individual,219,katie_fallback,0.9
460131,https://ut.milesplit.com/meets/250779-pre-region-8-meet-2016/results/460131/formatted/,2,team,7,katie_fallback,0.9
460132,https://ut.milesplit.com/meets/250779-pre-region-8-meet-2016/results/460132/formatted/,1,individual,130,katie_fallback,0.9
460132,https://ut.milesplit.com/meets/250779-pre-region-8-meet-2016/results/460132/formatted/,2,team,7,katie_fallback,0.9
459614,https://ut.milesplit.com/meets/250399-highland-xc-invitational-2016/results/459614/formatted/,1,individual,197,katie_fallback,0.9
459614,https://ut.milesplit.com/meets/250399-highland-xc-invitational-2016/results/459614/formatted/,2,team,21,katie_fallback,0.9
459615,https://ut.milesplit.com/meets/250399-highland-xc-invitational-2016/results/459615/formatted/,1,individual,126,katie_fallback,0.9
459615,https://ut.milesplit.com/meets/250399-highland-xc-invitational-2016/results/459615/formatted/,2,team,8,katie_fallback,0.9
459618,https://ut.milesplit.com/meets/250399-highland-xc-invitational-2016/results/459618/formatted/,1,individual,375,katie_fallback,0.9
459618,https://ut.milesplit.com/meets/250399-highland-xc-invitational-2016/results/459618/formatted/,2,team,35,katie_fallback,0.9
459619,https://ut.milesplit.com/meets/250399-highland-xc-invitational-2016/results/459619/formatted/,1,individual,260,katie_fallback,0.9
459619,https://ut.milesplit.com/meets/250399-highland-xc-invitational-2016/results/459619/formatted/,2,team,25,katie_fallback,0.9
459616,https://ut.milesplit.com/meets/250399-highland-xc-invitational-2016/results/459616/formatted/,1,individual,220,katie_fallback,0.9
459616,https://ut.milesplit.com/meets/250399-highland-xc-invitational-2016/results/459616/formatted/,2,team,20,katie_fallback,0.9
459617,https://ut.milesplit.com/meets/250399-highland-xc-invitational-2016/results/459617/formatted/,1,individual,155,katie_fallback,0.9
459617,https://ut.milesplit.com/meets/250399-highland-xc-invitational-2016/results/459617/formatted/,2,team,10,katie_fallback,0.9
459620,https://ut.milesplit.com/meets/250399-highland-xc-invitational-2016/results/459620/formatted/,,no_tables,0,katie_fallback,0.55
459621,https://ut.milesplit.com/meets/250399-highland-xc-invitational-2016/results/459621/formatted/,1,individual,191,katie_fallback,0.9
459621,https://ut.milesplit.com/meets/250399-highland-xc-invitational-2016/results/459621/formatted/,2,team,26,katie_fallback,0.9
459596,https://ut.milesplit.com/meets/250253-premier-cross-country-invitational-2016/results/459596/formatted/,1,individual,67,katie_fallback,0.9
459596,https://ut.milesplit.com/meets/250253-premier-cross-country-invitational-2016/results/459596/formatted/,2,team,5,katie_fallback,0.9
459597,https://ut.milesplit.com/meets/250253-premier-cross-country-invitational-2016/results/459597/formatted/,1,individual,34,katie_fallback,0.9
459597,https://ut.milesplit.com/meets/250253-premier-cross-country-invitational-2016/results/459597/formatted/,2,team,2,katie_fallback,0.9
459595,https://ut.milesplit.com/meets/250253-premier-cross-country-invitational-2016/results/459595/formatted/,1,individual,38,katie_fallback,0.9
459595,https://ut.milesplit.com/meets/250253-premier-cross-country-invitational-2016/results/459595/formatted/,2,team,5,katie_fallback,0.9
459598,https://ut.milesplit.com/meets/250253-premier-cross-country-invitational-2016/results/459598/formatted/,1,individual,30,katie_fallback,0.9
459598,https://ut.milesplit.com/meets/250253-premier-cross-country-invitational-2016/results/459598/formatted/,2,team,5,katie_fallback,0.9
459594,https://ut.milesplit.com/meets/250253-premier-cross-country-invitational-2016/results/459594/formatted/,1,individual,59,katie_fallback,0.9
459594,https://ut.milesplit.com/meets/250253-premier-cross-country-invitational-2016/results/459594/formatted/,2,team,4,katie_fallback,0.9
459599,https://ut.milesplit.com/meets/250253-premier-cross-country-invitational-2016/results/459599/formatted/,1,individual,35,katie_fallback,0.9
459599,https://ut.milesplit.com/meets/250253-premier-cross-country-invitational-2016/results/459599/formatted/,2,team,4,katie_fallback,0.9
459593,https://ut.milesplit.com/meets/250253-premier-cross-country-invitational-2016/results/459593/formatted/,1,individual,31,katie_fallback,0.9
459593,https://ut.milesplit.com/meets/250253-premier-cross-country-invitational-2016/results/459593/formatted/,2,team,5,katie_fallback,0.9
459600,https://ut.milesplit.com/meets/250253-premier-cross-country-invitational-2016/results/459600/formatted/,1,individual,28,katie_fallback,0.9
459600,https://ut.milesplit.com/meets/250253-premier-cross-country-invitational-2016/results/459600/formatted/,2,team,4,katie_fallback,0.9
459592,https://ut.milesplit.com/meets/250253-premier-cross-country-invitational-2016/results/459592/formatted/,1,individual,43,katie_fallback,0.9
459592,https://ut.milesplit.com/meets/250253-premier-cross-country-invitational-2016/results/459592/formatted/,2,team,3,katie_fallback,0.9
459601,https://ut.milesplit.com/meets/250253-premier-cross-country-invitational-2016/results/459601/formatted/,1,individual,31,katie_fallback,0.9
459601,https://ut.milesplit.com/meets/250253-premier-cross-country-invitational-2016/results/459601/formatted/,2,team,2,katie_fallback,0.9
459591,https://ut.milesplit.com/meets/250253-premier-cross-country-invitational-2016/results/459591/formatted/,1,individual,17,katie_fallback,0.9
459591,https://ut.milesplit.com/meets/250253-premier-cross-country-invitational-2016/results/459591/formatted/,2,team,2,katie_fallback,0.9
459602,https://ut.milesplit.com/meets/250253-premier-cross-country-invitational-2016/results/459602/formatted/,1,individual,11,katie_fallback,0.9
459602,https://ut.milesplit.com/meets/250253-premier-cross-country-invitational-2016/results/459602/formatted/,2,team,1,katie_fallback,0.9
459585,https://ut.milesplit.com/meets/250253-premier-cross-country-invitational-2016/results/459585/formatted/,,no_tables,0,katie_fallback,0.55
476791,https://ut.milesplit.com/meets/253591-cedar-xc-invitational-2016/results/476791/formatted/,1,individual,234,katie_fallback,0.9
476791,https://ut.milesplit.com/meets/253591-cedar-xc-invitational-2016/results/476791/formatted/,2,team,11,katie_fallback,0.9
476791,https://ut.milesplit.com/meets/253591-cedar-xc-invitational-2016/results/476791/formatted/,3,individual,151,katie_fallback,0.9
476791,https://ut.milesplit.com/meets/253591-cedar-xc-invitational-2016/results/476791/formatted/,4,team,11,katie_fallback,0.9
476790,https://ut.milesplit.com/meets/253591-cedar-xc-invitational-2016/results/476790/formatted/,1,individual,114,katie_fallback,0.9
476790,https://ut.milesplit.com/meets/253591-cedar-xc-invitational-2016/results/476790/formatted/,2,team,13,katie_fallback,0.9
476947,https://ut.milesplit.com/meets/253591-cedar-xc-invitational-2016/results/476947/formatted/,1,individual,93,katie_fallback,0.9
476947,https://ut.milesplit.com/meets/253591-cedar-xc-invitational-2016/results/476947/formatted/,2,team,12,katie_fallback,0.9
474296,https://az.milesplit.com/meets/228191-desert-twilight-xc-festival-2016/results/474296/formatted/,1,individual,276,katie_fallback,0.9
474296,https://az.milesplit.com/meets/228191-desert-twilight-xc-festival-2016/results/474296/formatted/,2,team,24,katie_fallback,0.9
476532,https://az.milesplit.com/meets/228191-desert-twilight-xc-festival-2016/results/476532/formatted/,1,individual,723,katie_fallback,0.9
476532,https://az.milesplit.com/meets/228191-desert-twilight-xc-festival-2016/results/476532/formatted/,2,team,52,katie_fallback,0.9
476532,https://az.milesplit.com/meets/228191-desert-twilight-xc-festival-2016/results/476532/formatted/,3,individual,1,katie_fallback,0.9
475785,https://az.milesplit.com/meets/228191-desert-twilight-xc-festival-2016/results/475785/formatted/,1,individual,226,katie_fallback,0.9
475785,https://az.milesplit.com/meets/228191-desert-twilight-xc-festival-2016/results/475785/formatted/,2,team,31,katie_fallback,0.9
474291,https://az.milesplit.com/meets/228191-desert-twilight-xc-festival-2016/results/474291/formatted/,1,individual,122,katie_fallback,0.9
474291,https://az.milesplit.com/meets/228191-desert-twilight-xc-festival-2016/results/474291/formatted/,2,team,8,katie_fallback,0.9
474299,https://az.milesplit.com/meets/228191-desert-twilight-xc-festival-2016/results/474299/formatted/,1,individual,337,katie_fallback,0.9
474299,https://az.milesplit.com/meets/228191-desert-twilight-xc-festival-2016/results/474299/formatted/,2,team,30,katie_fallback,0.9
474374,https://az.milesplit.com/meets/228191-desert-twilight-xc-festival-2016/results/474374/formatted/,1,individual,195,katie_fallback,0.9
474374,https://az.milesplit.com/meets/228191-desert-twilight-xc-festival-2016/results/474374/formatted/,2,team,28,katie_fallback,0.9
474373,https://az.milesplit.com/meets/228191-desert-twilight-xc-festival-2016/results/474373/formatted/,1,individual,171,katie_fallback,0.9
474373,https://az.milesplit.com/meets/228191-desert-twilight-xc-festival-2016/results/474373/formatted/,2,team,25,katie_fallback,0.9
474297,https://az.milesplit.com/meets/228191-desert-twilight-xc-festival-2016/results/474297/formatted/,1,individual,176,katie_fallback,0.9
474297,https://az.milesplit.com/meets/228191-desert-twilight-xc-festival-2016/results/474297/formatted/,2,team,16,katie_fallback,0.9
474587,https://az.milesplit.com/meets/228191-desert-twilight-xc-festival-2016/results/474587/formatted/,,cole,0,cole,0.8499999999999999
475770,https://az.milesplit.com/meets/228191-desert-twilight-xc-festival-2016/results/475770/formatted/,1,individual,227,katie_fallback,0.9
475770,https://az.milesplit.com/meets/228191-desert-twilight-xc-festival-2016/results/475770/formatted/,2,team,31,katie_fallback,0.9
474293,https://az.milesplit.com/meets/228191-desert-twilight-xc-festival-2016/results/474293/formatted/,1,individual,84,katie_fallback,0.9
474293,https://az.milesplit.com/meets/228191-desert-twilight-xc-festival-2016/results/474293/formatted/,2,team,3,katie_fallback,0.9
476523,https://az.milesplit.com/meets/228191-desert-twilight-xc-festival-2016/results/476523/formatted/,1,individual,234,katie_fallback,0.9
476523,https://az.milesplit.com/meets/228191-desert-twilight-xc-festival-2016/results/476523/formatted/,2,team,19,katie_fallback,0.9
474298,https://az.milesplit.com/meets/228191-desert-twilight-xc-festival-2016/results/474298/formatted/,,cole,0,cole,0.8499999999999999
475737,https://az.milesplit.com/meets/228191-desert-twilight-xc-festival-2016/results/475737/formatted/,1,individual,367,katie_fallback,0.9
475737,https://az.milesplit.com/meets/228191-desert-twilight-xc-festival-2016/results/475737/formatted/,2,team,53,katie_fallback,0.9
475764,https://az.milesplit.com/meets/228191-desert-twilight-xc-festival-2016/results/475764/formatted/,1,individual,327,katie_fallback,0.9
475764,https://az.milesplit.com/meets/228191-desert-twilight-xc-festival-2016/results/475764/formatted/,2,team,46,katie_fallback,0.9
474361,https://az.milesplit.com/meets/228191-desert-twilight-xc-festival-2016/results/474361/formatted/,1,individual,203,katie_fallback,0.9
474361,https://az.milesplit.com/meets/228191-desert-twilight-xc-festival-2016/results/474361/formatted/,2,team,29,katie_fallback,0.9
474362,https://az.milesplit.com/meets/228191-desert-twilight-xc-festival-2016/results/474362/formatted/,1,individual,155,katie_fallback,0.9
474362,https://az.milesplit.com/meets/228191-desert-twilight-xc-festival-2016/results/474362/formatted/,2,team,22,katie_fallback,0.9
476795,https://ut.milesplit.com/meets/253983-park-city-xc-invitational-2016/results/476795/formatted/,,no_tables,0,katie_fallback,0.55
476793,https://ut.milesplit.com/meets/253983-park-city-xc-invitational-2016/results/476793/formatted/,1,individual,245,katie_fallback,0.9
476793,https://ut.milesplit.com/meets/253983-park-city-xc-invitational-2016/results/476793/formatted/,2,team,29,katie_fallback,0.9
476793,https://ut.milesplit.com/meets/253983-park-city-xc-invitational-2016/results/476793/formatted/,3,individual,204,katie_fallback,0.9
476793,https://ut.milesplit.com/meets/253983-park-city-xc-invitational-2016/results/476793/formatted/,4,team,25,katie_fallback,0.9
476826,https://ut.milesplit.com/meets/253988-red-devil-invitational-2016/results/476826/formatted/,1,individual,120,katie_fallback,0.9
476826,https://ut.milesplit.com/meets/253988-red-devil-invitational-2016/results/476826/formatted/,2,team,6,katie_fallback,0.9
476824,https://ut.milesplit.com/meets/253988-red-devil-invitational-2016/results/476824/formatted/,1,individual,76,katie_fallback,0.9
476824,https://ut.milesplit.com/meets/253988-red-devil-invitational-2016/results/476824/formatted/,2,team,5,katie_fallback,0.9
476825,https://ut.milesplit.com/meets/253988-red-devil-invitational-2016/results/476825/formatted/,1,individual,41,katie_fallback,0.9
476825,https://ut.milesplit.com/meets/253988-red-devil-invitational-2016/results/476825/formatted/,2,team,6,katie_fallback,0.9
476823,https://ut.milesplit.com/meets/253988-red-devil-invitational-2016/results/476823/formatted/,1,individual,38,katie_fallback,0.9
476823,https://ut.milesplit.com/meets/253988-red-devil-invitational-2016/results/476823/formatted/,2,team,5,katie_fallback,0.9
474545,https://ut.milesplit.com/meets/253590-copper-hills-invitational-2016/results/474545/formatted/,1,individual,81,katie_fallback,0.9
474545,https://ut.milesplit.com/meets/253590-copper-hills-invitational-2016/results/474545/formatted/,2,team,4,katie_fallback,0.9
474547,https://ut.milesplit.com/meets/253590-copper-hills-invitational-2016/results/474547/formatted/,1,individual,43,katie_fallback,0.9
474547,https://ut.milesplit.com/meets/253590-copper-hills-invitational-2016/results/474547/formatted/,2,team,3,katie_fallback,0.9
474543,https://ut.milesplit.com/meets/253590-copper-hills-invitational-2016/results/474543/formatted/,,cole,0,cole,0.7499999999999999
474546,https://ut.milesplit.com/meets/253590-copper-hills-invitational-2016/results/474546/formatted/,,cole,0,cole,0.7499999999999999
473732,https://ut.milesplit.com/meets/253384-region-11-open-region-meet-2016/results/473732/formatted/,1,individual,147,katie_fallback,0.9
473732,https://ut.milesplit.com/meets/253384-region-11-open-region-meet-2016/results/473732/formatted/,2,team,6,katie_fallback,0.9
473733,https://ut.milesplit.com/meets/253384-region-11-open-region-meet-2016/results/473733/formatted/,1,individual,80,katie_fallback,0.9
473733,https://ut.milesplit.com/meets/253384-region-11-open-region-meet-2016/results/473733/formatted/,2,team,6,katie_fallback,0.9
474538,https://ut.milesplit.com/meets/253589-sanpete-cross-country-classic-2016/results/474538/formatted/,1,individual,222,katie_fallback,0.9
474538,https://ut.milesplit.com/meets/253589-sanpete-cross-country-classic-2016/results/474538/formatted/,2,team,18,katie_fallback,0.9
474541,https://ut.milesplit.com/meets/253589-sanpete-cross-country-classic-2016/results/474541/formatted/,1,individual,99,katie_fallback,0.9
474541,https://ut.milesplit.com/meets/253589-sanpete-cross-country-classic-2016/results/474541/formatted/,2,team,7,katie_fallback,0.9
474537,https://ut.milesplit.com/meets/253589-sanpete-cross-country-classic-2016/results/474537/formatted/,1,individual,126,katie_fallback,0.9
474537,https://ut.milesplit.com/meets/253589-sanpete-cross-country-classic-2016/results/474537/formatted/,2,team,18,katie_fallback,0.9
474540,https://ut.milesplit.com/meets/253589-sanpete-cross-country-classic-2016/results/474540/formatted/,1,individual,94,katie_fallback,0.9
474540,https://ut.milesplit.com/meets/253589-sanpete-cross-country-classic-2016/results/474540/formatted/,2,team,13,katie_fallback,0.9
472645,https://id.milesplit.com/meets/242967-bob-firman-invitational-2016/results/472645/formatted/,1,individual,178,katie_fallback,0.9
472645,https://id.milesplit.com/meets/242967-bob-firman-invitational-2016/results/472645/formatted/,2,team,25,katie_fallback,0.9
472645,https://id.milesplit.com/meets/242967-bob-firman-invitational-2016/results/472645/formatted/,3,individual,136,katie_fallback,0.9
472645,https://id.milesplit.com/meets/242967-bob-firman-invitational-2016/results/472645/formatted/,4,team,18,katie_fallback,0.9
472644,https://id.milesplit.com/meets/242967-bob-firman-invitational-2016/results/472644/formatted/,1,individual,267,katie_fallback,0.9
472644,https://id.milesplit.com/meets/242967-bob-firman-invitational-2016/results/472644/formatted/,2,team,25,katie_fallback,0.9
472644,https://id.milesplit.com/meets/242967-bob-firman-invitational-2016/results/472644/formatted/,3,individual,148,katie_fallback,0.9
472644,https://id.milesplit.com/meets/242967-bob-firman-invitational-2016/results/472644/formatted/,4,team,12,katie_fallback,0.9
472646,https://id.milesplit.com/meets/242967-bob-firman-invitational-2016/results/472646/formatted/,1,individual,315,katie_fallback,0.9
472646,https://id.milesplit.com/meets/242967-bob-firman-invitational-2016/results/472646/formatted/,2,team,16,katie_fallback,0.9
472646,https://id.milesplit.com/meets/242967-bob-firman-invitational-2016/results/472646/formatted/,3,individual,200,katie_fallback,0.9
472646,https://id.milesplit.com/meets/242967-bob-firman-invitational-2016/results/472646/formatted/,4,team,13,katie_fallback,0.9
472648,https://id.milesplit.com/meets/242967-bob-firman-invitational-2016/results/472648/formatted/,1,individual,339,katie_fallback,0.9
472648,https://id.milesplit.com/meets/242967-bob-firman-invitational-2016/results/472648/formatted/,2,team,26,katie_fallback,0.9
472648,https://id.milesplit.com/meets/242967-bob-firman-invitational-2016/results/472648/formatted/,3,individual,213,katie_fallback,0.9
472648,https://id.milesplit.com/meets/242967-bob-firman-invitational-2016/results/472648/formatted/,4,team,21,katie_fallback,0.9
472642,https://id.milesplit.com/meets/242967-bob-firman-invitational-2016/results/472642/formatted/,1,individual,339,katie_fallback,0.9
472642,https://id.milesplit.com/meets/242967-bob-firman-invitational-2016/results/472642/formatted/,2,team,47,katie_fallback,0.9
472642,https://id.milesplit.com/meets/242967-bob-firman-invitational-2016/results/472642/formatted/,3,individual,316,katie_fallback,0.9
472642,https://id.milesplit.com/meets/242967-bob-firman-invitational-2016/results/472642/formatted/,4,team,43,katie_fallback,0.9
472643,https://id.milesplit.com/meets/242967-bob-firman-invitational-2016/results/472643/formatted/,1,individual,189,katie_fallback,0.9
472643,https://id.milesplit.com/meets/242967-bob-firman-invitational-2016/results/472643/formatted/,2,team,24,katie_fallback,0.9
472042,https://or.milesplit.com/meets/227297-nike-portland-xc-invite-2016/results/472042/formatted/,,cole,0,cole,0.7499999999999999
472051,https://or.milesplit.com/meets/227297-nike-portland-xc-invite-2016/results/472051/formatted/,,cole,0,cole,0.7499999999999999
472048,https://or.milesplit.com/meets/227297-nike-portland-xc-invite-2016/results/472048/formatted/,1,individual,105,katie_fallback,0.9
472048,https://or.milesplit.com/meets/227297-nike-portland-xc-invite-2016/results/472048/formatted/,2,team,12,katie_fallback,0.9
472057,https://or.milesplit.com/meets/227297-nike-portland-xc-invite-2016/results/472057/formatted/,1,individual,1,katie_fallback,0.9
472057,https://or.milesplit.com/meets/227297-nike-portland-xc-invite-2016/results/472057/formatted/,2,individual,85,katie_fallback,0.9
472057,https://or.milesplit.com/meets/227297-nike-portland-xc-invite-2016/results/472057/formatted/,3,team,12,katie_fallback,0.9
472056,https://or.milesplit.com/meets/227297-nike-portland-xc-invite-2016/results/472056/formatted/,1,individual,105,katie_fallback,0.9
472056,https://or.milesplit.com/meets/227297-nike-portland-xc-invite-2016/results/472056/formatted/,2,team,9,katie_fallback,0.9
472047,https://or.milesplit.com/meets/227297-nike-portland-xc-invite-2016/results/472047/formatted/,1,individual,53,katie_fallback,0.9
472047,https://or.milesplit.com/meets/227297-nike-portland-xc-invite-2016/results/472047/formatted/,2,team,2,katie_fallback,0.9
472045,https://or.milesplit.com/meets/227297-nike-portland-xc-invite-2016/results/472045/formatted/,1,individual,105,katie_fallback,0.9
472045,https://or.milesplit.com/meets/227297-nike-portland-xc-invite-2016/results/472045/formatted/,2,team,9,katie_fallback,0.9
472053,https://or.milesplit.com/meets/227297-nike-portland-xc-invite-2016/results/472053/formatted/,1,individual,105,katie_fallback,0.9
472053,https://or.milesplit.com/meets/227297-nike-portland-xc-invite-2016/results/472053/formatted/,2,team,11,katie_fallback,0.9
472043,https://or.milesplit.com/meets/227297-nike-portland-xc-invite-2016/results/472043/formatted/,1,individual,105,katie_fallback,0.9
472043,https://or.milesplit.com/meets/227297-nike-portland-xc-invite-2016/results/472043/formatted/,2,team,11,katie_fallback,0.9
472052,https://or.milesplit.com/meets/227297-nike-portland-xc-invite-2016/results/472052/formatted/,1,individual,105,katie_fallback,0.9
472052,https://or.milesplit.com/meets/227297-nike-portland-xc-invite-2016/results/472052/formatted/,2,team,12,katie_fallback,0.9
472058,https://or.milesplit.com/meets/227297-nike-portland-xc-invite-2016/results/472058/formatted/,1,individual,105,katie_fallback,0.9
472058,https://or.milesplit.com/meets/227297-nike-portland-xc-invite-2016/results/472058/formatted/,2,team,12,katie_fallback,0.9
472054,https://or.milesplit.com/meets/227297-nike-portland-xc-invite-2016/results/472054/formatted/,1,individual,105,katie_fallback,0.9
472054,https://or.milesplit.com/meets/227297-nike-portland-xc-invite-2016/results/472054/formatted/,2,team,6,katie_fallback,0.9
471972,https://co.milesplit.com/meets/248395-pagosa-springs-wolf-creek-invitational-2016/results/471972/formatted/,1,individual,39,katie_fallback,0.9
471972,https://co.milesplit.com/meets/248395-pagosa-springs-wolf-creek-invitational-2016/results/471972/formatted/,2,team,5,katie_fallback,0.9
471975,https://co.milesplit.com/meets/248395-pagosa-springs-wolf-creek-invitational-2016/results/471975/formatted/,1,individual,53,katie_fallback,0.9
471975,https://co.milesplit.com/meets/248395-pagosa-springs-wolf-creek-invitational-2016/results/471975/formatted/,2,team,3,katie_fallback,0.9
471958,https://co.milesplit.com/meets/248395-pagosa-springs-wolf-creek-invitational-2016/results/471958/formatted/,1,individual,56,katie_fallback,0.9
471958,https://co.milesplit.com/meets/248395-pagosa-springs-wolf-creek-invitational-2016/results/471958/formatted/,2,team,6,katie_fallback,0.9
471964,https://co.milesplit.com/meets/248395-pagosa-springs-wolf-creek-invitational-2016/results/471964/formatted/,1,individual,37,katie_fallback,0.9
471964,https://co.milesplit.com/meets/248395-pagosa-springs-wolf-creek-invitational-2016/results/471964/formatted/,2,team,3,katie_fallback,0.9
472755,https://ut.milesplit.com/meets/253119-royal-run-xc-challenge-2016/results/472755/formatted/,1,individual,84,katie_fallback,0.9
472755,https://ut.milesplit.com/meets/253119-royal-run-xc-challenge-2016/results/472755/formatted/,2,team,9,katie_fallback,0.9
472753,https://ut.milesplit.com/meets/253119-royal-run-xc-challenge-2016/results/472753/formatted/,1,individual,42,katie_fallback,0.9
472753,https://ut.milesplit.com/meets/253119-royal-run-xc-challenge-2016/results/472753/formatted/,2,team,4,katie_fallback,0.9
472754,https://ut.milesplit.com/meets/253119-royal-run-xc-challenge-2016/results/472754/formatted/,1,individual,62,katie_fallback,0.9
472754,https://ut.milesplit.com/meets/253119-royal-run-xc-challenge-2016/results/472754/formatted/,2,team,6,katie_fallback,0.9
472752,https://ut.milesplit.com/meets/253119-royal-run-xc-challenge-2016/results/472752/formatted/,1,individual,31,katie_fallback,0.9
472752,https://ut.milesplit.com/meets/253119-royal-run-xc-challenge-2016/results/472752/formatted/,2,team,4,katie_fallback,0.9
472757,https://ut.milesplit.com/meets/253119-royal-run-xc-challenge-2016/results/472757/formatted/,1,individual,58,katie_fallback,0.9
472757,https://ut.milesplit.com/meets/253119-royal-run-xc-challenge-2016/results/472757/formatted/,2,team,8,katie_fallback,0.9
472756,https://ut.milesplit.com/meets/253119-royal-run-xc-challenge-2016/results/472756/formatted/,1,individual,35,katie_fallback,0.9
472756,https://ut.milesplit.com/meets/253119-royal-run-xc-challenge-2016/results/472756/formatted/,2,team,4,katie_fallback,0.9
472738,https://ut.milesplit.com/meets/253118-nebo-xc-invitational-2016/results/472738/formatted/,1,individual,280,katie_fallback,0.9
472738,https://ut.milesplit.com/meets/253118-nebo-xc-invitational-2016/results/472738/formatted/,2,team,24,katie_fallback,0.9
472739,https://ut.milesplit.com/meets/253118-nebo-xc-invitational-2016/results/472739/formatted/,,no_tables,0,katie_fallback,0.55
472735,https://ut.milesplit.com/meets/253118-nebo-xc-invitational-2016/results/472735/formatted/,1,individual,179,katie_fallback,0.9
472735,https://ut.milesplit.com/meets/253118-nebo-xc-invitational-2016/results/472735/formatted/,2,team,17,katie_fallback,0.9
472736,https://ut.milesplit.com/meets/253118-nebo-xc-invitational-2016/results/472736/formatted/,1,individual,230,katie_fallback,0.9
472736,https://ut.milesplit.com/meets/253118-nebo-xc-invitational-2016/results/472736/formatted/,2,team,19,katie_fallback,0.9
472737,https://ut.milesplit.com/meets/253118-nebo-xc-invitational-2016/results/472737/formatted/,1,individual,196,katie_fallback,0.9
472737,https://ut.milesplit.com/meets/253118-nebo-xc-invitational-2016/results/472737/formatted/,2,team,28,katie_fallback,0.9
472734,https://ut.milesplit.com/meets/253118-nebo-xc-invitational-2016/results/472734/formatted/,1,individual,156,katie_fallback,0.9
472734,https://ut.milesplit.com/meets/253118-nebo-xc-invitational-2016/results/472734/formatted/,2,team,23,katie_fallback,0.9
472749,https://ut.milesplit.com/meets/253120-carbon-invitational-2016/results/472749/formatted/,1,individual,82,katie_fallback,0.9
472749,https://ut.milesplit.com/meets/253120-carbon-invitational-2016/results/472749/formatted/,2,team,7,katie_fallback,0.9
472751,https://ut.milesplit.com/meets/253120-carbon-invitational-2016/results/472751/formatted/,1,individual,34,katie_fallback,0.9
472751,https://ut.milesplit.com/meets/253120-carbon-invitational-2016/results/472751/formatted/,2,team,3,katie_fallback,0.9
472748,https://ut.milesplit.com/meets/253120-carbon-invitational-2016/results/472748/formatted/,1,individual,43,katie_fallback,0.9
472748,https://ut.milesplit.com/meets/253120-carbon-invitational-2016/results/472748/formatted/,2,team,6,katie_fallback,0.9
472750,https://ut.milesplit.com/meets/253120-carbon-invitational-2016/results/472750/formatted/,1,individual,38,katie_fallback,0.9
472750,https://ut.milesplit.com/meets/253120-carbon-invitational-2016/results/472750/formatted/,2,team,5,katie_fallback,0.9
469393,https://ut.milesplit.com/meets/252543-pleasant-grove-viking-invitational-2016/results/469393/formatted/,1,individual,107,katie_fallback,0.9
469393,https://ut.milesplit.com/meets/252543-pleasant-grove-viking-invitational-2016/results/469393/formatted/,2,team,8,katie_fallback,0.9
469392,https://ut.milesplit.com/meets/252543-pleasant-grove-viking-invitational-2016/results/469392/formatted/,1,individual,55,katie_fallback,0.9
469392,https://ut.milesplit.com/meets/252543-pleasant-grove-viking-invitational-2016/results/469392/formatted/,2,team,5,katie_fallback,0.9
469395,https://ut.milesplit.com/meets/252543-pleasant-grove-viking-invitational-2016/results/469395/formatted/,1,individual,77,katie_fallback,0.9
469395,https://ut.milesplit.com/meets/252543-pleasant-grove-viking-invitational-2016/results/469395/formatted/,2,team,6,katie_fallback,0.9
469394,https://ut.milesplit.com/meets/252543-pleasant-grove-viking-invitational-2016/results/469394/formatted/,1,individual,41,katie_fallback,0.9
469394,https://ut.milesplit.com/meets/252543-pleasant-grove-viking-invitational-2016/results/469394/formatted/,2,team,6,katie_fallback,0.9
469397,https://ut.milesplit.com/meets/252543-pleasant-grove-viking-invitational-2016/results/469397/formatted/,,no_tables,0,katie_fallback,0.55
469391,https://ut.milesplit.com/meets/252543-pleasant-grove-viking-invitational-2016/results/469391/formatted/,1,individual,64,katie_fallback,0.9
469391,https://ut.milesplit.com/meets/252543-pleasant-grove-viking-invitational-2016/results/469391/formatted/,2,team,9,katie_fallback,0.9
469389,https://ut.milesplit.com/meets/252543-pleasant-grove-viking-invitational-2016/results/469389/formatted/,1,individual,50,katie_fallback,0.9
469389,https://ut.milesplit.com/meets/252543-pleasant-grove-viking-invitational-2016/results/469389/formatted/,2,team,7,katie_fallback,0.9
469292,https://nm.milesplit.com/meets/247238-shiprock-cross-country-invitational-2016/results/469292/formatted/,1,individual,98,katie_fallback,0.9
469292,https://nm.milesplit.com/meets/247238-shiprock-cross-country-invitational-2016/results/469292/formatted/,2,team,15,katie_fallback,0.9
469293,https://nm.milesplit.com/meets/247238-shiprock-cross-country-invitational-2016/results/469293/formatted/,1,individual,89,katie_fallback,0.9
469293,https://nm.milesplit.com/meets/247238-shiprock-cross-country-invitational-2016/results/469293/formatted/,2,team,13,katie_fallback,0.9
468953,https://ut.milesplit.com/meets/252430-uiaaa-invitational-2016/results/468953/formatted/,1,individual,206,katie_fallback,0.9
468953,https://ut.milesplit.com/meets/252430-uiaaa-invitational-2016/results/468953/formatted/,2,team,16,katie_fallback,0.9
468956,https://ut.milesplit.com/meets/252430-uiaaa-invitational-2016/results/468956/formatted/,1,individual,138,katie_fallback,0.9
468956,https://ut.milesplit.com/meets/252430-uiaaa-invitational-2016/results/468956/formatted/,2,team,12,katie_fallback,0.9
468943,https://ut.milesplit.com/meets/252430-uiaaa-invitational-2016/results/468943/formatted/,1,individual,247,katie_fallback,0.9
468943,https://ut.milesplit.com/meets/252430-uiaaa-invitational-2016/results/468943/formatted/,2,team,20,katie_fallback,0.9
468955,https://ut.milesplit.com/meets/252430-uiaaa-invitational-2016/results/468955/formatted/,1,individual,173,katie_fallback,0.9
468955,https://ut.milesplit.com/meets/252430-uiaaa-invitational-2016/results/468955/formatted/,2,team,13,katie_fallback,0.9
468954,https://ut.milesplit.com/meets/252430-uiaaa-invitational-2016/results/468954/formatted/,1,individual,138,katie_fallback,0.9
468954,https://ut.milesplit.com/meets/252430-uiaaa-invitational-2016/results/468954/formatted/,2,team,19,katie_fallback,0.9
468957,https://ut.milesplit.com/meets/252430-uiaaa-invitational-2016/results/468957/formatted/,1,individual,114,katie_fallback,0.9
468957,https://ut.milesplit.com/meets/252430-uiaaa-invitational-2016/results/468957/formatted/,2,team,17,katie_fallback,0.9
468997,https://ut.milesplit.com/meets/252440-wasatch-rendezvous-2016/results/468997/formatted/,1,individual,100,katie_fallback,0.9
468997,https://ut.milesplit.com/meets/252440-wasatch-rendezvous-2016/results/468997/formatted/,2,team,14,katie_fallback,0.9
468998,https://ut.milesplit.com/meets/252440-wasatch-rendezvous-2016/results/468998/formatted/,1,individual,85,katie_fallback,0.9
468998,https://ut.milesplit.com/meets/252440-wasatch-rendezvous-2016/results/468998/formatted/,2,team,12,katie_fallback,0.9
469000,https://ut.milesplit.com/meets/252440-wasatch-rendezvous-2016/results/469000/formatted/,1,individual,288,katie_fallback,0.9
469000,https://ut.milesplit.com/meets/252440-wasatch-rendezvous-2016/results/469000/formatted/,2,team,17,katie_fallback,0.9
468999,https://ut.milesplit.com/meets/252440-wasatch-rendezvous-2016/results/468999/formatted/,1,individual,181,katie_fallback,0.9
468999,https://ut.milesplit.com/meets/252440-wasatch-rendezvous-2016/results/468999/formatted/,2,team,15,katie_fallback,0.9
468988,https://ut.milesplit.com/meets/252436-cache-box-invitational-2016/results/468988/formatted/,1,individual,184,katie_fallback,0.9
468988,https://ut.milesplit.com/meets/252436-cache-box-invitational-2016/results/468988/formatted/,2,team,9,katie_fallback,0.9
468990,https://ut.milesplit.com/meets/252436-cache-box-invitational-2016/results/468990/formatted/,1,individual,141,katie_fallback,0.9
468990,https://ut.milesplit.com/meets/252436-cache-box-invitational-2016/results/468990/formatted/,2,team,7,katie_fallback,0.9
468987,https://ut.milesplit.com/meets/252436-cache-box-invitational-2016/results/468987/formatted/,1,individual,45,katie_fallback,0.9
468987,https://ut.milesplit.com/meets/252436-cache-box-invitational-2016/results/468987/formatted/,2,team,7,katie_fallback,0.9
468989,https://ut.milesplit.com/meets/252436-cache-box-invitational-2016/results/468989/formatted/,1,individual,44,katie_fallback,0.9
468989,https://ut.milesplit.com/meets/252436-cache-box-invitational-2016/results/468989/formatted/,2,team,7,katie_fallback,0.9
469018,https://ut.milesplit.com/meets/252442-hurricane-xc-invitational-2016/results/469018/formatted/,1,individual,88,katie_fallback,0.9
469018,https://ut.milesplit.com/meets/252442-hurricane-xc-invitational-2016/results/469018/formatted/,2,team,5,katie_fallback,0.9
469019,https://ut.milesplit.com/meets/252442-hurricane-xc-invitational-2016/results/469019/formatted/,1,individual,41,katie_fallback,0.9
469019,https://ut.milesplit.com/meets/252442-hurricane-xc-invitational-2016/results/469019/formatted/,2,team,2,katie_fallback,0.9
469016,https://ut.milesplit.com/meets/252442-hurricane-xc-invitational-2016/results/469016/formatted/,1,individual,20,katie_fallback,0.9
469016,https://ut.milesplit.com/meets/252442-hurricane-xc-invitational-2016/results/469016/formatted/,2,team,3,katie_fallback,0.9
469017,https://ut.milesplit.com/meets/252442-hurricane-xc-invitational-2016/results/469017/formatted/,1,individual,19,katie_fallback,0.9
469017,https://ut.milesplit.com/meets/252442-hurricane-xc-invitational-2016/results/469017/formatted/,2,team,2,katie_fallback,0.9
468985,https://ut.milesplit.com/meets/252435-juab-yuba-invitational-2016/results/468985/formatted/,1,individual,126,katie_fallback,0.9
468985,https://ut.milesplit.com/meets/252435-juab-yuba-invitational-2016/results/468985/formatted/,2,team,8,katie_fallback,0.9
468986,https://ut.milesplit.com/meets/252435-juab-yuba-invitational-2016/results/468986/formatted/,1,individual,81,katie_fallback,0.9
468986,https://ut.milesplit.com/meets/252435-juab-yuba-invitational-2016/results/468986/formatted/,2,team,5,katie_fallback,0.9
469013,https://ut.milesplit.com/meets/252441-ogdenweber-city-county-meet-2016/results/469013/formatted/,1,individual,141,katie_fallback,0.9
469013,https://ut.milesplit.com/meets/252441-ogdenweber-city-county-meet-2016/results/469013/formatted/,2,team,7,katie_fallback,0.9
469011,https://ut.milesplit.com/meets/252441-ogdenweber-city-county-meet-2016/results/469011/formatted/,1,individual,1,katie_fallback,0.9
469011,https://ut.milesplit.com/meets/252441-ogdenweber-city-county-meet-2016/results/469011/formatted/,2,individual,84,katie_fallback,0.9
469011,https://ut.milesplit.com/meets/252441-ogdenweber-city-county-meet-2016/results/469011/formatted/,3,team,6,katie_fallback,0.9
469015,https://ut.milesplit.com/meets/252441-ogdenweber-city-county-meet-2016/results/469015/formatted/,1,individual,51,katie_fallback,0.9
469015,https://ut.milesplit.com/meets/252441-ogdenweber-city-county-meet-2016/results/469015/formatted/,2,team,7,katie_fallback,0.9
469014,https://ut.milesplit.com/meets/252441-ogdenweber-city-county-meet-2016/results/469014/formatted/,1,individual,36,katie_fallback,0.9
469014,https://ut.milesplit.com/meets/252441-ogdenweber-city-county-meet-2016/results/469014/formatted/,2,team,5,katie_fallback,0.9
465771,https://nv.milesplit.com/meets/247056-larry-burgess-invitational-2016/results/465771/formatted/,1,individual,226,katie_fallback,0.9
465771,https://nv.milesplit.com/meets/247056-larry-burgess-invitational-2016/results/465771/formatted/,2,team,17,katie_fallback,0.9
465781,https://nv.milesplit.com/meets/247056-larry-burgess-invitational-2016/results/465781/formatted/,1,individual,148,katie_fallback,0.9
465781,https://nv.milesplit.com/meets/247056-larry-burgess-invitational-2016/results/465781/formatted/,2,team,15,katie_fallback,0.9
465778,https://nv.milesplit.com/meets/247056-larry-burgess-invitational-2016/results/465778/formatted/,1,individual,154,katie_fallback,0.9
465778,https://nv.milesplit.com/meets/247056-larry-burgess-invitational-2016/results/465778/formatted/,2,team,24,katie_fallback,0.9
465778,https://nv.milesplit.com/meets/247056-larry-burgess-invitational-2016/results/465778/formatted/,3,individual,1,katie_fallback,0.9
465775,https://nv.milesplit.com/meets/247056-larry-burgess-invitational-2016/results/465775/formatted/,1,individual,87,katie_fallback,0.9
465775,https://nv.milesplit.com/meets/247056-larry-burgess-invitational-2016/results/465775/formatted/,2,team,13,katie_fallback,0.9
465780,https://nv.milesplit.com/meets/247056-larry-burgess-invitational-2016/results/465780/formatted/,1,individual,136,katie_fallback,0.9
465780,https://nv.milesplit.com/meets/247056-larry-burgess-invitational-2016/results/465780/formatted/,2,team,13,katie_fallback,0.9
465782,https://nv.milesplit.com/meets/247056-larry-burgess-invitational-2016/results/465782/formatted/,1,individual,131,katie_fallback,0.9
465782,https://nv.milesplit.com/meets/247056-larry-burgess-invitational-2016/results/465782/formatted/,2,team,17,katie_fallback,0.9
465783,https://nv.milesplit.com/meets/247056-larry-burgess-invitational-2016/results/465783/formatted/,1,individual,63,katie_fallback,0.9
465783,https://nv.milesplit.com/meets/247056-larry-burgess-invitational-2016/results/465783/formatted/,2,team,8,katie_fallback,0.9
465784,https://nv.milesplit.com/meets/247056-larry-burgess-invitational-2016/results/465784/formatted/,1,individual,7,katie_fallback,0.9
465784,https://nv.milesplit.com/meets/247056-larry-burgess-invitational-2016/results/465784/formatted/,2,individual,97,katie_fallback,0.9
465784,https://nv.milesplit.com/meets/247056-larry-burgess-invitational-2016/results/465784/formatted/,3,team,11,katie_fallback,0.9
465343,https://ut.milesplit.com/meets/251763-murray-invitational-2016/results/465343/formatted/,,no_tables,0,katie_fallback,0.55
465347,https://ut.milesplit.com/meets/251763-murray-invitational-2016/results/465347/formatted/,1,individual,103,katie_fallback,0.9
465347,https://ut.milesplit.com/meets/251763-murray-invitational-2016/results/465347/formatted/,2,team,10,katie_fallback,0.9
465353,https://ut.milesplit.com/meets/251763-murray-invitational-2016/results/465353/formatted/,1,individual,481,katie_fallback,0.9
465353,https://ut.milesplit.com/meets/251763-murray-invitational-2016/results/465353/formatted/,2,team,35,katie_fallback,0.9
465349,https://ut.milesplit.com/meets/251763-murray-invitational-2016/results/465349/formatted/,1,individual,1,katie_fallback,0.9
465349,https://ut.milesplit.com/meets/251763-murray-invitational-2016/results/465349/formatted/,2,individual,352,katie_fallback,0.9
465349,https://ut.milesplit.com/meets/251763-murray-invitational-2016/results/465349/formatted/,3,team,26,katie_fallback,0.9
465380,https://ut.milesplit.com/meets/251763-murray-invitational-2016/results/465380/formatted/,1,individual,190,katie_fallback,0.9
465380,https://ut.milesplit.com/meets/251763-murray-invitational-2016/results/465380/formatted/,2,team,24,katie_fallback,0.9
465378,https://ut.milesplit.com/meets/251763-murray-invitational-2016/results/465378/formatted/,1,individual,172,katie_fallback,0.9
465378,https://ut.milesplit.com/meets/251763-murray-invitational-2016/results/465378/formatted/,2,team,24,katie_fallback,0.9
465383,https://ut.milesplit.com/meets/251763-murray-invitational-2016/results/465383/formatted/,1,individual,213,katie_fallback,0.9
465383,https://ut.milesplit.com/meets/251763-murray-invitational-2016/results/465383/formatted/,2,team,18,katie_fallback,0.9
465342,https://ut.milesplit.com/meets/251763-murray-invitational-2016/results/465342/formatted/,1,individual,148,katie_fallback,0.9
465342,https://ut.milesplit.com/meets/251763-murray-invitational-2016/results/465342/formatted/,2,team,14,katie_fallback,0.9
465994,https://ut.milesplit.com/meets/251935-stewart-foster-invitational-2016/results/465994/formatted/,1,individual,22,katie_fallback,0.9
465994,https://ut.milesplit.com/meets/251935-stewart-foster-invitational-2016/results/465994/formatted/,2,team,2,katie_fallback,0.9
465995,https://ut.milesplit.com/meets/251935-stewart-foster-invitational-2016/results/465995/formatted/,1,individual,19,katie_fallback,0.9
465995,https://ut.milesplit.com/meets/251935-stewart-foster-invitational-2016/results/465995/formatted/,2,team,2,katie_fallback,0.9
463895,https://ut.milesplit.com/meets/251686-region-1011-pre-region-2016/results/463895/formatted/,1,individual,183,katie_fallback,0.9
463895,https://ut.milesplit.com/meets/251686-region-1011-pre-region-2016/results/463895/formatted/,2,team,10,katie_fallback,0.9
463897,https://ut.milesplit.com/meets/251686-region-1011-pre-region-2016/results/463897/formatted/,1,individual,71,katie_fallback,0.9
463897,https://ut.milesplit.com/meets/251686-region-1011-pre-region-2016/results/463897/formatted/,2,team,5,katie_fallback,0.9
463894,https://ut.milesplit.com/meets/251686-region-1011-pre-region-2016/results/463894/formatted/,1,individual,67,katie_fallback,0.9
463894,https://ut.milesplit.com/meets/251686-region-1011-pre-region-2016/results/463894/formatted/,2,team,9,katie_fallback,0.9
463896,https://ut.milesplit.com/meets/251686-region-1011-pre-region-2016/results/463896/formatted/,1,individual,62,katie_fallback,0.9
463896,https://ut.milesplit.com/meets/251686-region-1011-pre-region-2016/results/463896/formatted/,2,team,9,katie_fallback,0.9
465423,https://ut.milesplit.com/meets/251880-uintah-invitational-2016/results/465423/formatted/,1,individual,90,katie_fallback,0.9
465423,https://ut.milesplit.com/meets/251880-uintah-invitational-2016/results/465423/formatted/,2,team,5,katie_fallback,0.9
465424,https://ut.milesplit.com/meets/251880-uintah-invitational-2016/results/465424/formatted/,1,individual,50,katie_fallback,0.9
465424,https://ut.milesplit.com/meets/251880-uintah-invitational-2016/results/465424/formatted/,2,team,5,katie_fallback,0.9
463339,https://ut.milesplit.com/meets/242965-byu-autumn-classic-2016/results/463339/formatted/,1,individual,167,katie_fallback,0.9
463339,https://ut.milesplit.com/meets/242965-byu-autumn-classic-2016/results/463339/formatted/,2,team,14,katie_fallback,0.9
463350,https://ut.milesplit.com/meets/242965-byu-autumn-classic-2016/results/463350/formatted/,1,individual,140,katie_fallback,0.9
463350,https://ut.milesplit.com/meets/242965-byu-autumn-classic-2016/results/463350/formatted/,2,team,12,katie_fallback,0.9
463357,https://ut.milesplit.com/meets/242965-byu-autumn-classic-2016/results/463357/formatted/,,cole,0,cole,0.8999999999999999
463353,https://ut.milesplit.com/meets/242965-byu-autumn-classic-2016/results/463353/formatted/,,cole,0,cole,0.8999999999999999
463337,https://ut.milesplit.com/meets/242965-byu-autumn-classic-2016/results/463337/formatted/,1,individual,167,katie_fallback,0.9
463337,https://ut.milesplit.com/meets/242965-byu-autumn-classic-2016/results/463337/formatted/,2,team,12,katie_fallback,0.9
463349,https://ut.milesplit.com/meets/242965-byu-autumn-classic-2016/results/463349/formatted/,1,individual,1,katie_fallback,0.9
463349,https://ut.milesplit.com/meets/242965-byu-autumn-classic-2016/results/463349/formatted/,2,individual,100,katie_fallback,0.9
463349,https://ut.milesplit.com/meets/242965-byu-autumn-classic-2016/results/463349/formatted/,3,team,8,katie_fallback,0.9
463336,https://ut.milesplit.com/meets/242965-byu-autumn-classic-2016/results/463336/formatted/,1,individual,105,katie_fallback,0.9
463336,https://ut.milesplit.com/meets/242965-byu-autumn-classic-2016/results/463336/formatted/,2,team,12,katie_fallback,0.9
463348,https://ut.milesplit.com/meets/242965-byu-autumn-classic-2016/results/463348/formatted/,1,individual,103,katie_fallback,0.9
463348,https://ut.milesplit.com/meets/242965-byu-autumn-classic-2016/results/463348/formatted/,2,team,14,katie_fallback,0.9
463449,https://ut.milesplit.com/meets/251475-utah-county-invitational-2016/results/463449/formatted/,,no_tables,0,katie_fallback,0.55
463452,https://ut.milesplit.com/meets/251475-utah-county-invitational-2016/results/463452/formatted/,1,individual,82,katie_fallback,0.9
463452,https://ut.milesplit.com/meets/251475-utah-county-invitational-2016/results/463452/formatted/,2,team,7,katie_fallback,0.9
463450,https://ut.milesplit.com/meets/251475-utah-county-invitational-2016/results/463450/formatted/,1,individual,74,katie_fallback,0.9
463450,https://ut.milesplit.com/meets/251475-utah-county-invitational-2016/results/463450/formatted/,2,team,6,katie_fallback,0.9
463453,https://ut.milesplit.com/meets/251475-utah-county-invitational-2016/results/463453/formatted/,1,individual,71,katie_fallback,0.9
463453,https://ut.milesplit.com/meets/251475-utah-county-invitational-2016/results/463453/formatted/,2,team,5,katie_fallback,0.9
463448,https://ut.milesplit.com/meets/251475-utah-county-invitational-2016/results/463448/formatted/,1,individual,92,katie_fallback,0.9
463448,https://ut.milesplit.com/meets/251475-utah-county-invitational-2016/results/463448/formatted/,2,team,13,katie_fallback,0.9
463451,https://ut.milesplit.com/meets/251475-utah-county-invitational-2016/results/463451/formatted/,1,individual,52,katie_fallback,0.9
463451,https://ut.milesplit.com/meets/251475-utah-county-invitational-2016/results/463451/formatted/,2,team,7,katie_fallback,0.9
463351,https://ut.milesplit.com/meets/249352-loyds-lake-classic-2016/results/463351/formatted/,,cole,0,cole,0.8999999999999999
463352,https://ut.milesplit.com/meets/249352-loyds-lake-classic-2016/results/463352/formatted/,1,individual,70,katie_fallback,0.9
463352,https://ut.milesplit.com/meets/249352-loyds-lake-classic-2016/results/463352/formatted/,2,team,4,katie_fallback,0.9
463352,https://ut.milesplit.com/meets/249352-loyds-lake-classic-2016/results/463352/formatted/,3,individual,40,katie_fallback,0.9
463352,https://ut.milesplit.com/meets/249352-loyds-lake-classic-2016/results/463352/formatted/,4,team,3,katie_fallback,0.9
463354,https://ut.milesplit.com/meets/249352-loyds-lake-classic-2016/results/463354/formatted/,1,individual,76,katie_fallback,0.9
463354,https://ut.milesplit.com/meets/249352-loyds-lake-classic-2016/results/463354/formatted/,2,team,11,katie_fallback,0.9
463354,https://ut.milesplit.com/meets/249352-loyds-lake-classic-2016/results/463354/formatted/,3,individual,68,katie_fallback,0.9
463354,https://ut.milesplit.com/meets/249352-loyds-lake-classic-2016/results/463354/formatted/,4,team,10,katie_fallback,0.9
462124,https://nv.milesplit.com/meets/249811-twilight-classic-2016/results/462124/formatted/,1,individual,121,katie_fallback,0.9
462124,https://nv.milesplit.com/meets/249811-twilight-classic-2016/results/462124/formatted/,2,team,13,katie_fallback,0.9
462123,https://nv.milesplit.com/meets/249811-twilight-classic-2016/results/462123/formatted/,1,individual,110,katie_fallback,0.9
462123,https://nv.milesplit.com/meets/249811-twilight-classic-2016/results/462123/formatted/,2,team,13,katie_fallback,0.9
462120,https://nv.milesplit.com/meets/249811-twilight-classic-2016/results/462120/formatted/,1,individual,124,katie_fallback,0.9
462120,https://nv.milesplit.com/meets/249811-twilight-classic-2016/results/462120/formatted/,2,team,13,katie_fallback,0.9
462122,https://nv.milesplit.com/meets/249811-twilight-classic-2016/results/462122/formatted/,,cole,0,cole,0.7499999999999999
462121,https://nv.milesplit.com/meets/249811-twilight-classic-2016/results/462121/formatted/,,no_tables,0,katie_fallback,0.6999999999999998
462126,https://nv.milesplit.com/meets/249811-twilight-classic-2016/results/462126/formatted/,1,individual,102,katie_fallback,0.9
462126,https://nv.milesplit.com/meets/249811-twilight-classic-2016/results/462126/formatted/,2,team,13,katie_fallback,0.9
462125,https://nv.milesplit.com/meets/249811-twilight-classic-2016/results/462125/formatted/,1,individual,40,katie_fallback,0.9
462125,https://nv.milesplit.com/meets/249811-twilight-classic-2016/results/462125/formatted/,2,team,5,katie_fallback,0.9
462118,https://nv.milesplit.com/meets/249811-twilight-classic-2016/results/462118/formatted/,1,individual,96,katie_fallback,0.9
462118,https://nv.milesplit.com/meets/249811-twilight-classic-2016/results/462118/formatted/,2,team,12,katie_fallback,0.9
462119,https://nv.milesplit.com/meets/249811-twilight-classic-2016/results/462119/formatted/,1,individual,29,katie_fallback,0.9
462119,https://nv.milesplit.com/meets/249811-twilight-classic-2016/results/462119/formatted/,2,team,2,katie_fallback,0.9
462311,https://ut.milesplit.com/meets/251381-utah-state-aggie-invitational-2016/results/462311/formatted/,1,individual,310,katie_fallback,0.9
462311,https://ut.milesplit.com/meets/251381-utah-state-aggie-invitational-2016/results/462311/formatted/,2,team,22,katie_fallback,0.9
462314,https://ut.milesplit.com/meets/251381-utah-state-aggie-invitational-2016/results/462314/formatted/,1,individual,172,katie_fallback,0.9
462314,https://ut.milesplit.com/meets/251381-utah-state-aggie-invitational-2016/results/462314/formatted/,2,team,15,katie_fallback,0.9
462318,https://ut.milesplit.com/meets/251381-utah-state-aggie-invitational-2016/results/462318/formatted/,,no_tables,0,katie_fallback,0.55
462316,https://ut.milesplit.com/meets/251381-utah-state-aggie-invitational-2016/results/462316/formatted/,1,individual,126,katie_fallback,0.9
462316,https://ut.milesplit.com/meets/251381-utah-state-aggie-invitational-2016/results/462316/formatted/,2,team,10,katie_fallback,0.9
462288,https://ut.milesplit.com/meets/251381-utah-state-aggie-invitational-2016/results/462288/formatted/,1,individual,148,katie_fallback,0.9
462288,https://ut.milesplit.com/meets/251381-utah-state-aggie-invitational-2016/results/462288/formatted/,2,team,21,katie_fallback,0.9
462285,https://ut.milesplit.com/meets/251381-utah-state-aggie-invitational-2016/results/462285/formatted/,1,individual,135,katie_fallback,0.9
462285,https://ut.milesplit.com/meets/251381-utah-state-aggie-invitational-2016/results/462285/formatted/,2,team,20,katie_fallback,0.9
483185,https://ut.milesplit.com/meets/242968-utah-state-xc-championship-2016/results/483185/formatted/,1,individual,74,katie_fallback,0.9
483185,https://ut.milesplit.com/meets/242968-utah-state-xc-championship-2016/results/483185/formatted/,2,team,8,katie_fallback,0.9
483161,https://ut.milesplit.com/meets/242968-utah-state-xc-championship-2016/results/483161/formatted/,1,individual,61,katie_fallback,0.9
483161,https://ut.milesplit.com/meets/242968-utah-state-xc-championship-2016/results/483161/formatted/,2,team,6,katie_fallback,0.9
483186,https://ut.milesplit.com/meets/242968-utah-state-xc-championship-2016/results/483186/formatted/,1,individual,93,katie_fallback,0.9
483186,https://ut.milesplit.com/meets/242968-utah-state-xc-championship-2016/results/483186/formatted/,2,team,12,katie_fallback,0.9
483169,https://ut.milesplit.com/meets/242968-utah-state-xc-championship-2016/results/483169/formatted/,1,individual,84,katie_fallback,0.9
483169,https://ut.milesplit.com/meets/242968-utah-state-xc-championship-2016/results/483169/formatted/,2,team,11,katie_fallback,0.9
483202,https://ut.milesplit.com/meets/242968-utah-state-xc-championship-2016/results/483202/formatted/,1,individual,124,katie_fallback,0.9
483202,https://ut.milesplit.com/meets/242968-utah-state-xc-championship-2016/results/483202/formatted/,2,team,16,katie_fallback,0.9
483190,https://ut.milesplit.com/meets/242968-utah-state-xc-championship-2016/results/483190/formatted/,1,individual,121,katie_fallback,0.9
483190,https://ut.milesplit.com/meets/242968-utah-state-xc-championship-2016/results/483190/formatted/,2,team,16,katie_fallback,0.9
483219,https://ut.milesplit.com/meets/242968-utah-state-xc-championship-2016/results/483219/formatted/,1,individual,124,katie_fallback,0.9
483219,https://ut.milesplit.com/meets/242968-utah-state-xc-championship-2016/results/483219/formatted/,2,team,16,katie_fallback,0.9
483197,https://ut.milesplit.com/meets/242968-utah-state-xc-championship-2016/results/483197/formatted/,1,individual,123,katie_fallback,0.9
483197,https://ut.milesplit.com/meets/242968-utah-state-xc-championship-2016/results/483197/formatted/,2,team,16,katie_fallback,0.9
483230,https://ut.milesplit.com/meets/242968-utah-state-xc-championship-2016/results/483230/formatted/,1,individual,124,katie_fallback,0.9
483230,https://ut.milesplit.com/meets/242968-utah-state-xc-championship-2016/results/483230/formatted/,2,team,16,katie_fallback,0.9
483200,https://ut.milesplit.com/meets/242968-utah-state-xc-championship-2016/results/483200/formatted/,1,individual,121,katie_fallback,0.9
483200,https://ut.milesplit.com/meets/242968-utah-state-xc-championship-2016/results/483200/formatted/,2,team,16,katie_fallback,0.9
481639,https://ut.milesplit.com/meets/254386-utah-region-16-championship-2016/results/481639/formatted/,1,individual,40,katie_fallback,0.9
481639,https://ut.milesplit.com/meets/254386-utah-region-16-championship-2016/results/481639/formatted/,2,team,4,katie_fallback,0.9
481639,https://ut.milesplit.com/meets/254386-utah-region-16-championship-2016/results/481639/formatted/,3,individual,5,katie_fallback,0.9
481639,https://ut.milesplit.com/meets/254386-utah-region-16-championship-2016/results/481639/formatted/,4,team,1,katie_fallback,0.9
481635,https://ut.milesplit.com/meets/254386-utah-region-16-championship-2016/results/481635/formatted/,1,individual,39,katie_fallback,0.9
481635,https://ut.milesplit.com/meets/254386-utah-region-16-championship-2016/results/481635/formatted/,2,team,5,katie_fallback,0.9
481635,https://ut.milesplit.com/meets/254386-utah-region-16-championship-2016/results/481635/formatted/,3,individual,35,katie_fallback,0.9
481635,https://ut.milesplit.com/meets/254386-utah-region-16-championship-2016/results/481635/formatted/,4,team,6,katie_fallback,0.9
480365,https://ut.milesplit.com/meets/254384-utah-region-10-championships-2016/results/480365/formatted/,1,individual,116,katie_fallback,0.9
480365,https://ut.milesplit.com/meets/254384-utah-region-10-championships-2016/results/480365/formatted/,2,team,5,katie_fallback,0.9
480365,https://ut.milesplit.com/meets/254384-utah-region-10-championships-2016/results/480365/formatted/,3,individual,64,katie_fallback,0.9
480365,https://ut.milesplit.com/meets/254384-utah-region-10-championships-2016/results/480365/formatted/,4,team,4,katie_fallback,0.9
480364,https://ut.milesplit.com/meets/254384-utah-region-10-championships-2016/results/480364/formatted/,1,individual,35,katie_fallback,0.9
480364,https://ut.milesplit.com/meets/254384-utah-region-10-championships-2016/results/480364/formatted/,2,team,5,katie_fallback,0.9
480364,https://ut.milesplit.com/meets/254384-utah-region-10-championships-2016/results/480364/formatted/,3,individual,31,katie_fallback,0.9
480364,https://ut.milesplit.com/meets/254384-utah-region-10-championships-2016/results/480364/formatted/,4,team,4,katie_fallback,0.9
479658,https://ut.milesplit.com/meets/254385-utah-region-11-championship-2016/results/479658/formatted/,1,individual,112,katie_fallback,0.9
479658,https://ut.milesplit.com/meets/254385-utah-region-11-championship-2016/results/479658/formatted/,2,team,6,katie_fallback,0.9
479659,https://ut.milesplit.com/meets/254385-utah-region-11-championship-2016/results/479659/formatted/,1,individual,54,katie_fallback,0.9
479659,https://ut.milesplit.com/meets/254385-utah-region-11-championship-2016/results/479659/formatted/,2,team,4,katie_fallback,0.9
479657,https://ut.milesplit.com/meets/254385-utah-region-11-championship-2016/results/479657/formatted/,1,individual,38,katie_fallback,0.9
479657,https://ut.milesplit.com/meets/254385-utah-region-11-championship-2016/results/479657/formatted/,2,team,6,katie_fallback,0.9
479662,https://ut.milesplit.com/meets/254383-utah-region-9-championships-2016/results/479662/formatted/,1,individual,162,katie_fallback,0.9
479662,https://ut.milesplit.com/meets/254383-utah-region-9-championships-2016/results/479662/formatted/,2,team,6,katie_fallback,0.9
479663,https://ut.milesplit.com/meets/254383-utah-region-9-championships-2016/results/479663/formatted/,1,individual,97,katie_fallback,0.9
479663,https://ut.milesplit.com/meets/254383-utah-region-9-championships-2016/results/479663/formatted/,2,team,5,katie_fallback,0.9
479660,https://ut.milesplit.com/meets/254383-utah-region-9-championships-2016/results/479660/formatted/,1,individual,42,katie_fallback,0.9
479660,https://ut.milesplit.com/meets/254383-utah-region-9-championships-2016/results/479660/formatted/,2,team,6,katie_fallback,0.9
479661,https://ut.milesplit.com/meets/254383-utah-region-9-championships-2016/results/479661/formatted/,1,individual,35,katie_fallback,0.9
479661,https://ut.milesplit.com/meets/254383-utah-region-9-championships-2016/results/479661/formatted/,2,team,5,katie_fallback,0.9
479244,https://ut.milesplit.com/meets/254379-utah-region-3-championships-2016/results/479244/formatted/,1,individual,69,katie_fallback,0.9
479244,https://ut.milesplit.com/meets/254379-utah-region-3-championships-2016/results/479244/formatted/,2,team,5,katie_fallback,0.9
479242,https://ut.milesplit.com/meets/254379-utah-region-3-championships-2016/results/479242/formatted/,1,individual,60,katie_fallback,0.9
479242,https://ut.milesplit.com/meets/254379-utah-region-3-championships-2016/results/479242/formatted/,2,team,7,katie_fallback,0.9
479243,https://ut.milesplit.com/meets/254379-utah-region-3-championships-2016/results/479243/formatted/,1,individual,57,katie_fallback,0.9
479243,https://ut.milesplit.com/meets/254379-utah-region-3-championships-2016/results/479243/formatted/,2,team,7,katie_fallback,0.9
477899,https://co.milesplit.com/meets/248398-ancient-trails-invitational-2016/results/477899/formatted/,1,individual,100,katie_fallback,0.9
477899,https://co.milesplit.com/meets/248398-ancient-trails-invitational-2016/results/477899/formatted/,2,team,7,katie_fallback,0.9
477902,https://co.milesplit.com/meets/248398-ancient-trails-invitational-2016/results/477902/formatted/,1,individual,97,katie_fallback,0.9
477902,https://co.milesplit.com/meets/248398-ancient-trails-invitational-2016/results/477902/formatted/,2,team,7,katie_fallback,0.9
477895,https://co.milesplit.com/meets/248398-ancient-trails-invitational-2016/results/477895/formatted/,1,individual,57,katie_fallback,0.9
477895,https://co.milesplit.com/meets/248398-ancient-trails-invitational-2016/results/477895/formatted/,2,team,6,katie_fallback,0.9
477897,https://co.milesplit.com/meets/248398-ancient-trails-invitational-2016/results/477897/formatted/,1,individual,59,katie_fallback,0.9
477897,https://co.milesplit.com/meets/248398-ancient-trails-invitational-2016/results/477897/formatted/,2,team,7,katie_fallback,0.9
477553,https://ut.milesplit.com/meets/254292-region-5-championship-2016/results/477553/formatted/,1,individual,133,katie_fallback,0.9
477553,https://ut.milesplit.com/meets/254292-region-5-championship-2016/results/477553/formatted/,2,team,7,katie_fallback,0.9
477552,https://ut.milesplit.com/meets/254292-region-5-championship-2016/results/477552/formatted/,1,individual,69,katie_fallback,0.9
477552,https://ut.milesplit.com/meets/254292-region-5-championship-2016/results/477552/formatted/,2,team,7,katie_fallback,0.9
477555,https://ut.milesplit.com/meets/254292-region-5-championship-2016/results/477555/formatted/,1,individual,50,katie_fallback,0.9
477555,https://ut.milesplit.com/meets/254292-region-5-championship-2016/results/477555/formatted/,2,team,7,katie_fallback,0.9
477554,https://ut.milesplit.com/meets/254292-region-5-championship-2016/results/477554/formatted/,1,individual,46,katie_fallback,0.9
477554,https://ut.milesplit.com/meets/254292-region-5-championship-2016/results/477554/formatted/,2,team,6,katie_fallback,0.9
477564,https://ut.milesplit.com/meets/254005-region-6-championships-2016/results/477564/formatted/,1,individual,96,katie_fallback,0.9
477564,https://ut.milesplit.com/meets/254005-region-6-championships-2016/results/477564/formatted/,2,team,7,katie_fallback,0.9
477563,https://ut.milesplit.com/meets/254005-region-6-championships-2016/results/477563/formatted/,1,individual,68,katie_fallback,0.9
477563,https://ut.milesplit.com/meets/254005-region-6-championships-2016/results/477563/formatted/,2,team,6,katie_fallback,0.9
477566,https://ut.milesplit.com/meets/254005-region-6-championships-2016/results/477566/formatted/,1,individual,49,katie_fallback,0.9
477566,https://ut.milesplit.com/meets/254005-region-6-championships-2016/results/477566/formatted/,2,team,7,katie_fallback,0.9
477565,https://ut.milesplit.com/meets/254005-region-6-championships-2016/results/477565/formatted/,1,individual,47,katie_fallback,0.9
477565,https://ut.milesplit.com/meets/254005-region-6-championships-2016/results/477565/formatted/,2,team,7,katie_fallback,0.9
477570,https://ut.milesplit.com/meets/254004-region-7-championships-2016/results/477570/formatted/,1,individual,193,katie_fallback,0.9
477570,https://ut.milesplit.com/meets/254004-region-7-championships-2016/results/477570/formatted/,2,team,8,katie_fallback,0.9
477569,https://ut.milesplit.com/meets/254004-region-7-championships-2016/results/477569/formatted/,1,individual,134,katie_fallback,0.9
477569,https://ut.milesplit.com/meets/254004-region-7-championships-2016/results/477569/formatted/,2,team,7,katie_fallback,0.9
477572,https://ut.milesplit.com/meets/254004-region-7-championships-2016/results/477572/formatted/,1,individual,62,katie_fallback,0.9
477572,https://ut.milesplit.com/meets/254004-region-7-championships-2016/results/477572/formatted/,2,team,8,katie_fallback,0.9
477571,https://ut.milesplit.com/meets/254004-region-7-championships-2016/results/477571/formatted/,1,individual,61,katie_fallback,0.9
477571,https://ut.milesplit.com/meets/254004-region-7-championships-2016/results/477571/formatted/,2,team,8,katie_fallback,0.9
479239,https://ut.milesplit.com/meets/254006-region-8-championships-2016/results/479239/formatted/,1,individual,172,katie_fallback,0.9
479239,https://ut.milesplit.com/meets/254006-region-8-championships-2016/results/479239/formatted/,2,team,7,katie_fallback,0.9
479238,https://ut.milesplit.com/meets/254006-region-8-championships-2016/results/479238/formatted/,1,individual,84,katie_fallback,0.9
479238,https://ut.milesplit.com/meets/254006-region-8-championships-2016/results/479238/formatted/,2,team,6,katie_fallback,0.9
479236,https://ut.milesplit.com/meets/254006-region-8-championships-2016/results/479236/formatted/,1,individual,49,katie_fallback,0.9
479236,https://ut.milesplit.com/meets/254006-region-8-championships-2016/results/479236/formatted/,2,team,7,katie_fallback,0.9
479237,https://ut.milesplit.com/meets/254006-region-8-championships-2016/results/479237/formatted/,1,individual,48,katie_fallback,0.9
479237,https://ut.milesplit.com/meets/254006-region-8-championships-2016/results/479237/formatted/,2,team,7,katie_fallback,0.9
479231,https://ut.milesplit.com/meets/254295-utah-region-2-championship-2016/results/479231/formatted/,1,individual,156,katie_fallback,0.9
479231,https://ut.milesplit.com/meets/254295-utah-region-2-championship-2016/results/479231/formatted/,2,team,5,katie_fallback,0.9
479224,https://ut.milesplit.com/meets/254295-utah-region-2-championship-2016/results/479224/formatted/,1,individual,1,katie_fallback,0.9
479224,https://ut.milesplit.com/meets/254295-utah-region-2-championship-2016/results/479224/formatted/,2,individual,86,katie_fallback,0.9
479224,https://ut.milesplit.com/meets/254295-utah-region-2-championship-2016/results/479224/formatted/,3,team,5,katie_fallback,0.9
477568,https://ut.milesplit.com/meets/254295-utah-region-2-championship-2016/results/477568/formatted/,,cole,0,cole,0.95
477567,https://ut.milesplit.com/meets/254295-utah-region-2-championship-2016/results/477567/formatted/,,no_tables,0,katie_fallback,0.55
477557,https://ut.milesplit.com/meets/254293-utah-region-4-championships-2016/results/477557/formatted/,1,individual,166,katie_fallback,0.9
477557,https://ut.milesplit.com/meets/254293-utah-region-4-championships-2016/results/477557/formatted/,2,team,7,katie_fallback,0.9
477556,https://ut.milesplit.com/meets/254293-utah-region-4-championships-2016/results/477556/formatted/,1,individual,144,katie_fallback,0.9
477556,https://ut.milesplit.com/meets/254293-utah-region-4-championships-2016/results/477556/formatted/,2,team,6,katie_fallback,0.9
477559,https://ut.milesplit.com/meets/254293-utah-region-4-championships-2016/results/477559/formatted/,1,individual,49,katie_fallback,0.9
477559,https://ut.milesplit.com/meets/254293-utah-region-4-championships-2016/results/477559/formatted/,2,team,7,katie_fallback,0.9
477558,https://ut.milesplit.com/meets/254293-utah-region-4-championships-2016/results/477558/formatted/,1,individual,47,katie_fallback,0.9
477558,https://ut.milesplit.com/meets/254293-utah-region-4-championships-2016/results/477558/formatted/,2,team,7,katie_fallback,0.9
476951,https://ut.milesplit.com/meets/251598-john-thornton-invitational-2016/results/476951/formatted/,1,individual,43,katie_fallback,0.9
476951,https://ut.milesplit.com/meets/251598-john-thornton-invitational-2016/results/476951/formatted/,2,team,3,katie_fallback,0.9
476952,https://ut.milesplit.com/meets/251598-john-thornton-invitational-2016/results/476952/formatted/,1,individual,68,katie_fallback,0.9
476952,https://ut.milesplit.com/meets/251598-john-thornton-invitational-2016/results/476952/formatted/,2,team,7,katie_fallback,0.9
476953,https://ut.milesplit.com/meets/251598-john-thornton-invitational-2016/results/476953/formatted/,1,individual,56,katie_fallback,0.9
476953,https://ut.milesplit.com/meets/251598-john-thornton-invitational-2016/results/476953/formatted/,2,team,7,katie_fallback,0.9
474745,https://co.milesplit.com/meets/246516-chicken-creek-challenge-2016/results/474745/formatted/,1,individual,27,katie_fallback,0.9
474745,https://co.milesplit.com/meets/246516-chicken-creek-challenge-2016/results/474745/formatted/,2,team,1,katie_fallback,0.9
474746,https://co.milesplit.com/meets/246516-chicken-creek-challenge-2016/results/474746/formatted/,1,individual,21,katie_fallback,0.9
474746,https://co.milesplit.com/meets/246516-chicken-creek-challenge-2016/results/474746/formatted/,2,team,1,katie_fallback,0.9
474753,https://co.milesplit.com/meets/246516-chicken-creek-challenge-2016/results/474753/formatted/,1,individual,80,katie_fallback,0.9
474753,https://co.milesplit.com/meets/246516-chicken-creek-challenge-2016/results/474753/formatted/,2,team,9,katie_fallback,0.9
474761,https://co.milesplit.com/meets/246516-chicken-creek-challenge-2016/results/474761/formatted/,1,individual,112,katie_fallback,0.9
474761,https://co.milesplit.com/meets/246516-chicken-creek-challenge-2016/results/474761/formatted/,2,team,8,katie_fallback,0.9
474748,https://co.milesplit.com/meets/246516-chicken-creek-challenge-2016/results/474748/formatted/,1,individual,52,katie_fallback,0.9
474748,https://co.milesplit.com/meets/246516-chicken-creek-challenge-2016/results/474748/formatted/,2,team,7,katie_fallback,0.9
474749,https://co.milesplit.com/meets/246516-chicken-creek-challenge-2016/results/474749/formatted/,1,individual,38,katie_fallback,0.9
474749,https://co.milesplit.com/meets/246516-chicken-creek-challenge-2016/results/474749/formatted/,2,team,6,katie_fallback,0.9
490610,https://ky.milesplit.com/meets/256075-cross-country-coaches-national-youth-championships-2016/results/490610/formatted/,,cole,0,cole,0.8999999999999999
490608,https://ky.milesplit.com/meets/256075-cross-country-coaches-national-youth-championships-2016/results/490608/formatted/,1,individual,3,katie_fallback,0.75
490609,https://ky.milesplit.com/meets/256075-cross-country-coaches-national-youth-championships-2016/results/490609/formatted/,1,individual,14,katie_fallback,0.9
490609,https://ky.milesplit.com/meets/256075-cross-country-coaches-national-youth-championships-2016/results/490609/formatted/,2,team,1,katie_fallback,0.9
490605,https://ky.milesplit.com/meets/256075-cross-country-coaches-national-youth-championships-2016/results/490605/formatted/,,cole,0,cole,0.75
490604,https://ky.milesplit.com/meets/256075-cross-country-coaches-national-youth-championships-2016/results/490604/formatted/,1,individual,74,katie_fallback,0.9
490604,https://ky.milesplit.com/meets/256075-cross-country-coaches-national-youth-championships-2016/results/490604/formatted/,2,team,3,katie_fallback,0.9
490603,https://ky.milesplit.com/meets/256075-cross-country-coaches-national-youth-championships-2016/results/490603/formatted/,1,individual,48,katie_fallback,0.9
490603,https://ky.milesplit.com/meets/256075-cross-country-coaches-national-youth-championships-2016/results/490603/formatted/,2,team,4,katie_fallback,0.9
490606,https://ky.milesplit.com/meets/256075-cross-country-coaches-national-youth-championships-2016/results/490606/formatted/,,cole,0,cole,0.8999999999999999
490607,https://ky.milesplit.com/meets/256075-cross-country-coaches-national-youth-championships-2016/results/490607/formatted/,,cole,0,cole,0.8999999999999999
490601,https://ky.milesplit.com/meets/256075-cross-country-coaches-national-youth-championships-2016/results/490601/formatted/,,cole,0,cole,0.8999999999999999
490602,https://ky.milesplit.com/meets/256075-cross-country-coaches-national-youth-championships-2016/results/490602/formatted/,1,individual,8,katie_fallback,0.9
490602,https://ky.milesplit.com/meets/256075-cross-country-coaches-national-youth-championships-2016/results/490602/formatted/,2,team,1,katie_fallback,0.9
490598,https://ky.milesplit.com/meets/256075-cross-country-coaches-national-youth-championships-2016/results/490598/formatted/,,cole,0,cole,0.75
490596,https://ky.milesplit.com/meets/256075-cross-country-coaches-national-youth-championships-2016/results/490596/formatted/,1,individual,48,katie_fallback,0.9
490596,https://ky.milesplit.com/meets/256075-cross-country-coaches-national-youth-championships-2016/results/490596/formatted/,2,team,3,katie_fallback,0.9
490597,https://ky.milesplit.com/meets/256075-cross-country-coaches-national-youth-championships-2016/results/490597/formatted/,1,individual,37,katie_fallback,0.9
490597,https://ky.milesplit.com/meets/256075-cross-country-coaches-national-youth-championships-2016/results/490597/formatted/,2,team,3,katie_fallback,0.9
490599,https://ky.milesplit.com/meets/256075-cross-country-coaches-national-youth-championships-2016/results/490599/formatted/,,cole,0,cole,0.8999999999999999
490600,https://ky.milesplit.com/meets/256075-cross-country-coaches-national-youth-championships-2016/results/490600/formatted/,,cole,0,cole,0.8999999999999999
490050,https://www.milesplit.com/meets/227307-nike-cross-nationals-southwest-regional-2016/results/490050/formatted/,1,unknown_headers,0,adam_fallback,0.9
489954,https://www.milesplit.com/meets/227307-nike-cross-nationals-southwest-regional-2016/results/489954/formatted/,,cole,0,cole,0.8499999999999999
490056,https://www.milesplit.com/meets/227307-nike-cross-nationals-southwest-regional-2016/results/490056/formatted/,1,unknown_headers,0,adam_fallback,0.9
489956,https://www.milesplit.com/meets/227307-nike-cross-nationals-southwest-regional-2016/results/489956/formatted/,,cole,0,cole,0.8499999999999999
489957,https://www.milesplit.com/meets/227307-nike-cross-nationals-southwest-regional-2016/results/489957/formatted/,,cole,0,cole,0.8499999999999999
490057,https://www.milesplit.com/meets/227307-nike-cross-nationals-southwest-regional-2016/results/490057/formatted/,1,unknown_headers,0,adam_fallback,0.9
489958,https://www.milesplit.com/meets/227307-nike-cross-nationals-southwest-regional-2016/results/489958/formatted/,,cole,0,cole,0.8499999999999999
490059,https://www.milesplit.com/meets/227307-nike-cross-nationals-southwest-regional-2016/results/490059/formatted/,1,unknown_headers,0,adam_fallback,0.9
489928,https://www.milesplit.com/meets/227307-nike-cross-nationals-southwest-regional-2016/results/489928/formatted/,,no_tables,0,katie_fallback,0.6999999999999998
490053,https://www.milesplit.com/meets/227307-nike-cross-nationals-southwest-regional-2016/results/490053/formatted/,1,unknown_headers,0,adam_fallback,0.9
489955,https://www.milesplit.com/meets/227307-nike-cross-nationals-southwest-regional-2016/results/489955/formatted/,,cole,0,cole,0.8499999999999999
490055,https://www.milesplit.com/meets/227307-nike-cross-nationals-southwest-regional-2016/results/490055/formatted/,1,unknown_headers,0,adam_fallback,0.9
489959,https://www.milesplit.com/meets/227307-nike-cross-nationals-southwest-regional-2016/results/489959/formatted/,,cole,0,cole,0.8499999999999999
489960,https://www.milesplit.com/meets/227307-nike-cross-nationals-southwest-regional-2016/results/489960/formatted/,,cole,0,cole,0.8499999999999999
490058,https://www.milesplit.com/meets/227307-nike-cross-nationals-southwest-regional-2016/results/490058/formatted/,1,unknown_headers,0,adam_fallback,0.9
489961,https://www.milesplit.com/meets/227307-nike-cross-nationals-southwest-regional-2016/results/489961/formatted/,,cole,0,cole,0.8499999999999999
490060,https://www.milesplit.com/meets/227307-nike-cross-nationals-southwest-regional-2016/results/490060/formatted/,1,unknown_headers,0,adam_fallback,0.9
489637,https://tn.milesplit.com/meets/254813-naca-cross-country-championships-2016/results/489637/formatted/,,cole,0,cole,0.8999999999999999
489633,https://tn.milesplit.com/meets/254813-naca-cross-country-championships-2016/results/489633/formatted/,,cole,0,cole,0.8999999999999999
489631,https://tn.milesplit.com/meets/254813-naca-cross-country-championships-2016/results/489631/formatted/,,cole,0,cole,0.95
489652,https://tn.milesplit.com/meets/254813-naca-cross-country-championships-2016/results/489652/formatted/,1,individual,25,katie_fallback,0.9
489652,https://tn.milesplit.com/meets/254813-naca-cross-country-championships-2016/results/489652/formatted/,2,team,2,katie_fallback,0.9
489032,https://ut.milesplit.com/meets/256978-uhstca-pre-foot-locker-invitational-2016/results/489032/formatted/,,no_tables,0,katie_fallback,0.55
489031,https://ut.milesplit.com/meets/256978-uhstca-pre-foot-locker-invitational-2016/results/489031/formatted/,1,individual,159,katie_fallback,0.9
489031,https://ut.milesplit.com/meets/256978-uhstca-pre-foot-locker-invitational-2016/results/489031/formatted/,2,team,11,katie_fallback,0.9
536525,https://ut.milesplit.com/meets/290125-pre-region-4-meet-2017/results/536525/formatted/,1,individual,153,katie_fallback,0.9
536525,https://ut.milesplit.com/meets/290125-pre-region-4-meet-2017/results/536525/formatted/,2,team,5,katie_fallback,0.9
536526,https://ut.milesplit.com/meets/290125-pre-region-4-meet-2017/results/536526/formatted/,,no_tables,0,katie_fallback,0.55
535236,https://ut.milesplit.com/meets/288484-pre-region-8-meet-2017/results/535236/formatted/,,cole,0,cole,0.95
537383,https://ut.milesplit.com/meets/288484-pre-region-8-meet-2017/results/537383/formatted/,1,individual,73,katie_fallback,0.9
537383,https://ut.milesplit.com/meets/288484-pre-region-8-meet-2017/results/537383/formatted/,2,team,6,katie_fallback,0.9
537382,https://ut.milesplit.com/meets/288484-pre-region-8-meet-2017/results/537382/formatted/,1,individual,59,katie_fallback,0.9
537382,https://ut.milesplit.com/meets/288484-pre-region-8-meet-2017/results/537382/formatted/,2,team,6,katie_fallback,0.9
537381,https://ut.milesplit.com/meets/288484-pre-region-8-meet-2017/results/537381/formatted/,1,individual,122,katie_fallback,0.9
537381,https://ut.milesplit.com/meets/288484-pre-region-8-meet-2017/results/537381/formatted/,2,team,6,katie_fallback,0.9
537385,https://ut.milesplit.com/meets/288484-pre-region-8-meet-2017/results/537385/formatted/,1,individual,61,katie_fallback,0.9
537385,https://ut.milesplit.com/meets/288484-pre-region-8-meet-2017/results/537385/formatted/,2,team,5,katie_fallback,0.9
534858,https://ut.milesplit.com/meets/289672-suu-high-school-invite-2017/results/534858/formatted/,1,individual,202,katie_fallback,0.9
534858,https://ut.milesplit.com/meets/289672-suu-high-school-invite-2017/results/534858/formatted/,2,team,10,katie_fallback,0.9
534859,https://ut.milesplit.com/meets/289672-suu-high-school-invite-2017/results/534859/formatted/,1,individual,161,katie_fallback,0.9
534859,https://ut.milesplit.com/meets/289672-suu-high-school-invite-2017/results/534859/formatted/,2,team,9,katie_fallback,0.9
534854,https://ut.milesplit.com/meets/289672-suu-high-school-invite-2017/results/534854/formatted/,1,individual,62,katie_fallback,0.9
534854,https://ut.milesplit.com/meets/289672-suu-high-school-invite-2017/results/534854/formatted/,2,team,9,katie_fallback,0.9
534857,https://ut.milesplit.com/meets/289672-suu-high-school-invite-2017/results/534857/formatted/,1,individual,47,katie_fallback,0.9
534857,https://ut.milesplit.com/meets/289672-suu-high-school-invite-2017/results/534857/formatted/,2,team,6,katie_fallback,0.9
534788,https://ut.milesplit.com/meets/287843-westlake-grass-relays-2017/results/534788/formatted/,,cole,0,cole,0.8499999999999999
534787,https://ut.milesplit.com/meets/287843-westlake-grass-relays-2017/results/534787/formatted/,,cole,0,cole,0.8499999999999999
534278,https://ut.milesplit.com/meets/288612-payson-night-hunt-2017/results/534278/formatted/,1,individual,134,katie_fallback,0.9
534278,https://ut.milesplit.com/meets/288612-payson-night-hunt-2017/results/534278/formatted/,2,team,8,katie_fallback,0.9
534278,https://ut.milesplit.com/meets/288612-payson-night-hunt-2017/results/534278/formatted/,3,individual,107,katie_fallback,0.9
534278,https://ut.milesplit.com/meets/288612-payson-night-hunt-2017/results/534278/formatted/,4,team,4,katie_fallback,0.9
534277,https://ut.milesplit.com/meets/288612-payson-night-hunt-2017/results/534277/formatted/,1,individual,50,katie_fallback,0.9
534277,https://ut.milesplit.com/meets/288612-payson-night-hunt-2017/results/534277/formatted/,2,team,7,katie_fallback,0.9
534277,https://ut.milesplit.com/meets/288612-payson-night-hunt-2017/results/534277/formatted/,3,individual,49,katie_fallback,0.9
534277,https://ut.milesplit.com/meets/288612-payson-night-hunt-2017/results/534277/formatted/,4,team,6,katie_fallback,0.9
534282,https://ut.milesplit.com/meets/289632-the-chase-2017/results/534282/formatted/,,cole,0,cole,0.8499999999999999
534281,https://ut.milesplit.com/meets/289632-the-chase-2017/results/534281/formatted/,,cole,0,cole,0.8499999999999999
534279,https://ut.milesplit.com/meets/289632-the-chase-2017/results/534279/formatted/,,cole,0,cole,0.8499999999999999
534280,https://ut.milesplit.com/meets/289632-the-chase-2017/results/534280/formatted/,,cole,0,cole,0.8499999999999999
534169,https://ut.milesplit.com/meets/288494-pre-region-10-meet-2017/results/534169/formatted/,1,individual,79,katie_fallback,0.9
534169,https://ut.milesplit.com/meets/288494-pre-region-10-meet-2017/results/534169/formatted/,2,team,7,katie_fallback,0.9
534169,https://ut.milesplit.com/meets/288494-pre-region-10-meet-2017/results/534169/formatted/,3,individual,43,katie_fallback,0.9
534169,https://ut.milesplit.com/meets/288494-pre-region-10-meet-2017/results/534169/formatted/,4,team,5,katie_fallback,0.9
534168,https://ut.milesplit.com/meets/288494-pre-region-10-meet-2017/results/534168/formatted/,1,individual,89,katie_fallback,0.9
534168,https://ut.milesplit.com/meets/288494-pre-region-10-meet-2017/results/534168/formatted/,2,team,7,katie_fallback,0.9
534168,https://ut.milesplit.com/meets/288494-pre-region-10-meet-2017/results/534168/formatted/,3,individual,59,katie_fallback,0.9
534168,https://ut.milesplit.com/meets/288494-pre-region-10-meet-2017/results/534168/formatted/,4,team,6,katie_fallback,0.9
533417,https://ut.milesplit.com/meets/287840-highland-xc-invitational-2017/results/533417/formatted/,1,individual,214,katie_fallback,0.9
533417,https://ut.milesplit.com/meets/287840-highland-xc-invitational-2017/results/533417/formatted/,2,team,20,katie_fallback,0.9
533418,https://ut.milesplit.com/meets/287840-highland-xc-invitational-2017/results/533418/formatted/,1,individual,144,katie_fallback,0.9
533418,https://ut.milesplit.com/meets/287840-highland-xc-invitational-2017/results/533418/formatted/,2,team,9,katie_fallback,0.9
533421,https://ut.milesplit.com/meets/287840-highland-xc-invitational-2017/results/533421/formatted/,1,individual,437,katie_fallback,0.9
533421,https://ut.milesplit.com/meets/287840-highland-xc-invitational-2017/results/533421/formatted/,2,team,38,katie_fallback,0.9
533422,https://ut.milesplit.com/meets/287840-highland-xc-invitational-2017/results/533422/formatted/,1,individual,294,katie_fallback,0.9
533422,https://ut.milesplit.com/meets/287840-highland-xc-invitational-2017/results/533422/formatted/,2,team,31,katie_fallback,0.9
533419,https://ut.milesplit.com/meets/287840-highland-xc-invitational-2017/results/533419/formatted/,1,individual,292,katie_fallback,0.9
533419,https://ut.milesplit.com/meets/287840-highland-xc-invitational-2017/results/533419/formatted/,2,team,32,katie_fallback,0.9
533420,https://ut.milesplit.com/meets/287840-highland-xc-invitational-2017/results/533420/formatted/,1,individual,166,katie_fallback,0.9
533420,https://ut.milesplit.com/meets/287840-highland-xc-invitational-2017/results/533420/formatted/,2,team,16,katie_fallback,0.9
533423,https://ut.milesplit.com/meets/287840-highland-xc-invitational-2017/results/533423/formatted/,1,individual,244,katie_fallback,0.9
533423,https://ut.milesplit.com/meets/287840-highland-xc-invitational-2017/results/533423/formatted/,2,team,32,katie_fallback,0.9
533424,https://ut.milesplit.com/meets/287840-highland-xc-invitational-2017/results/533424/formatted/,1,individual,227,katie_fallback,0.9
533424,https://ut.milesplit.com/meets/287840-highland-xc-invitational-2017/results/533424/formatted/,2,team,30,katie_fallback,0.9
546453,https://co.milesplit.com/meets/285850-chicken-creek-challenge-2017/results/546453/formatted/,1,individual,20,katie_fallback,0.9
546453,https://co.milesplit.com/meets/285850-chicken-creek-challenge-2017/results/546453/formatted/,2,team,1,katie_fallback,0.9
546455,https://co.milesplit.com/meets/285850-chicken-creek-challenge-2017/results/546455/formatted/,1,individual,13,katie_fallback,0.75
546452,https://co.milesplit.com/meets/285850-chicken-creek-challenge-2017/results/546452/formatted/,1,individual,29,katie_fallback,0.9
546452,https://co.milesplit.com/meets/285850-chicken-creek-challenge-2017/results/546452/formatted/,2,team,4,katie_fallback,0.9
546450,https://co.milesplit.com/meets/285850-chicken-creek-challenge-2017/results/546450/formatted/,1,individual,23,katie_fallback,0.9
546450,https://co.milesplit.com/meets/285850-chicken-creek-challenge-2017/results/546450/formatted/,2,team,3,katie_fallback,0.9
546096,https://ut.milesplit.com/meets/285629-cedar-xc-invitational-2017/results/546096/formatted/,1,individual,229,katie_fallback,0.9
546096,https://ut.milesplit.com/meets/285629-cedar-xc-invitational-2017/results/546096/formatted/,2,team,13,katie_fallback,0.9
546096,https://ut.milesplit.com/meets/285629-cedar-xc-invitational-2017/results/546096/formatted/,3,individual,165,katie_fallback,0.9
546096,https://ut.milesplit.com/meets/285629-cedar-xc-invitational-2017/results/546096/formatted/,4,team,13,katie_fallback,0.9
546095,https://ut.milesplit.com/meets/285629-cedar-xc-invitational-2017/results/546095/formatted/,1,individual,103,katie_fallback,0.9
546095,https://ut.milesplit.com/meets/285629-cedar-xc-invitational-2017/results/546095/formatted/,2,team,11,katie_fallback,0.9
546095,https://ut.milesplit.com/meets/285629-cedar-xc-invitational-2017/results/546095/formatted/,3,individual,106,katie_fallback,0.9
546095,https://ut.milesplit.com/meets/285629-cedar-xc-invitational-2017/results/546095/formatted/,4,team,12,katie_fallback,0.9
545853,https://az.milesplit.com/meets/284231-desert-twilight-xc-festival-2017/results/545853/formatted/,1,individual,213,katie_fallback,0.9
545853,https://az.milesplit.com/meets/284231-desert-twilight-xc-festival-2017/results/545853/formatted/,2,team,32,katie_fallback,0.9
545853,https://az.milesplit.com/meets/284231-desert-twilight-xc-festival-2017/results/545853/formatted/,3,individual,200,katie_fallback,0.9
545853,https://az.milesplit.com/meets/284231-desert-twilight-xc-festival-2017/results/545853/formatted/,4,team,28,katie_fallback,0.9
546162,https://az.milesplit.com/meets/284231-desert-twilight-xc-festival-2017/results/546162/formatted/,,no_tables,0,katie_fallback,0.6999999999999998
546083,https://az.milesplit.com/meets/284231-desert-twilight-xc-festival-2017/results/546083/formatted/,1,individual,307,katie_fallback,0.9
546083,https://az.milesplit.com/meets/284231-desert-twilight-xc-festival-2017/results/546083/formatted/,2,team,25,katie_fallback,0.9
546083,https://az.milesplit.com/meets/284231-desert-twilight-xc-festival-2017/results/546083/formatted/,3,individual,164,katie_fallback,0.9
546083,https://az.milesplit.com/meets/284231-desert-twilight-xc-festival-2017/results/546083/formatted/,4,team,11,katie_fallback,0.9
546058,https://az.milesplit.com/meets/284231-desert-twilight-xc-festival-2017/results/546058/formatted/,1,individual,1,katie_fallback,0.75
546090,https://az.milesplit.com/meets/284231-desert-twilight-xc-festival-2017/results/546090/formatted/,,cole,0,cole,0.8499999999999999
546129,https://az.milesplit.com/meets/284231-desert-twilight-xc-festival-2017/results/546129/formatted/,1,individual,799,katie_fallback,0.9
546129,https://az.milesplit.com/meets/284231-desert-twilight-xc-festival-2017/results/546129/formatted/,2,team,65,katie_fallback,0.9
546129,https://az.milesplit.com/meets/284231-desert-twilight-xc-festival-2017/results/546129/formatted/,3,individual,481,katie_fallback,0.9
546129,https://az.milesplit.com/meets/284231-desert-twilight-xc-festival-2017/results/546129/formatted/,4,team,43,katie_fallback,0.9
546097,https://az.milesplit.com/meets/284231-desert-twilight-xc-festival-2017/results/546097/formatted/,,cole,0,cole,0.8499999999999999
545852,https://az.milesplit.com/meets/284231-desert-twilight-xc-festival-2017/results/545852/formatted/,1,individual,232,katie_fallback,0.9
545852,https://az.milesplit.com/meets/284231-desert-twilight-xc-festival-2017/results/545852/formatted/,2,team,32,katie_fallback,0.9
545852,https://az.milesplit.com/meets/284231-desert-twilight-xc-festival-2017/results/545852/formatted/,3,individual,195,katie_fallback,0.9
545852,https://az.milesplit.com/meets/284231-desert-twilight-xc-festival-2017/results/545852/formatted/,4,team,28,katie_fallback,0.9
546156,https://az.milesplit.com/meets/284231-desert-twilight-xc-festival-2017/results/546156/formatted/,,cole,0,cole,0.8499999999999999
546143,https://az.milesplit.com/meets/284231-desert-twilight-xc-festival-2017/results/546143/formatted/,1,individual,376,katie_fallback,0.9
546143,https://az.milesplit.com/meets/284231-desert-twilight-xc-festival-2017/results/546143/formatted/,2,team,54,katie_fallback,0.9
546143,https://az.milesplit.com/meets/284231-desert-twilight-xc-festival-2017/results/546143/formatted/,3,individual,273,katie_fallback,0.9
546143,https://az.milesplit.com/meets/284231-desert-twilight-xc-festival-2017/results/546143/formatted/,4,team,36,katie_fallback,0.9
547305,https://ut.milesplit.com/meets/285636-park-city-xc-invitational-2017/results/547305/formatted/,,cole,0,cole,0.8499999999999999
547300,https://ut.milesplit.com/meets/285636-park-city-xc-invitational-2017/results/547300/formatted/,,no_tables,0,katie_fallback,0.55
547249,https://ut.milesplit.com/meets/285636-park-city-xc-invitational-2017/results/547249/formatted/,,no_tables,0,katie_fallback,0.55
547248,https://ut.milesplit.com/meets/285636-park-city-xc-invitational-2017/results/547248/formatted/,,no_tables,0,katie_fallback,0.55
547113,https://ut.milesplit.com/meets/289422-red-devil-invitational-2017/results/547113/formatted/,1,individual,135,katie_fallback,0.9
547113,https://ut.milesplit.com/meets/289422-red-devil-invitational-2017/results/547113/formatted/,2,team,6,katie_fallback,0.9
547113,https://ut.milesplit.com/meets/289422-red-devil-invitational-2017/results/547113/formatted/,3,individual,95,katie_fallback,0.9
547113,https://ut.milesplit.com/meets/289422-red-devil-invitational-2017/results/547113/formatted/,4,team,5,katie_fallback,0.9
547112,https://ut.milesplit.com/meets/289422-red-devil-invitational-2017/results/547112/formatted/,1,individual,48,katie_fallback,0.9
547112,https://ut.milesplit.com/meets/289422-red-devil-invitational-2017/results/547112/formatted/,2,team,6,katie_fallback,0.9
547112,https://ut.milesplit.com/meets/289422-red-devil-invitational-2017/results/547112/formatted/,3,individual,1,katie_fallback,0.9
547112,https://ut.milesplit.com/meets/289422-red-devil-invitational-2017/results/547112/formatted/,4,individual,54,katie_fallback,0.9
547112,https://ut.milesplit.com/meets/289422-red-devil-invitational-2017/results/547112/formatted/,5,team,7,katie_fallback,0.9
545385,https://ut.milesplit.com/meets/292395-cache-box-invitational-2017/results/545385/formatted/,1,individual,191,katie_fallback,0.9
545385,https://ut.milesplit.com/meets/292395-cache-box-invitational-2017/results/545385/formatted/,2,team,9,katie_fallback,0.9
545385,https://ut.milesplit.com/meets/292395-cache-box-invitational-2017/results/545385/formatted/,3,individual,124,katie_fallback,0.9
545385,https://ut.milesplit.com/meets/292395-cache-box-invitational-2017/results/545385/formatted/,4,team,6,katie_fallback,0.9
545384,https://ut.milesplit.com/meets/292395-cache-box-invitational-2017/results/545384/formatted/,1,individual,1,katie_fallback,0.9
545384,https://ut.milesplit.com/meets/292395-cache-box-invitational-2017/results/545384/formatted/,2,individual,57,katie_fallback,0.9
545384,https://ut.milesplit.com/meets/292395-cache-box-invitational-2017/results/545384/formatted/,3,team,9,katie_fallback,0.9
545384,https://ut.milesplit.com/meets/292395-cache-box-invitational-2017/results/545384/formatted/,4,individual,62,katie_fallback,0.9
545384,https://ut.milesplit.com/meets/292395-cache-box-invitational-2017/results/545384/formatted/,5,team,7,katie_fallback,0.9
545383,https://ut.milesplit.com/meets/287861-sanpete-cross-country-classic-2017/results/545383/formatted/,1,individual,200,katie_fallback,0.9
545383,https://ut.milesplit.com/meets/287861-sanpete-cross-country-classic-2017/results/545383/formatted/,2,team,13,katie_fallback,0.9
545383,https://ut.milesplit.com/meets/287861-sanpete-cross-country-classic-2017/results/545383/formatted/,3,individual,87,katie_fallback,0.9
545383,https://ut.milesplit.com/meets/287861-sanpete-cross-country-classic-2017/results/545383/formatted/,4,team,6,katie_fallback,0.9
545382,https://ut.milesplit.com/meets/287861-sanpete-cross-country-classic-2017/results/545382/formatted/,1,individual,101,katie_fallback,0.9
545382,https://ut.milesplit.com/meets/287861-sanpete-cross-country-classic-2017/results/545382/formatted/,2,team,15,katie_fallback,0.9
545382,https://ut.milesplit.com/meets/287861-sanpete-cross-country-classic-2017/results/545382/formatted/,3,individual,72,katie_fallback,0.9
545382,https://ut.milesplit.com/meets/287861-sanpete-cross-country-classic-2017/results/545382/formatted/,4,team,9,katie_fallback,0.9
544126,https://www.milesplit.com/meets/284032-bob-firman-invitational-2017/results/544126/formatted/,1,individual,1,katie_fallback,0.9
544126,https://www.milesplit.com/meets/284032-bob-firman-invitational-2017/results/544126/formatted/,2,individual,208,katie_fallback,0.9
544126,https://www.milesplit.com/meets/284032-bob-firman-invitational-2017/results/544126/formatted/,3,team,27,katie_fallback,0.9
544126,https://www.milesplit.com/meets/284032-bob-firman-invitational-2017/results/544126/formatted/,4,individual,167,katie_fallback,0.9
544126,https://www.milesplit.com/meets/284032-bob-firman-invitational-2017/results/544126/formatted/,5,team,23,katie_fallback,0.9
544224,https://www.milesplit.com/meets/284032-bob-firman-invitational-2017/results/544224/formatted/,1,individual,261,katie_fallback,0.9
544224,https://www.milesplit.com/meets/284032-bob-firman-invitational-2017/results/544224/formatted/,2,team,23,katie_fallback,0.9
544224,https://www.milesplit.com/meets/284032-bob-firman-invitational-2017/results/544224/formatted/,3,individual,129,katie_fallback,0.9
544224,https://www.milesplit.com/meets/284032-bob-firman-invitational-2017/results/544224/formatted/,4,team,8,katie_fallback,0.9
544229,https://www.milesplit.com/meets/284032-bob-firman-invitational-2017/results/544229/formatted/,1,individual,338,katie_fallback,0.9
544229,https://www.milesplit.com/meets/284032-bob-firman-invitational-2017/results/544229/formatted/,2,team,23,katie_fallback,0.9
544229,https://www.milesplit.com/meets/284032-bob-firman-invitational-2017/results/544229/formatted/,3,individual,216,katie_fallback,0.9
544229,https://www.milesplit.com/meets/284032-bob-firman-invitational-2017/results/544229/formatted/,4,team,15,katie_fallback,0.9
544231,https://www.milesplit.com/meets/284032-bob-firman-invitational-2017/results/544231/formatted/,1,individual,1,katie_fallback,0.9
544231,https://www.milesplit.com/meets/284032-bob-firman-invitational-2017/results/544231/formatted/,2,individual,428,katie_fallback,0.9
544231,https://www.milesplit.com/meets/284032-bob-firman-invitational-2017/results/544231/formatted/,3,team,32,katie_fallback,0.9
544231,https://www.milesplit.com/meets/284032-bob-firman-invitational-2017/results/544231/formatted/,4,individual,291,katie_fallback,0.9
544231,https://www.milesplit.com/meets/284032-bob-firman-invitational-2017/results/544231/formatted/,5,team,26,katie_fallback,0.9
544227,https://www.milesplit.com/meets/284032-bob-firman-invitational-2017/results/544227/formatted/,1,individual,277,katie_fallback,0.9
544227,https://www.milesplit.com/meets/284032-bob-firman-invitational-2017/results/544227/formatted/,2,team,24,katie_fallback,0.9
544227,https://www.milesplit.com/meets/284032-bob-firman-invitational-2017/results/544227/formatted/,3,individual,245,katie_fallback,0.9
544227,https://www.milesplit.com/meets/284032-bob-firman-invitational-2017/results/544227/formatted/,4,team,21,katie_fallback,0.9
544228,https://www.milesplit.com/meets/284032-bob-firman-invitational-2017/results/544228/formatted/,1,individual,101,katie_fallback,0.75
544228,https://www.milesplit.com/meets/284032-bob-firman-invitational-2017/results/544228/formatted/,2,individual,88,katie_fallback,0.75
544225,https://www.milesplit.com/meets/284032-bob-firman-invitational-2017/results/544225/formatted/,1,individual,1,katie_fallback,0.9
544225,https://www.milesplit.com/meets/284032-bob-firman-invitational-2017/results/544225/formatted/,2,individual,338,katie_fallback,0.9
544225,https://www.milesplit.com/meets/284032-bob-firman-invitational-2017/results/544225/formatted/,3,team,44,katie_fallback,0.9
544225,https://www.milesplit.com/meets/284032-bob-firman-invitational-2017/results/544225/formatted/,4,individual,245,katie_fallback,0.9
544225,https://www.milesplit.com/meets/284032-bob-firman-invitational-2017/results/544225/formatted/,5,team,31,katie_fallback,0.9
543654,https://co.milesplit.com/meets/286166-pagosa-springs-cross-country-challenge-2017/results/543654/formatted/,1,individual,72,katie_fallback,0.9
543654,https://co.milesplit.com/meets/286166-pagosa-springs-cross-country-challenge-2017/results/543654/formatted/,2,team,7,katie_fallback,0.9
543653,https://co.milesplit.com/meets/286166-pagosa-springs-cross-country-challenge-2017/results/543653/formatted/,1,individual,59,katie_fallback,0.9
543653,https://co.milesplit.com/meets/286166-pagosa-springs-cross-country-challenge-2017/results/543653/formatted/,2,team,5,katie_fallback,0.9
543649,https://co.milesplit.com/meets/286166-pagosa-springs-cross-country-challenge-2017/results/543649/formatted/,1,individual,50,katie_fallback,0.9
543649,https://co.milesplit.com/meets/286166-pagosa-springs-cross-country-challenge-2017/results/543649/formatted/,2,team,4,katie_fallback,0.9
543652,https://co.milesplit.com/meets/286166-pagosa-springs-cross-country-challenge-2017/results/543652/formatted/,1,individual,84,katie_fallback,0.9
543652,https://co.milesplit.com/meets/286166-pagosa-springs-cross-country-challenge-2017/results/543652/formatted/,2,team,6,katie_fallback,0.9
544175,https://ut.milesplit.com/meets/285314-wasatch-rendezvous-2017/results/544175/formatted/,1,individual,84,katie_fallback,0.9
544175,https://ut.milesplit.com/meets/285314-wasatch-rendezvous-2017/results/544175/formatted/,2,team,7,katie_fallback,0.9
544175,https://ut.milesplit.com/meets/285314-wasatch-rendezvous-2017/results/544175/formatted/,3,individual,63,katie_fallback,0.9
544175,https://ut.milesplit.com/meets/285314-wasatch-rendezvous-2017/results/544175/formatted/,4,team,3,katie_fallback,0.9
544174,https://ut.milesplit.com/meets/285314-wasatch-rendezvous-2017/results/544174/formatted/,1,individual,1,katie_fallback,0.9
544174,https://ut.milesplit.com/meets/285314-wasatch-rendezvous-2017/results/544174/formatted/,2,individual,29,katie_fallback,0.9
544174,https://ut.milesplit.com/meets/285314-wasatch-rendezvous-2017/results/544174/formatted/,3,team,4,katie_fallback,0.9
544174,https://ut.milesplit.com/meets/285314-wasatch-rendezvous-2017/results/544174/formatted/,4,individual,32,katie_fallback,0.9
544174,https://ut.milesplit.com/meets/285314-wasatch-rendezvous-2017/results/544174/formatted/,5,team,4,katie_fallback,0.9
542962,https://ut.milesplit.com/meets/285247-nebo-xc-invitational-2017/results/542962/formatted/,1,individual,220,katie_fallback,0.9
542962,https://ut.milesplit.com/meets/285247-nebo-xc-invitational-2017/results/542962/formatted/,2,team,18,katie_fallback,0.9
542962,https://ut.milesplit.com/meets/285247-nebo-xc-invitational-2017/results/542962/formatted/,3,individual,166,katie_fallback,0.9
542962,https://ut.milesplit.com/meets/285247-nebo-xc-invitational-2017/results/542962/formatted/,4,team,13,katie_fallback,0.9
542963,https://ut.milesplit.com/meets/285247-nebo-xc-invitational-2017/results/542963/formatted/,1,individual,164,katie_fallback,0.9
542963,https://ut.milesplit.com/meets/285247-nebo-xc-invitational-2017/results/542963/formatted/,2,team,14,katie_fallback,0.9
542963,https://ut.milesplit.com/meets/285247-nebo-xc-invitational-2017/results/542963/formatted/,3,individual,114,katie_fallback,0.9
542963,https://ut.milesplit.com/meets/285247-nebo-xc-invitational-2017/results/542963/formatted/,4,team,10,katie_fallback,0.9
542964,https://ut.milesplit.com/meets/285247-nebo-xc-invitational-2017/results/542964/formatted/,1,individual,67,katie_fallback,0.9
542964,https://ut.milesplit.com/meets/285247-nebo-xc-invitational-2017/results/542964/formatted/,2,team,8,katie_fallback,0.9
542964,https://ut.milesplit.com/meets/285247-nebo-xc-invitational-2017/results/542964/formatted/,3,individual,96,katie_fallback,0.9
542964,https://ut.milesplit.com/meets/285247-nebo-xc-invitational-2017/results/542964/formatted/,4,team,14,katie_fallback,0.9
544257,https://ut.milesplit.com/meets/287859-royal-run-cross-country-invitational-2017/results/544257/formatted/,1,individual,103,katie_fallback,0.9
544257,https://ut.milesplit.com/meets/287859-royal-run-cross-country-invitational-2017/results/544257/formatted/,2,team,10,katie_fallback,0.9
544257,https://ut.milesplit.com/meets/287859-royal-run-cross-country-invitational-2017/results/544257/formatted/,3,individual,60,katie_fallback,0.9
544257,https://ut.milesplit.com/meets/287859-royal-run-cross-country-invitational-2017/results/544257/formatted/,4,team,7,katie_fallback,0.9
544252,https://ut.milesplit.com/meets/287859-royal-run-cross-country-invitational-2017/results/544252/formatted/,1,individual,105,katie_fallback,0.9
544252,https://ut.milesplit.com/meets/287859-royal-run-cross-country-invitational-2017/results/544252/formatted/,2,team,8,katie_fallback,0.9
544252,https://ut.milesplit.com/meets/287859-royal-run-cross-country-invitational-2017/results/544252/formatted/,3,individual,26,katie_fallback,0.9
544252,https://ut.milesplit.com/meets/287859-royal-run-cross-country-invitational-2017/results/544252/formatted/,4,team,3,katie_fallback,0.9
544252,https://ut.milesplit.com/meets/287859-royal-run-cross-country-invitational-2017/results/544252/formatted/,5,individual,1,katie_fallback,0.9
544259,https://ut.milesplit.com/meets/287859-royal-run-cross-country-invitational-2017/results/544259/formatted/,1,individual,85,katie_fallback,0.9
544259,https://ut.milesplit.com/meets/287859-royal-run-cross-country-invitational-2017/results/544259/formatted/,2,team,13,katie_fallback,0.9
544259,https://ut.milesplit.com/meets/287859-royal-run-cross-country-invitational-2017/results/544259/formatted/,3,individual,64,katie_fallback,0.9
544259,https://ut.milesplit.com/meets/287859-royal-run-cross-country-invitational-2017/results/544259/formatted/,4,team,8,katie_fallback,0.9
543065,https://ut.milesplit.com/meets/287857-salt-lake-xc-classic-2017/results/543065/formatted/,1,individual,150,katie_fallback,0.9
543065,https://ut.milesplit.com/meets/287857-salt-lake-xc-classic-2017/results/543065/formatted/,2,team,13,katie_fallback,0.9
543065,https://ut.milesplit.com/meets/287857-salt-lake-xc-classic-2017/results/543065/formatted/,3,individual,87,katie_fallback,0.9
543065,https://ut.milesplit.com/meets/287857-salt-lake-xc-classic-2017/results/543065/formatted/,4,team,7,katie_fallback,0.9
543062,https://ut.milesplit.com/meets/287857-salt-lake-xc-classic-2017/results/543062/formatted/,1,individual,136,katie_fallback,0.9
543062,https://ut.milesplit.com/meets/287857-salt-lake-xc-classic-2017/results/543062/formatted/,2,team,11,katie_fallback,0.9
543062,https://ut.milesplit.com/meets/287857-salt-lake-xc-classic-2017/results/543062/formatted/,3,individual,94,katie_fallback,0.9
543062,https://ut.milesplit.com/meets/287857-salt-lake-xc-classic-2017/results/543062/formatted/,4,team,9,katie_fallback,0.9
543067,https://ut.milesplit.com/meets/287857-salt-lake-xc-classic-2017/results/543067/formatted/,1,individual,69,katie_fallback,0.9
543067,https://ut.milesplit.com/meets/287857-salt-lake-xc-classic-2017/results/543067/formatted/,2,team,9,katie_fallback,0.9
543067,https://ut.milesplit.com/meets/287857-salt-lake-xc-classic-2017/results/543067/formatted/,3,individual,59,katie_fallback,0.9
543067,https://ut.milesplit.com/meets/287857-salt-lake-xc-classic-2017/results/543067/formatted/,4,team,9,katie_fallback,0.9
542917,https://ut.milesplit.com/meets/287856-carbon-invitational-2017/results/542917/formatted/,1,individual,117,katie_fallback,0.9
542917,https://ut.milesplit.com/meets/287856-carbon-invitational-2017/results/542917/formatted/,2,team,9,katie_fallback,0.9
542917,https://ut.milesplit.com/meets/287856-carbon-invitational-2017/results/542917/formatted/,3,individual,60,katie_fallback,0.9
542917,https://ut.milesplit.com/meets/287856-carbon-invitational-2017/results/542917/formatted/,4,team,4,katie_fallback,0.9
542918,https://ut.milesplit.com/meets/287856-carbon-invitational-2017/results/542918/formatted/,1,individual,62,katie_fallback,0.9
542918,https://ut.milesplit.com/meets/287856-carbon-invitational-2017/results/542918/formatted/,2,team,9,katie_fallback,0.9
542918,https://ut.milesplit.com/meets/287856-carbon-invitational-2017/results/542918/formatted/,3,individual,50,katie_fallback,0.9
542918,https://ut.milesplit.com/meets/287856-carbon-invitational-2017/results/542918/formatted/,4,team,7,katie_fallback,0.9
596655,https://ut.milesplit.com/meets/287854-byu-autumn-classic-2017/results/596655/formatted/,1,individual,90,katie_fallback,0.9
596655,https://ut.milesplit.com/meets/287854-byu-autumn-classic-2017/results/596655/formatted/,2,team,6,katie_fallback,0.9
596657,https://ut.milesplit.com/meets/287854-byu-autumn-classic-2017/results/596657/formatted/,1,individual,75,katie_fallback,0.9
596657,https://ut.milesplit.com/meets/287854-byu-autumn-classic-2017/results/596657/formatted/,2,team,6,katie_fallback,0.9
540645,https://ut.milesplit.com/meets/287854-byu-autumn-classic-2017/results/540645/formatted/,1,individual,400,katie_fallback,0.9
540645,https://ut.milesplit.com/meets/287854-byu-autumn-classic-2017/results/540645/formatted/,2,team,33,katie_fallback,0.9
540645,https://ut.milesplit.com/meets/287854-byu-autumn-classic-2017/results/540645/formatted/,3,individual,1,katie_fallback,0.9
540645,https://ut.milesplit.com/meets/287854-byu-autumn-classic-2017/results/540645/formatted/,4,individual,283,katie_fallback,0.9
540645,https://ut.milesplit.com/meets/287854-byu-autumn-classic-2017/results/540645/formatted/,5,team,25,katie_fallback,0.9
540647,https://ut.milesplit.com/meets/287854-byu-autumn-classic-2017/results/540647/formatted/,1,individual,1,katie_fallback,0.9
540647,https://ut.milesplit.com/meets/287854-byu-autumn-classic-2017/results/540647/formatted/,2,individual,235,katie_fallback,0.9
540647,https://ut.milesplit.com/meets/287854-byu-autumn-classic-2017/results/540647/formatted/,3,team,30,katie_fallback,0.9
540652,https://ut.milesplit.com/meets/287854-byu-autumn-classic-2017/results/540652/formatted/,1,individual,384,katie_fallback,0.9
540652,https://ut.milesplit.com/meets/287854-byu-autumn-classic-2017/results/540652/formatted/,2,team,36,katie_fallback,0.9
540652,https://ut.milesplit.com/meets/287854-byu-autumn-classic-2017/results/540652/formatted/,3,individual,264,katie_fallback,0.9
540652,https://ut.milesplit.com/meets/287854-byu-autumn-classic-2017/results/540652/formatted/,4,team,20,katie_fallback,0.9
540638,https://ut.milesplit.com/meets/287854-byu-autumn-classic-2017/results/540638/formatted/,1,individual,234,katie_fallback,0.9
540638,https://ut.milesplit.com/meets/287854-byu-autumn-classic-2017/results/540638/formatted/,2,team,33,katie_fallback,0.9
540639,https://ut.milesplit.com/meets/287854-byu-autumn-classic-2017/results/540639/formatted/,,cole,0,cole,0.8999999999999999
541579,https://nm.milesplit.com/meets/288174-shiprock-cross-country-invitational-2017/results/541579/formatted/,1,individual,83,katie_fallback,0.9
541579,https://nm.milesplit.com/meets/288174-shiprock-cross-country-invitational-2017/results/541579/formatted/,2,team,6,katie_fallback,0.9
541582,https://nm.milesplit.com/meets/288174-shiprock-cross-country-invitational-2017/results/541582/formatted/,1,individual,60,katie_fallback,0.9
541582,https://nm.milesplit.com/meets/288174-shiprock-cross-country-invitational-2017/results/541582/formatted/,2,team,5,katie_fallback,0.9
541580,https://nm.milesplit.com/meets/288174-shiprock-cross-country-invitational-2017/results/541580/formatted/,,cole,0,cole,0.8999999999999999
541583,https://nm.milesplit.com/meets/288174-shiprock-cross-country-invitational-2017/results/541583/formatted/,,cole,0,cole,0.7999999999999999
541572,https://nm.milesplit.com/meets/288174-shiprock-cross-country-invitational-2017/results/541572/formatted/,1,individual,80,katie_fallback,0.9
541572,https://nm.milesplit.com/meets/288174-shiprock-cross-country-invitational-2017/results/541572/formatted/,2,team,10,katie_fallback,0.9
541581,https://nm.milesplit.com/meets/288174-shiprock-cross-country-invitational-2017/results/541581/formatted/,1,individual,54,katie_fallback,0.9
541581,https://nm.milesplit.com/meets/288174-shiprock-cross-country-invitational-2017/results/541581/formatted/,2,team,7,katie_fallback,0.9
540135,https://ut.milesplit.com/meets/284759-uiaaa-invitational-2017/results/540135/formatted/,1,individual,123,katie_fallback,0.9
540135,https://ut.milesplit.com/meets/284759-uiaaa-invitational-2017/results/540135/formatted/,2,team,11,katie_fallback,0.9
540135,https://ut.milesplit.com/meets/284759-uiaaa-invitational-2017/results/540135/formatted/,3,individual,93,katie_fallback,0.9
540135,https://ut.milesplit.com/meets/284759-uiaaa-invitational-2017/results/540135/formatted/,4,team,6,katie_fallback,0.9
540134,https://ut.milesplit.com/meets/284759-uiaaa-invitational-2017/results/540134/formatted/,,cole,0,cole,0.95
540137,https://ut.milesplit.com/meets/284759-uiaaa-invitational-2017/results/540137/formatted/,1,individual,151,katie_fallback,0.9
540137,https://ut.milesplit.com/meets/284759-uiaaa-invitational-2017/results/540137/formatted/,2,team,10,katie_fallback,0.9
540137,https://ut.milesplit.com/meets/284759-uiaaa-invitational-2017/results/540137/formatted/,3,individual,94,katie_fallback,0.9
540137,https://ut.milesplit.com/meets/284759-uiaaa-invitational-2017/results/540137/formatted/,4,team,8,katie_fallback,0.9
540132,https://ut.milesplit.com/meets/284759-uiaaa-invitational-2017/results/540132/formatted/,,cole,0,cole,0.95
540139,https://ut.milesplit.com/meets/284759-uiaaa-invitational-2017/results/540139/formatted/,1,individual,76,katie_fallback,0.9
540139,https://ut.milesplit.com/meets/284759-uiaaa-invitational-2017/results/540139/formatted/,2,team,11,katie_fallback,0.9
540139,https://ut.milesplit.com/meets/284759-uiaaa-invitational-2017/results/540139/formatted/,3,individual,63,katie_fallback,0.9
540139,https://ut.milesplit.com/meets/284759-uiaaa-invitational-2017/results/540139/formatted/,4,team,9,katie_fallback,0.9
539487,https://ut.milesplit.com/meets/291178-region-12-open-2017/results/539487/formatted/,1,individual,59,katie_fallback,0.9
539487,https://ut.milesplit.com/meets/291178-region-12-open-2017/results/539487/formatted/,2,team,3,katie_fallback,0.9
539487,https://ut.milesplit.com/meets/291178-region-12-open-2017/results/539487/formatted/,3,individual,23,katie_fallback,0.9
539487,https://ut.milesplit.com/meets/291178-region-12-open-2017/results/539487/formatted/,4,team,3,katie_fallback,0.9
539488,https://ut.milesplit.com/meets/291178-region-12-open-2017/results/539488/formatted/,1,individual,1,katie_fallback,0.9
539488,https://ut.milesplit.com/meets/291178-region-12-open-2017/results/539488/formatted/,2,individual,13,katie_fallback,0.9
539488,https://ut.milesplit.com/meets/291178-region-12-open-2017/results/539488/formatted/,3,team,2,katie_fallback,0.9
539488,https://ut.milesplit.com/meets/291178-region-12-open-2017/results/539488/formatted/,4,individual,17,katie_fallback,0.9
539488,https://ut.milesplit.com/meets/291178-region-12-open-2017/results/539488/formatted/,5,team,2,katie_fallback,0.9
539545,https://ut.milesplit.com/meets/287849-hurricane-xc-invitational-2017/results/539545/formatted/,1,individual,163,katie_fallback,0.9
539545,https://ut.milesplit.com/meets/287849-hurricane-xc-invitational-2017/results/539545/formatted/,2,team,7,katie_fallback,0.9
539546,https://ut.milesplit.com/meets/287849-hurricane-xc-invitational-2017/results/539546/formatted/,1,individual,122,katie_fallback,0.9
539546,https://ut.milesplit.com/meets/287849-hurricane-xc-invitational-2017/results/539546/formatted/,2,team,7,katie_fallback,0.9
539543,https://ut.milesplit.com/meets/287849-hurricane-xc-invitational-2017/results/539543/formatted/,1,individual,42,katie_fallback,0.9
539543,https://ut.milesplit.com/meets/287849-hurricane-xc-invitational-2017/results/539543/formatted/,2,team,6,katie_fallback,0.9
539544,https://ut.milesplit.com/meets/287849-hurricane-xc-invitational-2017/results/539544/formatted/,1,individual,39,katie_fallback,0.9
539544,https://ut.milesplit.com/meets/287849-hurricane-xc-invitational-2017/results/539544/formatted/,2,team,6,katie_fallback,0.9
539548,https://ut.milesplit.com/meets/287852-weber-city-county-meet-2017/results/539548/formatted/,1,individual,157,katie_fallback,0.9
539548,https://ut.milesplit.com/meets/287852-weber-city-county-meet-2017/results/539548/formatted/,2,team,9,katie_fallback,0.9
539548,https://ut.milesplit.com/meets/287852-weber-city-county-meet-2017/results/539548/formatted/,3,individual,58,katie_fallback,0.9
539548,https://ut.milesplit.com/meets/287852-weber-city-county-meet-2017/results/539548/formatted/,4,team,5,katie_fallback,0.9
539547,https://ut.milesplit.com/meets/287852-weber-city-county-meet-2017/results/539547/formatted/,1,individual,42,katie_fallback,0.9
539547,https://ut.milesplit.com/meets/287852-weber-city-county-meet-2017/results/539547/formatted/,2,team,6,katie_fallback,0.9
539547,https://ut.milesplit.com/meets/287852-weber-city-county-meet-2017/results/539547/formatted/,3,individual,40,katie_fallback,0.9
539547,https://ut.milesplit.com/meets/287852-weber-city-county-meet-2017/results/539547/formatted/,4,team,6,katie_fallback,0.9
538321,https://nv.milesplit.com/meets/284469-larry-burgess-invitational-2017/results/538321/formatted/,1,individual,192,katie_fallback,0.9
538321,https://nv.milesplit.com/meets/284469-larry-burgess-invitational-2017/results/538321/formatted/,2,team,18,katie_fallback,0.9
538321,https://nv.milesplit.com/meets/284469-larry-burgess-invitational-2017/results/538321/formatted/,3,individual,116,katie_fallback,0.9
538321,https://nv.milesplit.com/meets/284469-larry-burgess-invitational-2017/results/538321/formatted/,4,team,13,katie_fallback,0.9
538329,https://nv.milesplit.com/meets/284469-larry-burgess-invitational-2017/results/538329/formatted/,1,individual,161,katie_fallback,0.9
538329,https://nv.milesplit.com/meets/284469-larry-burgess-invitational-2017/results/538329/formatted/,2,team,16,katie_fallback,0.9
538329,https://nv.milesplit.com/meets/284469-larry-burgess-invitational-2017/results/538329/formatted/,3,individual,64,katie_fallback,0.9
538329,https://nv.milesplit.com/meets/284469-larry-burgess-invitational-2017/results/538329/formatted/,4,team,6,katie_fallback,0.9
538325,https://nv.milesplit.com/meets/284469-larry-burgess-invitational-2017/results/538325/formatted/,1,individual,148,katie_fallback,0.9
538325,https://nv.milesplit.com/meets/284469-larry-burgess-invitational-2017/results/538325/formatted/,2,team,22,katie_fallback,0.9
538325,https://nv.milesplit.com/meets/284469-larry-burgess-invitational-2017/results/538325/formatted/,3,individual,134,katie_fallback,0.9
538325,https://nv.milesplit.com/meets/284469-larry-burgess-invitational-2017/results/538325/formatted/,4,team,19,katie_fallback,0.9
538327,https://nv.milesplit.com/meets/284469-larry-burgess-invitational-2017/results/538327/formatted/,1,individual,97,katie_fallback,0.9
538327,https://nv.milesplit.com/meets/284469-larry-burgess-invitational-2017/results/538327/formatted/,2,team,13,katie_fallback,0.9
538327,https://nv.milesplit.com/meets/284469-larry-burgess-invitational-2017/results/538327/formatted/,3,individual,70,katie_fallback,0.9
538327,https://nv.milesplit.com/meets/284469-larry-burgess-invitational-2017/results/538327/formatted/,4,team,8,katie_fallback,0.9
538831,https://ut.milesplit.com/meets/284504-wasatch-xc-invitational-2017/results/538831/formatted/,1,individual,197,katie_fallback,0.9
538831,https://ut.milesplit.com/meets/284504-wasatch-xc-invitational-2017/results/538831/formatted/,2,team,16,katie_fallback,0.9
538831,https://ut.milesplit.com/meets/284504-wasatch-xc-invitational-2017/results/538831/formatted/,3,individual,109,katie_fallback,0.9
538831,https://ut.milesplit.com/meets/284504-wasatch-xc-invitational-2017/results/538831/formatted/,4,team,10,katie_fallback,0.9
538832,https://ut.milesplit.com/meets/284504-wasatch-xc-invitational-2017/results/538832/formatted/,1,individual,141,katie_fallback,0.9
538832,https://ut.milesplit.com/meets/284504-wasatch-xc-invitational-2017/results/538832/formatted/,2,team,13,katie_fallback,0.9
538832,https://ut.milesplit.com/meets/284504-wasatch-xc-invitational-2017/results/538832/formatted/,3,individual,64,katie_fallback,0.9
538832,https://ut.milesplit.com/meets/284504-wasatch-xc-invitational-2017/results/538832/formatted/,4,team,5,katie_fallback,0.9
538833,https://ut.milesplit.com/meets/284504-wasatch-xc-invitational-2017/results/538833/formatted/,1,individual,101,katie_fallback,0.9
538833,https://ut.milesplit.com/meets/284504-wasatch-xc-invitational-2017/results/538833/formatted/,2,team,14,katie_fallback,0.9
538833,https://ut.milesplit.com/meets/284504-wasatch-xc-invitational-2017/results/538833/formatted/,3,individual,67,katie_fallback,0.9
538833,https://ut.milesplit.com/meets/284504-wasatch-xc-invitational-2017/results/538833/formatted/,4,team,9,katie_fallback,0.9
537514,https://ut.milesplit.com/meets/287848-murray-invitational-2017/results/537514/formatted/,1,individual,140,katie_fallback,0.9
537514,https://ut.milesplit.com/meets/287848-murray-invitational-2017/results/537514/formatted/,2,team,14,katie_fallback,0.9
537514,https://ut.milesplit.com/meets/287848-murray-invitational-2017/results/537514/formatted/,3,individual,98,katie_fallback,0.9
537514,https://ut.milesplit.com/meets/287848-murray-invitational-2017/results/537514/formatted/,4,team,8,katie_fallback,0.9
537516,https://ut.milesplit.com/meets/287848-murray-invitational-2017/results/537516/formatted/,1,individual,562,katie_fallback,0.9
537516,https://ut.milesplit.com/meets/287848-murray-invitational-2017/results/537516/formatted/,2,team,34,katie_fallback,0.9
537516,https://ut.milesplit.com/meets/287848-murray-invitational-2017/results/537516/formatted/,3,individual,401,katie_fallback,0.9
537516,https://ut.milesplit.com/meets/287848-murray-invitational-2017/results/537516/formatted/,4,team,29,katie_fallback,0.9
537515,https://ut.milesplit.com/meets/287848-murray-invitational-2017/results/537515/formatted/,1,individual,227,katie_fallback,0.9
537515,https://ut.milesplit.com/meets/287848-murray-invitational-2017/results/537515/formatted/,2,team,22,katie_fallback,0.9
537515,https://ut.milesplit.com/meets/287848-murray-invitational-2017/results/537515/formatted/,3,individual,149,katie_fallback,0.9
537515,https://ut.milesplit.com/meets/287848-murray-invitational-2017/results/537515/formatted/,4,team,13,katie_fallback,0.9
537517,https://ut.milesplit.com/meets/287848-murray-invitational-2017/results/537517/formatted/,1,individual,216,katie_fallback,0.9
537517,https://ut.milesplit.com/meets/287848-murray-invitational-2017/results/537517/formatted/,2,team,29,katie_fallback,0.9
537517,https://ut.milesplit.com/meets/287848-murray-invitational-2017/results/537517/formatted/,3,individual,169,katie_fallback,0.9
537517,https://ut.milesplit.com/meets/287848-murray-invitational-2017/results/537517/formatted/,4,team,23,katie_fallback,0.9
537308,https://ut.milesplit.com/meets/290434-region-11-and-13-pre-region-2017/results/537308/formatted/,,cole,0,cole,0.8999999999999999
537309,https://ut.milesplit.com/meets/290434-region-11-and-13-pre-region-2017/results/537309/formatted/,,cole,0,cole,0.8999999999999999
537311,https://ut.milesplit.com/meets/290435-region-12-green-canyon-2017/results/537311/formatted/,,cole,0,cole,0.8999999999999999
537310,https://ut.milesplit.com/meets/290435-region-12-green-canyon-2017/results/537310/formatted/,,cole,0,cole,0.8999999999999999
537045,https://ut.milesplit.com/meets/290256-richfield-open-invitational-2017/results/537045/formatted/,1,unknown_headers,0,adam_fallback,0.9
537046,https://ut.milesplit.com/meets/290256-richfield-open-invitational-2017/results/537046/formatted/,1,unknown_headers,0,adam_fallback,0.9
536402,https://ut.milesplit.com/meets/284295-utah-county-invitational-2017/results/536402/formatted/,,cole,0,cole,0.8999999999999999
536518,https://ut.milesplit.com/meets/284295-utah-county-invitational-2017/results/536518/formatted/,1,individual,212,katie_fallback,0.9
536518,https://ut.milesplit.com/meets/284295-utah-county-invitational-2017/results/536518/formatted/,2,team,17,katie_fallback,0.9
536517,https://ut.milesplit.com/meets/284295-utah-county-invitational-2017/results/536517/formatted/,1,individual,149,katie_fallback,0.9
536517,https://ut.milesplit.com/meets/284295-utah-county-invitational-2017/results/536517/formatted/,2,team,12,katie_fallback,0.9
536520,https://ut.milesplit.com/meets/284295-utah-county-invitational-2017/results/536520/formatted/,1,individual,158,katie_fallback,0.9
536520,https://ut.milesplit.com/meets/284295-utah-county-invitational-2017/results/536520/formatted/,2,team,12,katie_fallback,0.9
536519,https://ut.milesplit.com/meets/284295-utah-county-invitational-2017/results/536519/formatted/,1,individual,119,katie_fallback,0.9
536519,https://ut.milesplit.com/meets/284295-utah-county-invitational-2017/results/536519/formatted/,2,team,11,katie_fallback,0.9
536522,https://ut.milesplit.com/meets/284295-utah-county-invitational-2017/results/536522/formatted/,1,individual,109,katie_fallback,0.9
536522,https://ut.milesplit.com/meets/284295-utah-county-invitational-2017/results/536522/formatted/,2,team,15,katie_fallback,0.9
536521,https://ut.milesplit.com/meets/284295-utah-county-invitational-2017/results/536521/formatted/,1,individual,94,katie_fallback,0.9
536521,https://ut.milesplit.com/meets/284295-utah-county-invitational-2017/results/536521/formatted/,2,team,13,katie_fallback,0.9
553655,https://ut.milesplit.com/meets/287871-utah-state-xc-championship-2017/results/553655/formatted/,1,individual,59,katie_fallback,0.9
553655,https://ut.milesplit.com/meets/287871-utah-state-xc-championship-2017/results/553655/formatted/,2,team,7,katie_fallback,0.9
553646,https://ut.milesplit.com/meets/287871-utah-state-xc-championship-2017/results/553646/formatted/,1,individual,53,katie_fallback,0.9
553646,https://ut.milesplit.com/meets/287871-utah-state-xc-championship-2017/results/553646/formatted/,2,team,5,katie_fallback,0.9
553665,https://ut.milesplit.com/meets/287871-utah-state-xc-championship-2017/results/553665/formatted/,1,individual,73,katie_fallback,0.9
553665,https://ut.milesplit.com/meets/287871-utah-state-xc-championship-2017/results/553665/formatted/,2,team,9,katie_fallback,0.9
553647,https://ut.milesplit.com/meets/287871-utah-state-xc-championship-2017/results/553647/formatted/,1,individual,51,katie_fallback,0.9
553647,https://ut.milesplit.com/meets/287871-utah-state-xc-championship-2017/results/553647/formatted/,2,team,6,katie_fallback,0.9
553671,https://ut.milesplit.com/meets/287871-utah-state-xc-championship-2017/results/553671/formatted/,1,individual,86,katie_fallback,0.9
553671,https://ut.milesplit.com/meets/287871-utah-state-xc-championship-2017/results/553671/formatted/,2,team,11,katie_fallback,0.9
553651,https://ut.milesplit.com/meets/287871-utah-state-xc-championship-2017/results/553651/formatted/,1,individual,62,katie_fallback,0.9
553651,https://ut.milesplit.com/meets/287871-utah-state-xc-championship-2017/results/553651/formatted/,2,team,8,katie_fallback,0.9
553734,https://ut.milesplit.com/meets/287871-utah-state-xc-championship-2017/results/553734/formatted/,1,individual,123,katie_fallback,0.9
553734,https://ut.milesplit.com/meets/287871-utah-state-xc-championship-2017/results/553734/formatted/,2,team,16,katie_fallback,0.9
553684,https://ut.milesplit.com/meets/287871-utah-state-xc-championship-2017/results/553684/formatted/,1,individual,122,katie_fallback,0.9
553684,https://ut.milesplit.com/meets/287871-utah-state-xc-championship-2017/results/553684/formatted/,2,team,16,katie_fallback,0.9
553733,https://ut.milesplit.com/meets/287871-utah-state-xc-championship-2017/results/553733/formatted/,1,individual,123,katie_fallback,0.9
553733,https://ut.milesplit.com/meets/287871-utah-state-xc-championship-2017/results/553733/formatted/,2,team,16,katie_fallback,0.9
553683,https://ut.milesplit.com/meets/287871-utah-state-xc-championship-2017/results/553683/formatted/,1,individual,123,katie_fallback,0.9
553683,https://ut.milesplit.com/meets/287871-utah-state-xc-championship-2017/results/553683/formatted/,2,team,16,katie_fallback,0.9
553732,https://ut.milesplit.com/meets/287871-utah-state-xc-championship-2017/results/553732/formatted/,1,individual,120,katie_fallback,0.9
553732,https://ut.milesplit.com/meets/287871-utah-state-xc-championship-2017/results/553732/formatted/,2,team,16,katie_fallback,0.9
553682,https://ut.milesplit.com/meets/287871-utah-state-xc-championship-2017/results/553682/formatted/,1,individual,120,katie_fallback,0.9
553682,https://ut.milesplit.com/meets/287871-utah-state-xc-championship-2017/results/553682/formatted/,2,team,16,katie_fallback,0.9
550659,https://ut.milesplit.com/meets/293130-region-11-championships-2017/results/550659/formatted/,1,individual,127,katie_fallback,0.9
550659,https://ut.milesplit.com/meets/293130-region-11-championships-2017/results/550659/formatted/,2,team,7,katie_fallback,0.9
550659,https://ut.milesplit.com/meets/293130-region-11-championships-2017/results/550659/formatted/,3,individual,92,katie_fallback,0.9
550659,https://ut.milesplit.com/meets/293130-region-11-championships-2017/results/550659/formatted/,4,team,4,katie_fallback,0.9
550658,https://ut.milesplit.com/meets/293130-region-11-championships-2017/results/550658/formatted/,1,individual,49,katie_fallback,0.9
550658,https://ut.milesplit.com/meets/293130-region-11-championships-2017/results/550658/formatted/,2,team,7,katie_fallback,0.9
550658,https://ut.milesplit.com/meets/293130-region-11-championships-2017/results/550658/formatted/,3,individual,43,katie_fallback,0.9
550658,https://ut.milesplit.com/meets/293130-region-11-championships-2017/results/550658/formatted/,4,team,6,katie_fallback,0.9
550654,https://ut.milesplit.com/meets/286884-utah-region-13-xc-championships-2017/results/550654/formatted/,1,individual,69,katie_fallback,0.9
550654,https://ut.milesplit.com/meets/286884-utah-region-13-xc-championships-2017/results/550654/formatted/,2,team,3,katie_fallback,0.9
550654,https://ut.milesplit.com/meets/286884-utah-region-13-xc-championships-2017/results/550654/formatted/,3,individual,20,katie_fallback,0.9
550654,https://ut.milesplit.com/meets/286884-utah-region-13-xc-championships-2017/results/550654/formatted/,4,team,2,katie_fallback,0.9
550653,https://ut.milesplit.com/meets/286884-utah-region-13-xc-championships-2017/results/550653/formatted/,1,individual,35,katie_fallback,0.9
550653,https://ut.milesplit.com/meets/286884-utah-region-13-xc-championships-2017/results/550653/formatted/,2,team,5,katie_fallback,0.9
550653,https://ut.milesplit.com/meets/286884-utah-region-13-xc-championships-2017/results/550653/formatted/,3,individual,26,katie_fallback,0.9
550653,https://ut.milesplit.com/meets/286884-utah-region-13-xc-championships-2017/results/550653/formatted/,4,team,3,katie_fallback,0.9
550664,https://ut.milesplit.com/meets/293131-region-12-championships-2017/results/550664/formatted/,1,individual,143,katie_fallback,0.9
550664,https://ut.milesplit.com/meets/293131-region-12-championships-2017/results/550664/formatted/,2,team,6,katie_fallback,0.9
550664,https://ut.milesplit.com/meets/293131-region-12-championships-2017/results/550664/formatted/,3,individual,98,katie_fallback,0.9
550664,https://ut.milesplit.com/meets/293131-region-12-championships-2017/results/550664/formatted/,4,team,6,katie_fallback,0.9
550663,https://ut.milesplit.com/meets/293131-region-12-championships-2017/results/550663/formatted/,1,individual,41,katie_fallback,0.9
550663,https://ut.milesplit.com/meets/293131-region-12-championships-2017/results/550663/formatted/,2,team,6,katie_fallback,0.9
550663,https://ut.milesplit.com/meets/293131-region-12-championships-2017/results/550663/formatted/,3,individual,42,katie_fallback,0.9
550663,https://ut.milesplit.com/meets/293131-region-12-championships-2017/results/550663/formatted/,4,team,6,katie_fallback,0.9
550666,https://ut.milesplit.com/meets/293129-region-9-championships-2017/results/550666/formatted/,1,individual,184,katie_fallback,0.9
550666,https://ut.milesplit.com/meets/293129-region-9-championships-2017/results/550666/formatted/,2,team,7,katie_fallback,0.9
550666,https://ut.milesplit.com/meets/293129-region-9-championships-2017/results/550666/formatted/,3,individual,126,katie_fallback,0.9
550666,https://ut.milesplit.com/meets/293129-region-9-championships-2017/results/550666/formatted/,4,team,7,katie_fallback,0.9
550665,https://ut.milesplit.com/meets/293129-region-9-championships-2017/results/550665/formatted/,1,individual,49,katie_fallback,0.9
550665,https://ut.milesplit.com/meets/293129-region-9-championships-2017/results/550665/formatted/,2,team,7,katie_fallback,0.9
550665,https://ut.milesplit.com/meets/293129-region-9-championships-2017/results/550665/formatted/,3,individual,48,katie_fallback,0.9
550665,https://ut.milesplit.com/meets/293129-region-9-championships-2017/results/550665/formatted/,4,team,7,katie_fallback,0.9
549587,https://co.milesplit.com/meets/283993-ancient-trails-invitational-2017/results/549587/formatted/,1,individual,54,katie_fallback,0.9
549587,https://co.milesplit.com/meets/283993-ancient-trails-invitational-2017/results/549587/formatted/,2,team,7,katie_fallback,0.9
549589,https://co.milesplit.com/meets/283993-ancient-trails-invitational-2017/results/549589/formatted/,1,individual,43,katie_fallback,0.9
549589,https://co.milesplit.com/meets/283993-ancient-trails-invitational-2017/results/549589/formatted/,2,team,3,katie_fallback,0.9
549593,https://co.milesplit.com/meets/283993-ancient-trails-invitational-2017/results/549593/formatted/,1,individual,75,katie_fallback,0.9
549593,https://co.milesplit.com/meets/283993-ancient-trails-invitational-2017/results/549593/formatted/,2,team,6,katie_fallback,0.9
549595,https://co.milesplit.com/meets/283993-ancient-trails-invitational-2017/results/549595/formatted/,1,individual,85,katie_fallback,0.9
549595,https://co.milesplit.com/meets/283993-ancient-trails-invitational-2017/results/549595/formatted/,2,team,6,katie_fallback,0.9
549833,https://ut.milesplit.com/meets/292632-region-1-championships-2017/results/549833/formatted/,1,individual,175,katie_fallback,0.9
549833,https://ut.milesplit.com/meets/292632-region-1-championships-2017/results/549833/formatted/,2,team,6,katie_fallback,0.9
549833,https://ut.milesplit.com/meets/292632-region-1-championships-2017/results/549833/formatted/,3,individual,101,katie_fallback,0.9
549833,https://ut.milesplit.com/meets/292632-region-1-championships-2017/results/549833/formatted/,4,team,7,katie_fallback,0.9
549834,https://ut.milesplit.com/meets/292632-region-1-championships-2017/results/549834/formatted/,1,individual,66,katie_fallback,0.9
549834,https://ut.milesplit.com/meets/292632-region-1-championships-2017/results/549834/formatted/,2,team,7,katie_fallback,0.9
549834,https://ut.milesplit.com/meets/292632-region-1-championships-2017/results/549834/formatted/,3,individual,56,katie_fallback,0.9
549834,https://ut.milesplit.com/meets/292632-region-1-championships-2017/results/549834/formatted/,4,team,6,katie_fallback,0.9
549427,https://ut.milesplit.com/meets/287863-region-10-championships-2017/results/549427/formatted/,1,individual,117,katie_fallback,0.9
549427,https://ut.milesplit.com/meets/287863-region-10-championships-2017/results/549427/formatted/,2,team,7,katie_fallback,0.9
549423,https://ut.milesplit.com/meets/287863-region-10-championships-2017/results/549423/formatted/,1,individual,64,katie_fallback,0.9
549423,https://ut.milesplit.com/meets/287863-region-10-championships-2017/results/549423/formatted/,2,team,5,katie_fallback,0.9
549434,https://ut.milesplit.com/meets/287863-region-10-championships-2017/results/549434/formatted/,1,individual,49,katie_fallback,0.9
549434,https://ut.milesplit.com/meets/287863-region-10-championships-2017/results/549434/formatted/,2,team,7,katie_fallback,0.9
549432,https://ut.milesplit.com/meets/287863-region-10-championships-2017/results/549432/formatted/,1,individual,47,katie_fallback,0.9
549432,https://ut.milesplit.com/meets/287863-region-10-championships-2017/results/549432/formatted/,2,team,7,katie_fallback,0.9
549848,https://ut.milesplit.com/meets/293157-region-4-championships-2017/results/549848/formatted/,1,individual,121,katie_fallback,0.9
549848,https://ut.milesplit.com/meets/293157-region-4-championships-2017/results/549848/formatted/,2,team,5,katie_fallback,0.9
549848,https://ut.milesplit.com/meets/293157-region-4-championships-2017/results/549848/formatted/,3,individual,149,katie_fallback,0.9
549848,https://ut.milesplit.com/meets/293157-region-4-championships-2017/results/549848/formatted/,4,team,5,katie_fallback,0.9
549846,https://ut.milesplit.com/meets/293157-region-4-championships-2017/results/549846/formatted/,1,individual,38,katie_fallback,0.9
549846,https://ut.milesplit.com/meets/293157-region-4-championships-2017/results/549846/formatted/,2,team,5,katie_fallback,0.9
549846,https://ut.milesplit.com/meets/293157-region-4-championships-2017/results/549846/formatted/,3,individual,38,katie_fallback,0.9
549846,https://ut.milesplit.com/meets/293157-region-4-championships-2017/results/549846/formatted/,4,team,5,katie_fallback,0.9
548848,https://ut.milesplit.com/meets/287865-region-5-championship-2017/results/548848/formatted/,1,individual,79,katie_fallback,0.9
548848,https://ut.milesplit.com/meets/287865-region-5-championship-2017/results/548848/formatted/,2,team,5,katie_fallback,0.9
548848,https://ut.milesplit.com/meets/287865-region-5-championship-2017/results/548848/formatted/,3,individual,47,katie_fallback,0.9
548848,https://ut.milesplit.com/meets/287865-region-5-championship-2017/results/548848/formatted/,4,team,4,katie_fallback,0.9
548849,https://ut.milesplit.com/meets/287865-region-5-championship-2017/results/548849/formatted/,1,individual,41,katie_fallback,0.9
548849,https://ut.milesplit.com/meets/287865-region-5-championship-2017/results/548849/formatted/,2,team,5,katie_fallback,0.9
548849,https://ut.milesplit.com/meets/287865-region-5-championship-2017/results/548849/formatted/,3,individual,38,katie_fallback,0.9
548849,https://ut.milesplit.com/meets/287865-region-5-championship-2017/results/548849/formatted/,4,team,5,katie_fallback,0.9
548709,https://ut.milesplit.com/meets/287867-region-6-championships-2017/results/548709/formatted/,1,individual,148,katie_fallback,0.9
548709,https://ut.milesplit.com/meets/287867-region-6-championships-2017/results/548709/formatted/,2,team,6,katie_fallback,0.9
548709,https://ut.milesplit.com/meets/287867-region-6-championships-2017/results/548709/formatted/,3,individual,79,katie_fallback,0.9
548709,https://ut.milesplit.com/meets/287867-region-6-championships-2017/results/548709/formatted/,4,team,5,katie_fallback,0.9
548707,https://ut.milesplit.com/meets/287867-region-6-championships-2017/results/548707/formatted/,1,individual,42,katie_fallback,0.9
548707,https://ut.milesplit.com/meets/287867-region-6-championships-2017/results/548707/formatted/,2,team,6,katie_fallback,0.9
548707,https://ut.milesplit.com/meets/287867-region-6-championships-2017/results/548707/formatted/,3,individual,42,katie_fallback,0.9
548707,https://ut.milesplit.com/meets/287867-region-6-championships-2017/results/548707/formatted/,4,team,6,katie_fallback,0.9
549819,https://ut.milesplit.com/meets/292633-region-7-championships-2017/results/549819/formatted/,1,individual,128,katie_fallback,0.9
549819,https://ut.milesplit.com/meets/292633-region-7-championships-2017/results/549819/formatted/,2,team,5,katie_fallback,0.9
549819,https://ut.milesplit.com/meets/292633-region-7-championships-2017/results/549819/formatted/,3,individual,104,katie_fallback,0.9
549819,https://ut.milesplit.com/meets/292633-region-7-championships-2017/results/549819/formatted/,4,team,3,katie_fallback,0.9
549820,https://ut.milesplit.com/meets/292633-region-7-championships-2017/results/549820/formatted/,1,individual,42,katie_fallback,0.9
549820,https://ut.milesplit.com/meets/292633-region-7-championships-2017/results/549820/formatted/,2,team,6,katie_fallback,0.9
549820,https://ut.milesplit.com/meets/292633-region-7-championships-2017/results/549820/formatted/,3,individual,39,katie_fallback,0.9
549820,https://ut.milesplit.com/meets/292633-region-7-championships-2017/results/549820/formatted/,4,team,6,katie_fallback,0.9
548852,https://ut.milesplit.com/meets/287868-region-8-championships-2017/results/548852/formatted/,1,individual,173,katie_fallback,0.9
548852,https://ut.milesplit.com/meets/287868-region-8-championships-2017/results/548852/formatted/,2,team,6,katie_fallback,0.9
548852,https://ut.milesplit.com/meets/287868-region-8-championships-2017/results/548852/formatted/,3,individual,90,katie_fallback,0.9
548852,https://ut.milesplit.com/meets/287868-region-8-championships-2017/results/548852/formatted/,4,team,5,katie_fallback,0.9
548841,https://ut.milesplit.com/meets/287868-region-8-championships-2017/results/548841/formatted/,1,individual,46,katie_fallback,0.9
548841,https://ut.milesplit.com/meets/287868-region-8-championships-2017/results/548841/formatted/,2,team,6,katie_fallback,0.9
548842,https://ut.milesplit.com/meets/287868-region-8-championships-2017/results/548842/formatted/,1,individual,47,katie_fallback,0.9
548842,https://ut.milesplit.com/meets/287868-region-8-championships-2017/results/548842/formatted/,2,team,6,katie_fallback,0.9
548807,https://ut.milesplit.com/meets/286126-utah-region-2-championship-2017/results/548807/formatted/,1,individual,54,katie_fallback,0.9
548807,https://ut.milesplit.com/meets/286126-utah-region-2-championship-2017/results/548807/formatted/,2,team,3,katie_fallback,0.9
548807,https://ut.milesplit.com/meets/286126-utah-region-2-championship-2017/results/548807/formatted/,3,individual,20,katie_fallback,0.9
548807,https://ut.milesplit.com/meets/286126-utah-region-2-championship-2017/results/548807/formatted/,4,team,2,katie_fallback,0.9
548808,https://ut.milesplit.com/meets/286126-utah-region-2-championship-2017/results/548808/formatted/,1,individual,35,katie_fallback,0.9
548808,https://ut.milesplit.com/meets/286126-utah-region-2-championship-2017/results/548808/formatted/,2,team,5,katie_fallback,0.9
548808,https://ut.milesplit.com/meets/286126-utah-region-2-championship-2017/results/548808/formatted/,3,individual,26,katie_fallback,0.9
548808,https://ut.milesplit.com/meets/286126-utah-region-2-championship-2017/results/548808/formatted/,4,team,4,katie_fallback,0.9
560316,https://ky.milesplit.com/meets/285452-cross-country-coaches-national-youth-championships-2017/results/560316/formatted/,1,individual,48,katie_fallback,0.9
560316,https://ky.milesplit.com/meets/285452-cross-country-coaches-national-youth-championships-2017/results/560316/formatted/,2,team,5,katie_fallback,0.9
560315,https://ky.milesplit.com/meets/285452-cross-country-coaches-national-youth-championships-2017/results/560315/formatted/,1,individual,33,katie_fallback,0.9
560315,https://ky.milesplit.com/meets/285452-cross-country-coaches-national-youth-championships-2017/results/560315/formatted/,2,team,2,katie_fallback,0.9
560318,https://ky.milesplit.com/meets/285452-cross-country-coaches-national-youth-championships-2017/results/560318/formatted/,1,individual,49,katie_fallback,0.9
560318,https://ky.milesplit.com/meets/285452-cross-country-coaches-national-youth-championships-2017/results/560318/formatted/,2,team,4,katie_fallback,0.9
560317,https://ky.milesplit.com/meets/285452-cross-country-coaches-national-youth-championships-2017/results/560317/formatted/,1,individual,40,katie_fallback,0.9
560317,https://ky.milesplit.com/meets/285452-cross-country-coaches-national-youth-championships-2017/results/560317/formatted/,2,team,3,katie_fallback,0.9
560310,https://ky.milesplit.com/meets/285452-cross-country-coaches-national-youth-championships-2017/results/560310/formatted/,1,individual,120,katie_fallback,0.9
560310,https://ky.milesplit.com/meets/285452-cross-country-coaches-national-youth-championships-2017/results/560310/formatted/,2,team,4,katie_fallback,0.9
560309,https://ky.milesplit.com/meets/285452-cross-country-coaches-national-youth-championships-2017/results/560309/formatted/,1,individual,57,katie_fallback,0.9
560309,https://ky.milesplit.com/meets/285452-cross-country-coaches-national-youth-championships-2017/results/560309/formatted/,2,team,3,katie_fallback,0.9
560312,https://ky.milesplit.com/meets/285452-cross-country-coaches-national-youth-championships-2017/results/560312/formatted/,1,individual,31,katie_fallback,0.9
560312,https://ky.milesplit.com/meets/285452-cross-country-coaches-national-youth-championships-2017/results/560312/formatted/,2,team,3,katie_fallback,0.9
560311,https://ky.milesplit.com/meets/285452-cross-country-coaches-national-youth-championships-2017/results/560311/formatted/,1,individual,28,katie_fallback,0.9
560311,https://ky.milesplit.com/meets/285452-cross-country-coaches-national-youth-championships-2017/results/560311/formatted/,2,team,4,katie_fallback,0.9
560314,https://ky.milesplit.com/meets/285452-cross-country-coaches-national-youth-championships-2017/results/560314/formatted/,1,individual,64,katie_fallback,0.9
560314,https://ky.milesplit.com/meets/285452-cross-country-coaches-national-youth-championships-2017/results/560314/formatted/,2,team,5,katie_fallback,0.9
560313,https://ky.milesplit.com/meets/285452-cross-country-coaches-national-youth-championships-2017/results/560313/formatted/,1,individual,53,katie_fallback,0.9
560313,https://ky.milesplit.com/meets/285452-cross-country-coaches-national-youth-championships-2017/results/560313/formatted/,2,team,5,katie_fallback,0.9
560319,https://ky.milesplit.com/meets/285452-cross-country-coaches-national-youth-championships-2017/results/560319/formatted/,,no_tables,0,katie_fallback,0.55
559905,https://www.milesplit.com/meets/283726-nike-cross-regionals-southwest-2017/results/559905/formatted/,,cole,0,cole,0.8499999999999999
559921,https://www.milesplit.com/meets/283726-nike-cross-regionals-southwest-2017/results/559921/formatted/,,no_tables,0,katie_fallback,0.55
560051,https://www.milesplit.com/meets/283726-nike-cross-regionals-southwest-2017/results/560051/formatted/,,cole,0,cole,0.8499999999999999
559906,https://www.milesplit.com/meets/283726-nike-cross-regionals-southwest-2017/results/559906/formatted/,,cole,0,cole,0.8499999999999999
559923,https://www.milesplit.com/meets/283726-nike-cross-regionals-southwest-2017/results/559923/formatted/,,no_tables,0,katie_fallback,0.55
559907,https://www.milesplit.com/meets/283726-nike-cross-regionals-southwest-2017/results/559907/formatted/,,cole,0,cole,0.8999999999999999
559922,https://www.milesplit.com/meets/283726-nike-cross-regionals-southwest-2017/results/559922/formatted/,,no_tables,0,katie_fallback,0.55
559908,https://www.milesplit.com/meets/283726-nike-cross-regionals-southwest-2017/results/559908/formatted/,,cole,0,cole,0.8499999999999999
559919,https://www.milesplit.com/meets/283726-nike-cross-regionals-southwest-2017/results/559919/formatted/,1,unknown_headers,0,adam_fallback,0.9
559429,https://tn.milesplit.com/meets/289250-naca-cross-country-championships-2017/results/559429/formatted/,,cole,0,cole,0.8999999999999999
559428,https://tn.milesplit.com/meets/289250-naca-cross-country-championships-2017/results/559428/formatted/,,cole,0,cole,0.8999999999999999
559426,https://tn.milesplit.com/meets/289250-naca-cross-country-championships-2017/results/559426/formatted/,,cole,0,cole,0.8999999999999999
559427,https://tn.milesplit.com/meets/289250-naca-cross-country-championships-2017/results/559427/formatted/,,cole,0,cole,0.8999999999999999
601873,https://ut.milesplit.com/meets/324595-loyds-lake-classic-2018/results/601873/formatted/,1,individual,25,katie_fallback,0.9
601873,https://ut.milesplit.com/meets/324595-loyds-lake-classic-2018/results/601873/formatted/,2,team,2,katie_fallback,0.9
601873,https://ut.milesplit.com/meets/324595-loyds-lake-classic-2018/results/601873/formatted/,3,individual,59,katie_fallback,0.9
601873,https://ut.milesplit.com/meets/324595-loyds-lake-classic-2018/results/601873/formatted/,4,team,6,katie_fallback,0.9
601873,https://ut.milesplit.com/meets/324595-loyds-lake-classic-2018/results/601873/formatted/,5,individual,24,katie_fallback,0.9
601873,https://ut.milesplit.com/meets/324595-loyds-lake-classic-2018/results/601873/formatted/,6,team,2,katie_fallback,0.9
601873,https://ut.milesplit.com/meets/324595-loyds-lake-classic-2018/results/601873/formatted/,7,individual,49,katie_fallback,0.9
601873,https://ut.milesplit.com/meets/324595-loyds-lake-classic-2018/results/601873/formatted/,8,team,7,katie_fallback,0.9
602037,https://ut.milesplit.com/meets/324595-loyds-lake-classic-2018/results/602037/formatted/,,cole,0,cole,0.8999999999999999
602009,https://ut.milesplit.com/meets/324304-weber-state-xc-invitational-2018/results/602009/formatted/,1,individual,147,katie_fallback,0.9
602009,https://ut.milesplit.com/meets/324304-weber-state-xc-invitational-2018/results/602009/formatted/,2,team,21,katie_fallback,0.9
602010,https://ut.milesplit.com/meets/324304-weber-state-xc-invitational-2018/results/602010/formatted/,1,individual,138,katie_fallback,0.9
602010,https://ut.milesplit.com/meets/324304-weber-state-xc-invitational-2018/results/602010/formatted/,2,team,20,katie_fallback,0.9
603963,https://ut.milesplit.com/meets/324304-weber-state-xc-invitational-2018/results/603963/formatted/,1,individual,137,katie_fallback,0.9
603963,https://ut.milesplit.com/meets/324304-weber-state-xc-invitational-2018/results/603963/formatted/,2,team,11,katie_fallback,0.9
603959,https://ut.milesplit.com/meets/324304-weber-state-xc-invitational-2018/results/603959/formatted/,1,individual,183,katie_fallback,0.9
603959,https://ut.milesplit.com/meets/324304-weber-state-xc-invitational-2018/results/603959/formatted/,2,team,11,katie_fallback,0.9
603961,https://ut.milesplit.com/meets/324304-weber-state-xc-invitational-2018/results/603961/formatted/,1,individual,145,katie_fallback,0.9
603961,https://ut.milesplit.com/meets/324304-weber-state-xc-invitational-2018/results/603961/formatted/,2,team,14,katie_fallback,0.9
603965,https://ut.milesplit.com/meets/324304-weber-state-xc-invitational-2018/results/603965/formatted/,1,individual,187,katie_fallback,0.9
603965,https://ut.milesplit.com/meets/324304-weber-state-xc-invitational-2018/results/603965/formatted/,2,team,14,katie_fallback,0.9
603966,https://ut.milesplit.com/meets/324304-weber-state-xc-invitational-2018/results/603966/formatted/,1,individual,131,katie_fallback,0.9
603966,https://ut.milesplit.com/meets/324304-weber-state-xc-invitational-2018/results/603966/formatted/,2,team,12,katie_fallback,0.9
601104,https://ut.milesplit.com/meets/328216-pre-region-4-meet-2018/results/601104/formatted/,1,individual,166,katie_fallback,0.9
601104,https://ut.milesplit.com/meets/328216-pre-region-4-meet-2018/results/601104/formatted/,2,team,5,katie_fallback,0.9
600916,https://ut.milesplit.com/meets/328216-pre-region-4-meet-2018/results/600916/formatted/,1,individual,166,katie_fallback,0.9
600916,https://ut.milesplit.com/meets/328216-pre-region-4-meet-2018/results/600916/formatted/,2,team,5,katie_fallback,0.9
601051,https://ut.milesplit.com/meets/328176-pre-region-8-meet-2018/results/601051/formatted/,1,individual,91,katie_fallback,0.9
601051,https://ut.milesplit.com/meets/328176-pre-region-8-meet-2018/results/601051/formatted/,2,team,5,katie_fallback,0.9
601052,https://ut.milesplit.com/meets/328176-pre-region-8-meet-2018/results/601052/formatted/,1,individual,63,katie_fallback,0.9
601052,https://ut.milesplit.com/meets/328176-pre-region-8-meet-2018/results/601052/formatted/,2,team,5,katie_fallback,0.9
601059,https://ut.milesplit.com/meets/328176-pre-region-8-meet-2018/results/601059/formatted/,,no_tables,0,katie_fallback,0.55
601057,https://ut.milesplit.com/meets/328176-pre-region-8-meet-2018/results/601057/formatted/,1,individual,79,katie_fallback,0.9
601057,https://ut.milesplit.com/meets/328176-pre-region-8-meet-2018/results/601057/formatted/,2,team,6,katie_fallback,0.9
600762,https://ut.milesplit.com/meets/326313-westlake-grass-relays-2018/results/600762/formatted/,1,individual,148,katie_fallback,0.9
600762,https://ut.milesplit.com/meets/326313-westlake-grass-relays-2018/results/600762/formatted/,2,team,12,katie_fallback,0.9
600761,https://ut.milesplit.com/meets/326313-westlake-grass-relays-2018/results/600761/formatted/,1,individual,255,katie_fallback,0.9
600761,https://ut.milesplit.com/meets/326313-westlake-grass-relays-2018/results/600761/formatted/,2,team,21,katie_fallback,0.9
600765,https://ut.milesplit.com/meets/326313-westlake-grass-relays-2018/results/600765/formatted/,1,individual,309,katie_fallback,0.9
600765,https://ut.milesplit.com/meets/326313-westlake-grass-relays-2018/results/600765/formatted/,2,team,24,katie_fallback,0.9
600760,https://ut.milesplit.com/meets/326313-westlake-grass-relays-2018/results/600760/formatted/,1,individual,220,katie_fallback,0.9
600760,https://ut.milesplit.com/meets/326313-westlake-grass-relays-2018/results/600760/formatted/,2,team,20,katie_fallback,0.9
600764,https://ut.milesplit.com/meets/326313-westlake-grass-relays-2018/results/600764/formatted/,1,individual,163,katie_fallback,0.9
600764,https://ut.milesplit.com/meets/326313-westlake-grass-relays-2018/results/600764/formatted/,2,team,15,katie_fallback,0.9
600576,https://ut.milesplit.com/meets/326313-westlake-grass-relays-2018/results/600576/formatted/,1,individual,100,katie_fallback,0.9
600576,https://ut.milesplit.com/meets/326313-westlake-grass-relays-2018/results/600576/formatted/,2,team,20,katie_fallback,0.9
600575,https://ut.milesplit.com/meets/326313-westlake-grass-relays-2018/results/600575/formatted/,,cole,0,cole,0.8499999999999999
600562,https://ut.milesplit.com/meets/326313-westlake-grass-relays-2018/results/600562/formatted/,1,individual,92,katie_fallback,0.9
600562,https://ut.milesplit.com/meets/326313-westlake-grass-relays-2018/results/600562/formatted/,2,team,18,katie_fallback,0.9
600549,https://ut.milesplit.com/meets/326313-westlake-grass-relays-2018/results/600549/formatted/,,cole,0,cole,0.8499999999999999
600001,https://ut.milesplit.com/meets/323157-royal-run-xc-invitational-2018/results/600001/formatted/,1,individual,53,katie_fallback,0.9
600001,https://ut.milesplit.com/meets/323157-royal-run-xc-invitational-2018/results/600001/formatted/,2,team,8,katie_fallback,0.9
600000,https://ut.milesplit.com/meets/323157-royal-run-xc-invitational-2018/results/600000/formatted/,1,individual,52,katie_fallback,0.9
600000,https://ut.milesplit.com/meets/323157-royal-run-xc-invitational-2018/results/600000/formatted/,2,team,7,katie_fallback,0.9
600484,https://ut.milesplit.com/meets/327817-pre-region-11-meet-2018/results/600484/formatted/,1,individual,107,katie_fallback,0.9
600484,https://ut.milesplit.com/meets/327817-pre-region-11-meet-2018/results/600484/formatted/,2,team,5,katie_fallback,0.9
600485,https://ut.milesplit.com/meets/327817-pre-region-11-meet-2018/results/600485/formatted/,1,individual,70,katie_fallback,0.9
600485,https://ut.milesplit.com/meets/327817-pre-region-11-meet-2018/results/600485/formatted/,2,team,4,katie_fallback,0.9
600488,https://ut.milesplit.com/meets/327741-pre-region-10-meet-2018/results/600488/formatted/,1,individual,179,katie_fallback,0.9
600488,https://ut.milesplit.com/meets/327741-pre-region-10-meet-2018/results/600488/formatted/,2,team,7,katie_fallback,0.9
600489,https://ut.milesplit.com/meets/327741-pre-region-10-meet-2018/results/600489/formatted/,1,individual,124,katie_fallback,0.9
600489,https://ut.milesplit.com/meets/327741-pre-region-10-meet-2018/results/600489/formatted/,2,team,7,katie_fallback,0.9
599341,https://ut.milesplit.com/meets/323156-highland-invitational-2018/results/599341/formatted/,1,individual,207,katie_fallback,0.9
599341,https://ut.milesplit.com/meets/323156-highland-invitational-2018/results/599341/formatted/,2,team,19,katie_fallback,0.9
599341,https://ut.milesplit.com/meets/323156-highland-invitational-2018/results/599341/formatted/,3,individual,143,katie_fallback,0.9
599341,https://ut.milesplit.com/meets/323156-highland-invitational-2018/results/599341/formatted/,4,team,13,katie_fallback,0.9
599338,https://ut.milesplit.com/meets/323156-highland-invitational-2018/results/599338/formatted/,1,individual,433,katie_fallback,0.9
599338,https://ut.milesplit.com/meets/323156-highland-invitational-2018/results/599338/formatted/,2,team,40,katie_fallback,0.9
599338,https://ut.milesplit.com/meets/323156-highland-invitational-2018/results/599338/formatted/,3,individual,297,katie_fallback,0.9
599338,https://ut.milesplit.com/meets/323156-highland-invitational-2018/results/599338/formatted/,4,team,29,katie_fallback,0.9
599340,https://ut.milesplit.com/meets/323156-highland-invitational-2018/results/599340/formatted/,1,individual,241,katie_fallback,0.9
599340,https://ut.milesplit.com/meets/323156-highland-invitational-2018/results/599340/formatted/,2,team,23,katie_fallback,0.9
599340,https://ut.milesplit.com/meets/323156-highland-invitational-2018/results/599340/formatted/,3,individual,161,katie_fallback,0.9
599340,https://ut.milesplit.com/meets/323156-highland-invitational-2018/results/599340/formatted/,4,team,11,katie_fallback,0.9
599334,https://ut.milesplit.com/meets/323156-highland-invitational-2018/results/599334/formatted/,1,individual,258,katie_fallback,0.9
599334,https://ut.milesplit.com/meets/323156-highland-invitational-2018/results/599334/formatted/,2,team,37,katie_fallback,0.9
599332,https://ut.milesplit.com/meets/323156-highland-invitational-2018/results/599332/formatted/,1,individual,216,katie_fallback,0.9
599332,https://ut.milesplit.com/meets/323156-highland-invitational-2018/results/599332/formatted/,2,team,28,katie_fallback,0.9
599102,https://ut.milesplit.com/meets/325906-premier-invitational-2018/results/599102/formatted/,,no_tables,0,katie_fallback,0.55
599103,https://ut.milesplit.com/meets/325906-premier-invitational-2018/results/599103/formatted/,,no_tables,0,katie_fallback,0.55
599101,https://ut.milesplit.com/meets/325906-premier-invitational-2018/results/599101/formatted/,,no_tables,0,katie_fallback,0.55
599109,https://ut.milesplit.com/meets/325906-premier-invitational-2018/results/599109/formatted/,,no_tables,0,katie_fallback,0.55
610374,https://co.milesplit.com/meets/323324-chicken-creek-challenge-2018/results/610374/formatted/,1,individual,51,katie_fallback,0.9
610374,https://co.milesplit.com/meets/323324-chicken-creek-challenge-2018/results/610374/formatted/,2,team,4,katie_fallback,0.9
610376,https://co.milesplit.com/meets/323324-chicken-creek-challenge-2018/results/610376/formatted/,1,individual,50,katie_fallback,0.9
610376,https://co.milesplit.com/meets/323324-chicken-creek-challenge-2018/results/610376/formatted/,2,team,5,katie_fallback,0.9
610383,https://co.milesplit.com/meets/323324-chicken-creek-challenge-2018/results/610383/formatted/,1,individual,57,katie_fallback,0.9
610383,https://co.milesplit.com/meets/323324-chicken-creek-challenge-2018/results/610383/formatted/,2,team,8,katie_fallback,0.9
610383,https://co.milesplit.com/meets/323324-chicken-creek-challenge-2018/results/610383/formatted/,3,individual,53,katie_fallback,0.9
610383,https://co.milesplit.com/meets/323324-chicken-creek-challenge-2018/results/610383/formatted/,4,team,7,katie_fallback,0.9
610386,https://co.milesplit.com/meets/323324-chicken-creek-challenge-2018/results/610386/formatted/,1,individual,55,katie_fallback,0.9
610386,https://co.milesplit.com/meets/323324-chicken-creek-challenge-2018/results/610386/formatted/,2,team,5,katie_fallback,0.9
610386,https://co.milesplit.com/meets/323324-chicken-creek-challenge-2018/results/610386/formatted/,3,individual,57,katie_fallback,0.9
610386,https://co.milesplit.com/meets/323324-chicken-creek-challenge-2018/results/610386/formatted/,4,team,5,katie_fallback,0.9
609830,https://ut.milesplit.com/meets/330714-cedar-xc-invitational-2018/results/609830/formatted/,1,individual,215,katie_fallback,0.9
609830,https://ut.milesplit.com/meets/330714-cedar-xc-invitational-2018/results/609830/formatted/,2,team,13,katie_fallback,0.9
609831,https://ut.milesplit.com/meets/330714-cedar-xc-invitational-2018/results/609831/formatted/,1,individual,164,katie_fallback,0.9
609831,https://ut.milesplit.com/meets/330714-cedar-xc-invitational-2018/results/609831/formatted/,2,team,12,katie_fallback,0.9
609832,https://ut.milesplit.com/meets/330714-cedar-xc-invitational-2018/results/609832/formatted/,,cole,0,cole,0.8499999999999999
609828,https://ut.milesplit.com/meets/330714-cedar-xc-invitational-2018/results/609828/formatted/,1,individual,112,katie_fallback,0.9
609828,https://ut.milesplit.com/meets/330714-cedar-xc-invitational-2018/results/609828/formatted/,2,team,13,katie_fallback,0.9
609829,https://ut.milesplit.com/meets/330714-cedar-xc-invitational-2018/results/609829/formatted/,1,individual,99,katie_fallback,0.9
609829,https://ut.milesplit.com/meets/330714-cedar-xc-invitational-2018/results/609829/formatted/,2,team,11,katie_fallback,0.9
610834,https://az.milesplit.com/meets/324969-nike-desert-twilight-festival-2018/results/610834/formatted/,1,individual,236,katie_fallback,0.9
610834,https://az.milesplit.com/meets/324969-nike-desert-twilight-festival-2018/results/610834/formatted/,2,team,30,katie_fallback,0.9
610835,https://az.milesplit.com/meets/324969-nike-desert-twilight-festival-2018/results/610835/formatted/,1,individual,206,katie_fallback,0.9
610835,https://az.milesplit.com/meets/324969-nike-desert-twilight-festival-2018/results/610835/formatted/,2,team,27,katie_fallback,0.9
610817,https://az.milesplit.com/meets/324969-nike-desert-twilight-festival-2018/results/610817/formatted/,1,individual,234,katie_fallback,0.9
610817,https://az.milesplit.com/meets/324969-nike-desert-twilight-festival-2018/results/610817/formatted/,2,team,31,katie_fallback,0.9
610818,https://az.milesplit.com/meets/324969-nike-desert-twilight-festival-2018/results/610818/formatted/,1,individual,281,katie_fallback,0.9
610818,https://az.milesplit.com/meets/324969-nike-desert-twilight-festival-2018/results/610818/formatted/,2,team,21,katie_fallback,0.9
610819,https://az.milesplit.com/meets/324969-nike-desert-twilight-festival-2018/results/610819/formatted/,1,individual,2,katie_fallback,0.9
610819,https://az.milesplit.com/meets/324969-nike-desert-twilight-festival-2018/results/610819/formatted/,2,individual,132,katie_fallback,0.9
610819,https://az.milesplit.com/meets/324969-nike-desert-twilight-festival-2018/results/610819/formatted/,3,team,6,katie_fallback,0.9
610820,https://az.milesplit.com/meets/324969-nike-desert-twilight-festival-2018/results/610820/formatted/,1,individual,1,katie_fallback,0.9
610820,https://az.milesplit.com/meets/324969-nike-desert-twilight-festival-2018/results/610820/formatted/,2,individual,715,katie_fallback,0.9
610820,https://az.milesplit.com/meets/324969-nike-desert-twilight-festival-2018/results/610820/formatted/,3,team,56,katie_fallback,0.9
610822,https://az.milesplit.com/meets/324969-nike-desert-twilight-festival-2018/results/610822/formatted/,1,individual,2,katie_fallback,0.9
610822,https://az.milesplit.com/meets/324969-nike-desert-twilight-festival-2018/results/610822/formatted/,2,individual,321,katie_fallback,0.9
610822,https://az.milesplit.com/meets/324969-nike-desert-twilight-festival-2018/results/610822/formatted/,3,team,27,katie_fallback,0.9
610821,https://az.milesplit.com/meets/324969-nike-desert-twilight-festival-2018/results/610821/formatted/,1,individual,284,katie_fallback,0.9
610821,https://az.milesplit.com/meets/324969-nike-desert-twilight-festival-2018/results/610821/formatted/,2,team,40,katie_fallback,0.9
610823,https://az.milesplit.com/meets/324969-nike-desert-twilight-festival-2018/results/610823/formatted/,1,individual,455,katie_fallback,0.9
610823,https://az.milesplit.com/meets/324969-nike-desert-twilight-festival-2018/results/610823/formatted/,2,team,61,katie_fallback,0.9
610824,https://az.milesplit.com/meets/324969-nike-desert-twilight-festival-2018/results/610824/formatted/,,cole,0,cole,0.8499999999999999
610825,https://az.milesplit.com/meets/324969-nike-desert-twilight-festival-2018/results/610825/formatted/,1,individual,1,katie_fallback,0.9
610825,https://az.milesplit.com/meets/324969-nike-desert-twilight-festival-2018/results/610825/formatted/,2,individual,173,katie_fallback,0.9
610825,https://az.milesplit.com/meets/324969-nike-desert-twilight-festival-2018/results/610825/formatted/,3,team,23,katie_fallback,0.9
610826,https://az.milesplit.com/meets/324969-nike-desert-twilight-festival-2018/results/610826/formatted/,1,individual,1,katie_fallback,0.9
610826,https://az.milesplit.com/meets/324969-nike-desert-twilight-festival-2018/results/610826/formatted/,2,individual,169,katie_fallback,0.9
610826,https://az.milesplit.com/meets/324969-nike-desert-twilight-festival-2018/results/610826/formatted/,3,team,12,katie_fallback,0.9
610827,https://az.milesplit.com/meets/324969-nike-desert-twilight-festival-2018/results/610827/formatted/,1,individual,81,katie_fallback,0.9
610827,https://az.milesplit.com/meets/324969-nike-desert-twilight-festival-2018/results/610827/formatted/,2,team,3,katie_fallback,0.9
610828,https://az.milesplit.com/meets/324969-nike-desert-twilight-festival-2018/results/610828/formatted/,1,individual,1,katie_fallback,0.9
610828,https://az.milesplit.com/meets/324969-nike-desert-twilight-festival-2018/results/610828/formatted/,2,individual,450,katie_fallback,0.9
610828,https://az.milesplit.com/meets/324969-nike-desert-twilight-festival-2018/results/610828/formatted/,3,team,39,katie_fallback,0.9
610830,https://az.milesplit.com/meets/324969-nike-desert-twilight-festival-2018/results/610830/formatted/,1,individual,191,katie_fallback,0.9
610830,https://az.milesplit.com/meets/324969-nike-desert-twilight-festival-2018/results/610830/formatted/,2,team,18,katie_fallback,0.9
610829,https://az.milesplit.com/meets/324969-nike-desert-twilight-festival-2018/results/610829/formatted/,1,individual,226,katie_fallback,0.9
610829,https://az.milesplit.com/meets/324969-nike-desert-twilight-festival-2018/results/610829/formatted/,2,team,31,katie_fallback,0.9
610831,https://az.milesplit.com/meets/324969-nike-desert-twilight-festival-2018/results/610831/formatted/,1,individual,349,katie_fallback,0.9
610831,https://az.milesplit.com/meets/324969-nike-desert-twilight-festival-2018/results/610831/formatted/,2,team,41,katie_fallback,0.9
610832,https://az.milesplit.com/meets/324969-nike-desert-twilight-festival-2018/results/610832/formatted/,,cole,0,cole,0.8499999999999999
610833,https://az.milesplit.com/meets/324969-nike-desert-twilight-festival-2018/results/610833/formatted/,,cole,0,cole,0.8499999999999999
609773,https://ut.milesplit.com/meets/324603-park-city-xc-invitational-2018/results/609773/formatted/,1,individual,331,katie_fallback,0.9
609773,https://ut.milesplit.com/meets/324603-park-city-xc-invitational-2018/results/609773/formatted/,2,team,20,katie_fallback,0.9
609773,https://ut.milesplit.com/meets/324603-park-city-xc-invitational-2018/results/609773/formatted/,3,individual,164,katie_fallback,0.9
609773,https://ut.milesplit.com/meets/324603-park-city-xc-invitational-2018/results/609773/formatted/,4,team,19,katie_fallback,0.9
609773,https://ut.milesplit.com/meets/324603-park-city-xc-invitational-2018/results/609773/formatted/,5,individual,178,katie_fallback,0.9
609773,https://ut.milesplit.com/meets/324603-park-city-xc-invitational-2018/results/609773/formatted/,6,team,13,katie_fallback,0.9
609773,https://ut.milesplit.com/meets/324603-park-city-xc-invitational-2018/results/609773/formatted/,7,individual,142,katie_fallback,0.9
609773,https://ut.milesplit.com/meets/324603-park-city-xc-invitational-2018/results/609773/formatted/,8,team,18,katie_fallback,0.9
611024,https://ut.milesplit.com/meets/324603-park-city-xc-invitational-2018/results/611024/formatted/,1,individual,391,katie_fallback,0.9
611024,https://ut.milesplit.com/meets/324603-park-city-xc-invitational-2018/results/611024/formatted/,2,team,19,katie_fallback,0.9
611023,https://ut.milesplit.com/meets/324603-park-city-xc-invitational-2018/results/611023/formatted/,1,individual,239,katie_fallback,0.9
611023,https://ut.milesplit.com/meets/324603-park-city-xc-invitational-2018/results/611023/formatted/,2,team,16,katie_fallback,0.9
611027,https://ut.milesplit.com/meets/324603-park-city-xc-invitational-2018/results/611027/formatted/,1,individual,168,katie_fallback,0.9
611027,https://ut.milesplit.com/meets/324603-park-city-xc-invitational-2018/results/611027/formatted/,2,team,18,katie_fallback,0.9
611025,https://ut.milesplit.com/meets/324603-park-city-xc-invitational-2018/results/611025/formatted/,1,individual,120,katie_fallback,0.9
611025,https://ut.milesplit.com/meets/324603-park-city-xc-invitational-2018/results/611025/formatted/,2,team,14,katie_fallback,0.9
609673,https://ut.milesplit.com/meets/330487-red-devil-invitational-2018/results/609673/formatted/,,no_tables,0,katie_fallback,0.55
609705,https://ut.milesplit.com/meets/330487-red-devil-invitational-2018/results/609705/formatted/,1,individual,79,katie_fallback,0.9
609705,https://ut.milesplit.com/meets/330487-red-devil-invitational-2018/results/609705/formatted/,2,team,6,katie_fallback,0.9
609681,https://ut.milesplit.com/meets/330487-red-devil-invitational-2018/results/609681/formatted/,1,individual,41,katie_fallback,0.9
609681,https://ut.milesplit.com/meets/330487-red-devil-invitational-2018/results/609681/formatted/,2,team,6,katie_fallback,0.9
609677,https://ut.milesplit.com/meets/330487-red-devil-invitational-2018/results/609677/formatted/,1,individual,46,katie_fallback,0.9
609677,https://ut.milesplit.com/meets/330487-red-devil-invitational-2018/results/609677/formatted/,2,team,6,katie_fallback,0.9
608444,https://ut.milesplit.com/meets/330283-monument-valley-cougar-meet-2018/results/608444/formatted/,1,individual,9,katie_fallback,0.9
608444,https://ut.milesplit.com/meets/330283-monument-valley-cougar-meet-2018/results/608444/formatted/,2,team,1,katie_fallback,0.9
608444,https://ut.milesplit.com/meets/330283-monument-valley-cougar-meet-2018/results/608444/formatted/,3,individual,15,katie_fallback,0.9
608444,https://ut.milesplit.com/meets/330283-monument-valley-cougar-meet-2018/results/608444/formatted/,4,team,2,katie_fallback,0.9
608445,https://ut.milesplit.com/meets/330283-monument-valley-cougar-meet-2018/results/608445/formatted/,,cole,0,cole,0.8999999999999999
608190,https://co.milesplit.com/meets/320357-pagosa-springs-cross-country-challenge-2018/results/608190/formatted/,1,individual,71,katie_fallback,0.9
608190,https://co.milesplit.com/meets/320357-pagosa-springs-cross-country-challenge-2018/results/608190/formatted/,2,team,7,katie_fallback,0.9
608186,https://co.milesplit.com/meets/320357-pagosa-springs-cross-country-challenge-2018/results/608186/formatted/,1,individual,60,katie_fallback,0.9
608186,https://co.milesplit.com/meets/320357-pagosa-springs-cross-country-challenge-2018/results/608186/formatted/,2,team,5,katie_fallback,0.9
608195,https://co.milesplit.com/meets/320357-pagosa-springs-cross-country-challenge-2018/results/608195/formatted/,1,individual,85,katie_fallback,0.9
608195,https://co.milesplit.com/meets/320357-pagosa-springs-cross-country-challenge-2018/results/608195/formatted/,2,team,6,katie_fallback,0.9
608194,https://co.milesplit.com/meets/320357-pagosa-springs-cross-country-challenge-2018/results/608194/formatted/,1,individual,60,katie_fallback,0.9
608194,https://co.milesplit.com/meets/320357-pagosa-springs-cross-country-challenge-2018/results/608194/formatted/,2,team,6,katie_fallback,0.9
608229,https://www.milesplit.com/meets/303755-bob-firman-invitational-2018/results/608229/formatted/,1,individual,124,katie_fallback,0.9
608229,https://www.milesplit.com/meets/303755-bob-firman-invitational-2018/results/608229/formatted/,2,team,15,katie_fallback,0.9
608235,https://www.milesplit.com/meets/303755-bob-firman-invitational-2018/results/608235/formatted/,1,individual,125,katie_fallback,0.9
608235,https://www.milesplit.com/meets/303755-bob-firman-invitational-2018/results/608235/formatted/,2,team,14,katie_fallback,0.9
608223,https://www.milesplit.com/meets/303755-bob-firman-invitational-2018/results/608223/formatted/,1,individual,125,katie_fallback,0.9
608223,https://www.milesplit.com/meets/303755-bob-firman-invitational-2018/results/608223/formatted/,2,team,8,katie_fallback,0.9
608233,https://www.milesplit.com/meets/303755-bob-firman-invitational-2018/results/608233/formatted/,1,individual,124,katie_fallback,0.9
608233,https://www.milesplit.com/meets/303755-bob-firman-invitational-2018/results/608233/formatted/,2,team,9,katie_fallback,0.9
608230,https://www.milesplit.com/meets/303755-bob-firman-invitational-2018/results/608230/formatted/,1,individual,125,katie_fallback,0.9
608230,https://www.milesplit.com/meets/303755-bob-firman-invitational-2018/results/608230/formatted/,2,team,9,katie_fallback,0.9
608231,https://www.milesplit.com/meets/303755-bob-firman-invitational-2018/results/608231/formatted/,1,individual,125,katie_fallback,0.9
608231,https://www.milesplit.com/meets/303755-bob-firman-invitational-2018/results/608231/formatted/,2,team,10,katie_fallback,0.9
608241,https://www.milesplit.com/meets/303755-bob-firman-invitational-2018/results/608241/formatted/,1,individual,125,katie_fallback,0.9
608241,https://www.milesplit.com/meets/303755-bob-firman-invitational-2018/results/608241/formatted/,2,team,10,katie_fallback,0.9
608243,https://www.milesplit.com/meets/303755-bob-firman-invitational-2018/results/608243/formatted/,1,individual,125,katie_fallback,0.9
608243,https://www.milesplit.com/meets/303755-bob-firman-invitational-2018/results/608243/formatted/,2,team,14,katie_fallback,0.9
608232,https://www.milesplit.com/meets/303755-bob-firman-invitational-2018/results/608232/formatted/,,cole,0,cole,0.8999999999999999
608244,https://www.milesplit.com/meets/303755-bob-firman-invitational-2018/results/608244/formatted/,,cole,0,cole,0.8999999999999999
608226,https://www.milesplit.com/meets/303755-bob-firman-invitational-2018/results/608226/formatted/,1,individual,125,katie_fallback,0.9
608226,https://www.milesplit.com/meets/303755-bob-firman-invitational-2018/results/608226/formatted/,2,team,15,katie_fallback,0.9
608227,https://www.milesplit.com/meets/303755-bob-firman-invitational-2018/results/608227/formatted/,1,individual,122,katie_fallback,0.9
608227,https://www.milesplit.com/meets/303755-bob-firman-invitational-2018/results/608227/formatted/,2,team,13,katie_fallback,0.9
608224,https://www.milesplit.com/meets/303755-bob-firman-invitational-2018/results/608224/formatted/,1,individual,125,katie_fallback,0.9
608224,https://www.milesplit.com/meets/303755-bob-firman-invitational-2018/results/608224/formatted/,2,team,12,katie_fallback,0.9
608237,https://www.milesplit.com/meets/303755-bob-firman-invitational-2018/results/608237/formatted/,1,individual,125,katie_fallback,0.9
608237,https://www.milesplit.com/meets/303755-bob-firman-invitational-2018/results/608237/formatted/,2,team,17,katie_fallback,0.9
608240,https://www.milesplit.com/meets/303755-bob-firman-invitational-2018/results/608240/formatted/,1,individual,125,katie_fallback,0.9
608240,https://www.milesplit.com/meets/303755-bob-firman-invitational-2018/results/608240/formatted/,2,team,16,katie_fallback,0.9
608236,https://www.milesplit.com/meets/303755-bob-firman-invitational-2018/results/608236/formatted/,1,individual,125,katie_fallback,0.9
608236,https://www.milesplit.com/meets/303755-bob-firman-invitational-2018/results/608236/formatted/,2,team,9,katie_fallback,0.9
607478,https://ut.milesplit.com/meets/329887-nebo-xc-invitational-2018/results/607478/formatted/,1,individual,201,katie_fallback,0.9
607478,https://ut.milesplit.com/meets/329887-nebo-xc-invitational-2018/results/607478/formatted/,2,team,15,katie_fallback,0.9
607479,https://ut.milesplit.com/meets/329887-nebo-xc-invitational-2018/results/607479/formatted/,1,individual,145,katie_fallback,0.9
607479,https://ut.milesplit.com/meets/329887-nebo-xc-invitational-2018/results/607479/formatted/,2,team,12,katie_fallback,0.9
607475,https://ut.milesplit.com/meets/329887-nebo-xc-invitational-2018/results/607475/formatted/,1,individual,139,katie_fallback,0.9
607475,https://ut.milesplit.com/meets/329887-nebo-xc-invitational-2018/results/607475/formatted/,2,team,12,katie_fallback,0.9
607476,https://ut.milesplit.com/meets/329887-nebo-xc-invitational-2018/results/607476/formatted/,1,individual,86,katie_fallback,0.9
607476,https://ut.milesplit.com/meets/329887-nebo-xc-invitational-2018/results/607476/formatted/,2,team,11,katie_fallback,0.9
607471,https://ut.milesplit.com/meets/329887-nebo-xc-invitational-2018/results/607471/formatted/,1,individual,84,katie_fallback,0.9
607471,https://ut.milesplit.com/meets/329887-nebo-xc-invitational-2018/results/607471/formatted/,2,team,12,katie_fallback,0.9
607473,https://ut.milesplit.com/meets/329887-nebo-xc-invitational-2018/results/607473/formatted/,1,individual,75,katie_fallback,0.9
607473,https://ut.milesplit.com/meets/329887-nebo-xc-invitational-2018/results/607473/formatted/,2,team,11,katie_fallback,0.9
607019,https://ut.milesplit.com/meets/324599-carbon-invitational-2018/results/607019/formatted/,1,individual,129,katie_fallback,0.9
607019,https://ut.milesplit.com/meets/324599-carbon-invitational-2018/results/607019/formatted/,2,team,9,katie_fallback,0.9
607019,https://ut.milesplit.com/meets/324599-carbon-invitational-2018/results/607019/formatted/,3,individual,75,katie_fallback,0.9
607019,https://ut.milesplit.com/meets/324599-carbon-invitational-2018/results/607019/formatted/,4,team,11,katie_fallback,0.9
607019,https://ut.milesplit.com/meets/324599-carbon-invitational-2018/results/607019/formatted/,5,individual,67,katie_fallback,0.9
607019,https://ut.milesplit.com/meets/324599-carbon-invitational-2018/results/607019/formatted/,6,team,6,katie_fallback,0.9
607019,https://ut.milesplit.com/meets/324599-carbon-invitational-2018/results/607019/formatted/,7,individual,51,katie_fallback,0.9
607019,https://ut.milesplit.com/meets/324599-carbon-invitational-2018/results/607019/formatted/,8,team,8,katie_fallback,0.9
607316,https://ut.milesplit.com/meets/324599-carbon-invitational-2018/results/607316/formatted/,,cole,0,cole,0.95
606491,https://ut.milesplit.com/meets/326315-stewart-foster-invitational-2018/results/606491/formatted/,1,individual,42,katie_fallback,0.9
606491,https://ut.milesplit.com/meets/326315-stewart-foster-invitational-2018/results/606491/formatted/,2,team,4,katie_fallback,0.9
606491,https://ut.milesplit.com/meets/326315-stewart-foster-invitational-2018/results/606491/formatted/,3,individual,33,katie_fallback,0.9
606491,https://ut.milesplit.com/meets/326315-stewart-foster-invitational-2018/results/606491/formatted/,4,team,5,katie_fallback,0.9
606492,https://ut.milesplit.com/meets/326315-stewart-foster-invitational-2018/results/606492/formatted/,,cole,0,cole,0.8999999999999999
606316,https://ut.milesplit.com/meets/324598-byu-autumn-classic-2018/results/606316/formatted/,1,individual,62,katie_fallback,0.9
606316,https://ut.milesplit.com/meets/324598-byu-autumn-classic-2018/results/606316/formatted/,2,team,6,katie_fallback,0.9
606317,https://ut.milesplit.com/meets/324598-byu-autumn-classic-2018/results/606317/formatted/,1,individual,76,katie_fallback,0.9
606317,https://ut.milesplit.com/meets/324598-byu-autumn-classic-2018/results/606317/formatted/,2,team,7,katie_fallback,0.9
605549,https://ut.milesplit.com/meets/324598-byu-autumn-classic-2018/results/605549/formatted/,1,individual,256,katie_fallback,0.9
605549,https://ut.milesplit.com/meets/324598-byu-autumn-classic-2018/results/605549/formatted/,2,team,21,katie_fallback,0.9
605682,https://ut.milesplit.com/meets/324598-byu-autumn-classic-2018/results/605682/formatted/,1,individual,177,katie_fallback,0.9
605682,https://ut.milesplit.com/meets/324598-byu-autumn-classic-2018/results/605682/formatted/,2,team,14,katie_fallback,0.9
605558,https://ut.milesplit.com/meets/324598-byu-autumn-classic-2018/results/605558/formatted/,1,individual,227,katie_fallback,0.9
605558,https://ut.milesplit.com/meets/324598-byu-autumn-classic-2018/results/605558/formatted/,2,team,18,katie_fallback,0.9
605681,https://ut.milesplit.com/meets/324598-byu-autumn-classic-2018/results/605681/formatted/,1,individual,131,katie_fallback,0.9
605681,https://ut.milesplit.com/meets/324598-byu-autumn-classic-2018/results/605681/formatted/,2,team,9,katie_fallback,0.9
605545,https://ut.milesplit.com/meets/324598-byu-autumn-classic-2018/results/605545/formatted/,1,individual,176,katie_fallback,0.9
605545,https://ut.milesplit.com/meets/324598-byu-autumn-classic-2018/results/605545/formatted/,2,team,24,katie_fallback,0.9
605547,https://ut.milesplit.com/meets/324598-byu-autumn-classic-2018/results/605547/formatted/,1,individual,154,katie_fallback,0.9
605547,https://ut.milesplit.com/meets/324598-byu-autumn-classic-2018/results/605547/formatted/,2,team,20,katie_fallback,0.9
606082,https://ca.milesplit.com/meets/323909-woodbridge-cross-country-classic-2018/results/606082/formatted/,1,individual,231,katie_fallback,0.9
606082,https://ca.milesplit.com/meets/323909-woodbridge-cross-country-classic-2018/results/606082/formatted/,2,team,33,katie_fallback,0.9
606065,https://ca.milesplit.com/meets/323909-woodbridge-cross-country-classic-2018/results/606065/formatted/,1,individual,227,katie_fallback,0.9
606065,https://ca.milesplit.com/meets/323909-woodbridge-cross-country-classic-2018/results/606065/formatted/,2,team,32,katie_fallback,0.9
606046,https://ca.milesplit.com/meets/323909-woodbridge-cross-country-classic-2018/results/606046/formatted/,1,individual,216,katie_fallback,0.9
606046,https://ca.milesplit.com/meets/323909-woodbridge-cross-country-classic-2018/results/606046/formatted/,2,team,32,katie_fallback,0.9
606054,https://ca.milesplit.com/meets/323909-woodbridge-cross-country-classic-2018/results/606054/formatted/,1,individual,179,katie_fallback,0.9
606054,https://ca.milesplit.com/meets/323909-woodbridge-cross-country-classic-2018/results/606054/formatted/,2,team,23,katie_fallback,0.9
606083,https://ca.milesplit.com/meets/323909-woodbridge-cross-country-classic-2018/results/606083/formatted/,1,individual,310,katie_fallback,0.9
606083,https://ca.milesplit.com/meets/323909-woodbridge-cross-country-classic-2018/results/606083/formatted/,2,team,23,katie_fallback,0.9
605913,https://ca.milesplit.com/meets/323909-woodbridge-cross-country-classic-2018/results/605913/formatted/,1,individual,273,katie_fallback,0.9
605913,https://ca.milesplit.com/meets/323909-woodbridge-cross-country-classic-2018/results/605913/formatted/,2,team,27,katie_fallback,0.9
605913,https://ca.milesplit.com/meets/323909-woodbridge-cross-country-classic-2018/results/605913/formatted/,3,individual,1,katie_fallback,0.9
605236,https://ca.milesplit.com/meets/323909-woodbridge-cross-country-classic-2018/results/605236/formatted/,1,individual,365,katie_fallback,0.9
605236,https://ca.milesplit.com/meets/323909-woodbridge-cross-country-classic-2018/results/605236/formatted/,2,team,29,katie_fallback,0.9
605236,https://ca.milesplit.com/meets/323909-woodbridge-cross-country-classic-2018/results/605236/formatted/,3,individual,1,katie_fallback,0.9
605226,https://ca.milesplit.com/meets/323909-woodbridge-cross-country-classic-2018/results/605226/formatted/,1,individual,216,katie_fallback,0.9
605226,https://ca.milesplit.com/meets/323909-woodbridge-cross-country-classic-2018/results/605226/formatted/,2,team,22,katie_fallback,0.9
606009,https://ca.milesplit.com/meets/323909-woodbridge-cross-country-classic-2018/results/606009/formatted/,1,individual,222,katie_fallback,0.9
606009,https://ca.milesplit.com/meets/323909-woodbridge-cross-country-classic-2018/results/606009/formatted/,2,team,18,katie_fallback,0.9
605958,https://ca.milesplit.com/meets/323909-woodbridge-cross-country-classic-2018/results/605958/formatted/,1,individual,182,katie_fallback,0.9
605958,https://ca.milesplit.com/meets/323909-woodbridge-cross-country-classic-2018/results/605958/formatted/,2,team,20,katie_fallback,0.9
605958,https://ca.milesplit.com/meets/323909-woodbridge-cross-country-classic-2018/results/605958/formatted/,3,individual,1,katie_fallback,0.9
605241,https://ca.milesplit.com/meets/323909-woodbridge-cross-country-classic-2018/results/605241/formatted/,1,individual,269,katie_fallback,0.9
605241,https://ca.milesplit.com/meets/323909-woodbridge-cross-country-classic-2018/results/605241/formatted/,2,team,21,katie_fallback,0.9
605232,https://ca.milesplit.com/meets/323909-woodbridge-cross-country-classic-2018/results/605232/formatted/,1,individual,217,katie_fallback,0.9
605232,https://ca.milesplit.com/meets/323909-woodbridge-cross-country-classic-2018/results/605232/formatted/,2,team,17,katie_fallback,0.9
605902,https://ca.milesplit.com/meets/323909-woodbridge-cross-country-classic-2018/results/605902/formatted/,1,individual,198,katie_fallback,0.9
605902,https://ca.milesplit.com/meets/323909-woodbridge-cross-country-classic-2018/results/605902/formatted/,2,team,13,katie_fallback,0.9
605157,https://ca.milesplit.com/meets/323909-woodbridge-cross-country-classic-2018/results/605157/formatted/,1,individual,269,katie_fallback,0.9
605157,https://ca.milesplit.com/meets/323909-woodbridge-cross-country-classic-2018/results/605157/formatted/,2,team,26,katie_fallback,0.9
606011,https://ca.milesplit.com/meets/323909-woodbridge-cross-country-classic-2018/results/606011/formatted/,1,individual,146,katie_fallback,0.9
606011,https://ca.milesplit.com/meets/323909-woodbridge-cross-country-classic-2018/results/606011/formatted/,2,team,12,katie_fallback,0.9
605999,https://ca.milesplit.com/meets/323909-woodbridge-cross-country-classic-2018/results/605999/formatted/,1,individual,140,katie_fallback,0.9
605999,https://ca.milesplit.com/meets/323909-woodbridge-cross-country-classic-2018/results/605999/formatted/,2,team,10,katie_fallback,0.9
605999,https://ca.milesplit.com/meets/323909-woodbridge-cross-country-classic-2018/results/605999/formatted/,3,individual,1,katie_fallback,0.9
605243,https://ca.milesplit.com/meets/323909-woodbridge-cross-country-classic-2018/results/605243/formatted/,1,individual,267,katie_fallback,0.9
605243,https://ca.milesplit.com/meets/323909-woodbridge-cross-country-classic-2018/results/605243/formatted/,2,team,21,katie_fallback,0.9
605235,https://ca.milesplit.com/meets/323909-woodbridge-cross-country-classic-2018/results/605235/formatted/,1,individual,145,katie_fallback,0.9
605235,https://ca.milesplit.com/meets/323909-woodbridge-cross-country-classic-2018/results/605235/formatted/,2,team,11,katie_fallback,0.9
606005,https://ca.milesplit.com/meets/323909-woodbridge-cross-country-classic-2018/results/606005/formatted/,1,individual,316,katie_fallback,0.9
606005,https://ca.milesplit.com/meets/323909-woodbridge-cross-country-classic-2018/results/606005/formatted/,2,team,30,katie_fallback,0.9
606005,https://ca.milesplit.com/meets/323909-woodbridge-cross-country-classic-2018/results/606005/formatted/,3,individual,1,katie_fallback,0.9
605956,https://ca.milesplit.com/meets/323909-woodbridge-cross-country-classic-2018/results/605956/formatted/,1,individual,333,katie_fallback,0.9
605956,https://ca.milesplit.com/meets/323909-woodbridge-cross-country-classic-2018/results/605956/formatted/,2,team,31,katie_fallback,0.9
605956,https://ca.milesplit.com/meets/323909-woodbridge-cross-country-classic-2018/results/605956/formatted/,3,individual,1,katie_fallback,0.9
605239,https://ca.milesplit.com/meets/323909-woodbridge-cross-country-classic-2018/results/605239/formatted/,1,individual,435,katie_fallback,0.9
605239,https://ca.milesplit.com/meets/323909-woodbridge-cross-country-classic-2018/results/605239/formatted/,2,team,41,katie_fallback,0.9
605239,https://ca.milesplit.com/meets/323909-woodbridge-cross-country-classic-2018/results/605239/formatted/,3,individual,1,katie_fallback,0.9
605230,https://ca.milesplit.com/meets/323909-woodbridge-cross-country-classic-2018/results/605230/formatted/,1,individual,283,katie_fallback,0.9
605230,https://ca.milesplit.com/meets/323909-woodbridge-cross-country-classic-2018/results/605230/formatted/,2,team,28,katie_fallback,0.9
605230,https://ca.milesplit.com/meets/323909-woodbridge-cross-country-classic-2018/results/605230/formatted/,3,individual,1,katie_fallback,0.9
606029,https://ca.milesplit.com/meets/323909-woodbridge-cross-country-classic-2018/results/606029/formatted/,1,individual,186,katie_fallback,0.9
606029,https://ca.milesplit.com/meets/323909-woodbridge-cross-country-classic-2018/results/606029/formatted/,2,team,28,katie_fallback,0.9
606035,https://ca.milesplit.com/meets/323909-woodbridge-cross-country-classic-2018/results/606035/formatted/,1,individual,183,katie_fallback,0.9
606035,https://ca.milesplit.com/meets/323909-woodbridge-cross-country-classic-2018/results/606035/formatted/,2,team,26,katie_fallback,0.9
606034,https://ca.milesplit.com/meets/323909-woodbridge-cross-country-classic-2018/results/606034/formatted/,1,individual,161,katie_fallback,0.9
606034,https://ca.milesplit.com/meets/323909-woodbridge-cross-country-classic-2018/results/606034/formatted/,2,team,23,katie_fallback,0.9
606034,https://ca.milesplit.com/meets/323909-woodbridge-cross-country-classic-2018/results/606034/formatted/,3,individual,1,katie_fallback,0.9
606037,https://ca.milesplit.com/meets/323909-woodbridge-cross-country-classic-2018/results/606037/formatted/,1,individual,182,katie_fallback,0.9
606037,https://ca.milesplit.com/meets/323909-woodbridge-cross-country-classic-2018/results/606037/formatted/,2,team,26,katie_fallback,0.9
605248,https://ca.milesplit.com/meets/323909-woodbridge-cross-country-classic-2018/results/605248/formatted/,1,individual,197,katie_fallback,0.9
605248,https://ca.milesplit.com/meets/323909-woodbridge-cross-country-classic-2018/results/605248/formatted/,2,team,28,katie_fallback,0.9
605247,https://ca.milesplit.com/meets/323909-woodbridge-cross-country-classic-2018/results/605247/formatted/,1,individual,168,katie_fallback,0.9
605247,https://ca.milesplit.com/meets/323909-woodbridge-cross-country-classic-2018/results/605247/formatted/,2,team,25,katie_fallback,0.9
605247,https://ca.milesplit.com/meets/323909-woodbridge-cross-country-classic-2018/results/605247/formatted/,3,individual,1,katie_fallback,0.9
605245,https://ca.milesplit.com/meets/323909-woodbridge-cross-country-classic-2018/results/605245/formatted/,1,individual,260,katie_fallback,0.9
605245,https://ca.milesplit.com/meets/323909-woodbridge-cross-country-classic-2018/results/605245/formatted/,2,team,38,katie_fallback,0.9
605245,https://ca.milesplit.com/meets/323909-woodbridge-cross-country-classic-2018/results/605245/formatted/,3,individual,1,katie_fallback,0.9
605250,https://ca.milesplit.com/meets/323909-woodbridge-cross-country-classic-2018/results/605250/formatted/,1,individual,104,katie_fallback,0.9
605250,https://ca.milesplit.com/meets/323909-woodbridge-cross-country-classic-2018/results/605250/formatted/,2,team,15,katie_fallback,0.9
605957,https://ca.milesplit.com/meets/323909-woodbridge-cross-country-classic-2018/results/605957/formatted/,1,individual,148,katie_fallback,0.9
605957,https://ca.milesplit.com/meets/323909-woodbridge-cross-country-classic-2018/results/605957/formatted/,2,team,11,katie_fallback,0.9
606008,https://ca.milesplit.com/meets/323909-woodbridge-cross-country-classic-2018/results/606008/formatted/,1,individual,231,katie_fallback,0.9
606008,https://ca.milesplit.com/meets/323909-woodbridge-cross-country-classic-2018/results/606008/formatted/,2,team,24,katie_fallback,0.9
605231,https://ca.milesplit.com/meets/323909-woodbridge-cross-country-classic-2018/results/605231/formatted/,1,individual,1,katie_fallback,0.9
605231,https://ca.milesplit.com/meets/323909-woodbridge-cross-country-classic-2018/results/605231/formatted/,2,individual,162,katie_fallback,0.9
605231,https://ca.milesplit.com/meets/323909-woodbridge-cross-country-classic-2018/results/605231/formatted/,3,team,16,katie_fallback,0.9
605240,https://ca.milesplit.com/meets/323909-woodbridge-cross-country-classic-2018/results/605240/formatted/,1,individual,1,katie_fallback,0.9
605240,https://ca.milesplit.com/meets/323909-woodbridge-cross-country-classic-2018/results/605240/formatted/,2,individual,115,katie_fallback,0.9
605240,https://ca.milesplit.com/meets/323909-woodbridge-cross-country-classic-2018/results/605240/formatted/,3,team,6,katie_fallback,0.9
605914,https://ca.milesplit.com/meets/323909-woodbridge-cross-country-classic-2018/results/605914/formatted/,1,individual,2,katie_fallback,0.9
605914,https://ca.milesplit.com/meets/323909-woodbridge-cross-country-classic-2018/results/605914/formatted/,2,individual,181,katie_fallback,0.9
605914,https://ca.milesplit.com/meets/323909-woodbridge-cross-country-classic-2018/results/605914/formatted/,3,team,18,katie_fallback,0.9
606001,https://ca.milesplit.com/meets/323909-woodbridge-cross-country-classic-2018/results/606001/formatted/,1,individual,1,katie_fallback,0.9
606001,https://ca.milesplit.com/meets/323909-woodbridge-cross-country-classic-2018/results/606001/formatted/,2,individual,225,katie_fallback,0.9
606001,https://ca.milesplit.com/meets/323909-woodbridge-cross-country-classic-2018/results/606001/formatted/,3,team,25,katie_fallback,0.9
605227,https://ca.milesplit.com/meets/323909-woodbridge-cross-country-classic-2018/results/605227/formatted/,1,individual,1,katie_fallback,0.9
605227,https://ca.milesplit.com/meets/323909-woodbridge-cross-country-classic-2018/results/605227/formatted/,2,individual,318,katie_fallback,0.9
605227,https://ca.milesplit.com/meets/323909-woodbridge-cross-country-classic-2018/results/605227/formatted/,3,team,33,katie_fallback,0.9
605238,https://ca.milesplit.com/meets/323909-woodbridge-cross-country-classic-2018/results/605238/formatted/,1,individual,229,katie_fallback,0.9
605238,https://ca.milesplit.com/meets/323909-woodbridge-cross-country-classic-2018/results/605238/formatted/,2,team,21,katie_fallback,0.9
605912,https://ca.milesplit.com/meets/323909-woodbridge-cross-country-classic-2018/results/605912/formatted/,1,individual,223,katie_fallback,0.9
605912,https://ca.milesplit.com/meets/323909-woodbridge-cross-country-classic-2018/results/605912/formatted/,2,team,18,katie_fallback,0.9
605158,https://ca.milesplit.com/meets/323909-woodbridge-cross-country-classic-2018/results/605158/formatted/,1,individual,1,katie_fallback,0.9
605158,https://ca.milesplit.com/meets/323909-woodbridge-cross-country-classic-2018/results/605158/formatted/,2,individual,369,katie_fallback,0.9
605158,https://ca.milesplit.com/meets/323909-woodbridge-cross-country-classic-2018/results/605158/formatted/,3,team,35,katie_fallback,0.9
606012,https://ca.milesplit.com/meets/323909-woodbridge-cross-country-classic-2018/results/606012/formatted/,1,individual,147,katie_fallback,0.9
606012,https://ca.milesplit.com/meets/323909-woodbridge-cross-country-classic-2018/results/606012/formatted/,2,team,12,katie_fallback,0.9
606010,https://ca.milesplit.com/meets/323909-woodbridge-cross-country-classic-2018/results/606010/formatted/,1,individual,176,katie_fallback,0.9
606010,https://ca.milesplit.com/meets/323909-woodbridge-cross-country-classic-2018/results/606010/formatted/,2,team,17,katie_fallback,0.9
605234,https://ca.milesplit.com/meets/323909-woodbridge-cross-country-classic-2018/results/605234/formatted/,1,individual,2,katie_fallback,0.9
605234,https://ca.milesplit.com/meets/323909-woodbridge-cross-country-classic-2018/results/605234/formatted/,2,individual,170,katie_fallback,0.9
605234,https://ca.milesplit.com/meets/323909-woodbridge-cross-country-classic-2018/results/605234/formatted/,3,team,16,katie_fallback,0.9
605242,https://ca.milesplit.com/meets/323909-woodbridge-cross-country-classic-2018/results/605242/formatted/,1,individual,139,katie_fallback,0.9
605242,https://ca.milesplit.com/meets/323909-woodbridge-cross-country-classic-2018/results/605242/formatted/,2,team,11,katie_fallback,0.9
606036,https://ca.milesplit.com/meets/323909-woodbridge-cross-country-classic-2018/results/606036/formatted/,1,individual,169,katie_fallback,0.9
606036,https://ca.milesplit.com/meets/323909-woodbridge-cross-country-classic-2018/results/606036/formatted/,2,team,23,katie_fallback,0.9
606041,https://ca.milesplit.com/meets/323909-woodbridge-cross-country-classic-2018/results/606041/formatted/,1,individual,138,katie_fallback,0.9
606041,https://ca.milesplit.com/meets/323909-woodbridge-cross-country-classic-2018/results/606041/formatted/,2,team,19,katie_fallback,0.9
606028,https://ca.milesplit.com/meets/323909-woodbridge-cross-country-classic-2018/results/606028/formatted/,1,individual,160,katie_fallback,0.9
606028,https://ca.milesplit.com/meets/323909-woodbridge-cross-country-classic-2018/results/606028/formatted/,2,team,22,katie_fallback,0.9
606032,https://ca.milesplit.com/meets/323909-woodbridge-cross-country-classic-2018/results/606032/formatted/,1,individual,166,katie_fallback,0.9
606032,https://ca.milesplit.com/meets/323909-woodbridge-cross-country-classic-2018/results/606032/formatted/,2,team,23,katie_fallback,0.9
605251,https://ca.milesplit.com/meets/323909-woodbridge-cross-country-classic-2018/results/605251/formatted/,1,individual,166,katie_fallback,0.9
605251,https://ca.milesplit.com/meets/323909-woodbridge-cross-country-classic-2018/results/605251/formatted/,2,team,23,katie_fallback,0.9
605249,https://ca.milesplit.com/meets/323909-woodbridge-cross-country-classic-2018/results/605249/formatted/,1,individual,59,katie_fallback,0.9
605249,https://ca.milesplit.com/meets/323909-woodbridge-cross-country-classic-2018/results/605249/formatted/,2,team,3,katie_fallback,0.9
605244,https://ca.milesplit.com/meets/323909-woodbridge-cross-country-classic-2018/results/605244/formatted/,1,individual,2,katie_fallback,0.9
605244,https://ca.milesplit.com/meets/323909-woodbridge-cross-country-classic-2018/results/605244/formatted/,2,individual,251,katie_fallback,0.9
605244,https://ca.milesplit.com/meets/323909-woodbridge-cross-country-classic-2018/results/605244/formatted/,3,team,30,katie_fallback,0.9
605246,https://ca.milesplit.com/meets/323909-woodbridge-cross-country-classic-2018/results/605246/formatted/,1,individual,1,katie_fallback,0.9
605246,https://ca.milesplit.com/meets/323909-woodbridge-cross-country-classic-2018/results/605246/formatted/,2,individual,142,katie_fallback,0.9
605246,https://ca.milesplit.com/meets/323909-woodbridge-cross-country-classic-2018/results/605246/formatted/,3,team,17,katie_fallback,0.9
605027,https://ut.milesplit.com/meets/329433-uintah-invitational-2018/results/605027/formatted/,1,individual,100,katie_fallback,0.9
605027,https://ut.milesplit.com/meets/329433-uintah-invitational-2018/results/605027/formatted/,2,team,5,katie_fallback,0.9
605027,https://ut.milesplit.com/meets/329433-uintah-invitational-2018/results/605027/formatted/,3,individual,70,katie_fallback,0.9
605027,https://ut.milesplit.com/meets/329433-uintah-invitational-2018/results/605027/formatted/,4,team,5,katie_fallback,0.9
605028,https://ut.milesplit.com/meets/329433-uintah-invitational-2018/results/605028/formatted/,,cole,0,cole,0.8999999999999999
603953,https://ut.milesplit.com/meets/324597-wasatch-xc-invitational-2018/results/603953/formatted/,1,individual,159,katie_fallback,0.9
603953,https://ut.milesplit.com/meets/324597-wasatch-xc-invitational-2018/results/603953/formatted/,2,team,16,katie_fallback,0.9
603954,https://ut.milesplit.com/meets/324597-wasatch-xc-invitational-2018/results/603954/formatted/,1,individual,82,katie_fallback,0.9
603954,https://ut.milesplit.com/meets/324597-wasatch-xc-invitational-2018/results/603954/formatted/,2,team,7,katie_fallback,0.9
603951,https://ut.milesplit.com/meets/324597-wasatch-xc-invitational-2018/results/603951/formatted/,1,individual,135,katie_fallback,0.9
603951,https://ut.milesplit.com/meets/324597-wasatch-xc-invitational-2018/results/603951/formatted/,2,team,11,katie_fallback,0.9
603952,https://ut.milesplit.com/meets/324597-wasatch-xc-invitational-2018/results/603952/formatted/,1,individual,55,katie_fallback,0.9
603952,https://ut.milesplit.com/meets/324597-wasatch-xc-invitational-2018/results/603952/formatted/,2,team,5,katie_fallback,0.9
603411,https://ut.milesplit.com/meets/324597-wasatch-xc-invitational-2018/results/603411/formatted/,1,individual,99,katie_fallback,0.9
603411,https://ut.milesplit.com/meets/324597-wasatch-xc-invitational-2018/results/603411/formatted/,2,team,15,katie_fallback,0.9
603418,https://ut.milesplit.com/meets/324597-wasatch-xc-invitational-2018/results/603418/formatted/,1,individual,74,katie_fallback,0.9
603418,https://ut.milesplit.com/meets/324597-wasatch-xc-invitational-2018/results/603418/formatted/,2,team,10,katie_fallback,0.9
603938,https://ut.milesplit.com/meets/324305-murray-invitational-2018/results/603938/formatted/,1,individual,166,katie_fallback,0.9
603938,https://ut.milesplit.com/meets/324305-murray-invitational-2018/results/603938/formatted/,2,team,15,katie_fallback,0.9
603939,https://ut.milesplit.com/meets/324305-murray-invitational-2018/results/603939/formatted/,1,individual,89,katie_fallback,0.9
603939,https://ut.milesplit.com/meets/324305-murray-invitational-2018/results/603939/formatted/,2,team,9,katie_fallback,0.9
603945,https://ut.milesplit.com/meets/324305-murray-invitational-2018/results/603945/formatted/,1,individual,730,katie_fallback,0.9
603945,https://ut.milesplit.com/meets/324305-murray-invitational-2018/results/603945/formatted/,2,team,45,katie_fallback,0.9
603940,https://ut.milesplit.com/meets/324305-murray-invitational-2018/results/603940/formatted/,1,individual,517,katie_fallback,0.9
603940,https://ut.milesplit.com/meets/324305-murray-invitational-2018/results/603940/formatted/,2,team,37,katie_fallback,0.9
603948,https://ut.milesplit.com/meets/324305-murray-invitational-2018/results/603948/formatted/,1,individual,186,katie_fallback,0.9
603948,https://ut.milesplit.com/meets/324305-murray-invitational-2018/results/603948/formatted/,2,team,19,katie_fallback,0.9
603937,https://ut.milesplit.com/meets/324305-murray-invitational-2018/results/603937/formatted/,1,individual,126,katie_fallback,0.9
603937,https://ut.milesplit.com/meets/324305-murray-invitational-2018/results/603937/formatted/,2,team,14,katie_fallback,0.9
603944,https://ut.milesplit.com/meets/324305-murray-invitational-2018/results/603944/formatted/,1,individual,183,katie_fallback,0.9
603944,https://ut.milesplit.com/meets/324305-murray-invitational-2018/results/603944/formatted/,2,team,23,katie_fallback,0.9
603941,https://ut.milesplit.com/meets/324305-murray-invitational-2018/results/603941/formatted/,1,individual,151,katie_fallback,0.9
603941,https://ut.milesplit.com/meets/324305-murray-invitational-2018/results/603941/formatted/,2,team,19,katie_fallback,0.9
603038,https://ut.milesplit.com/meets/325206-payson-night-hunt-2018/results/603038/formatted/,1,individual,108,katie_fallback,0.9
603038,https://ut.milesplit.com/meets/325206-payson-night-hunt-2018/results/603038/formatted/,2,team,6,katie_fallback,0.9
603039,https://ut.milesplit.com/meets/325206-payson-night-hunt-2018/results/603039/formatted/,1,individual,92,katie_fallback,0.9
603039,https://ut.milesplit.com/meets/325206-payson-night-hunt-2018/results/603039/formatted/,2,team,6,katie_fallback,0.9
603036,https://ut.milesplit.com/meets/325206-payson-night-hunt-2018/results/603036/formatted/,1,individual,46,katie_fallback,0.9
603036,https://ut.milesplit.com/meets/325206-payson-night-hunt-2018/results/603036/formatted/,2,team,5,katie_fallback,0.9
603037,https://ut.milesplit.com/meets/325206-payson-night-hunt-2018/results/603037/formatted/,1,individual,38,katie_fallback,0.9
603037,https://ut.milesplit.com/meets/325206-payson-night-hunt-2018/results/603037/formatted/,2,team,3,katie_fallback,0.9
602533,https://ut.milesplit.com/meets/325204-pre-region-3-meet-2018/results/602533/formatted/,1,individual,155,katie_fallback,0.9
602533,https://ut.milesplit.com/meets/325204-pre-region-3-meet-2018/results/602533/formatted/,2,team,5,katie_fallback,0.9
602534,https://ut.milesplit.com/meets/325204-pre-region-3-meet-2018/results/602534/formatted/,1,individual,108,katie_fallback,0.9
602534,https://ut.milesplit.com/meets/325204-pre-region-3-meet-2018/results/602534/formatted/,2,team,5,katie_fallback,0.9
601799,https://ut.milesplit.com/meets/323158-utah-county-xc-invitational-2018/results/601799/formatted/,1,individual,186,katie_fallback,0.9
601799,https://ut.milesplit.com/meets/323158-utah-county-xc-invitational-2018/results/601799/formatted/,2,team,17,katie_fallback,0.9
601798,https://ut.milesplit.com/meets/323158-utah-county-xc-invitational-2018/results/601798/formatted/,1,individual,114,katie_fallback,0.9
601798,https://ut.milesplit.com/meets/323158-utah-county-xc-invitational-2018/results/601798/formatted/,2,team,9,katie_fallback,0.9
601807,https://ut.milesplit.com/meets/323158-utah-county-xc-invitational-2018/results/601807/formatted/,1,individual,145,katie_fallback,0.9
601807,https://ut.milesplit.com/meets/323158-utah-county-xc-invitational-2018/results/601807/formatted/,2,team,12,katie_fallback,0.9
601807,https://ut.milesplit.com/meets/323158-utah-county-xc-invitational-2018/results/601807/formatted/,3,individual,107,katie_fallback,0.9
601807,https://ut.milesplit.com/meets/323158-utah-county-xc-invitational-2018/results/601807/formatted/,4,team,9,katie_fallback,0.9
601804,https://ut.milesplit.com/meets/323158-utah-county-xc-invitational-2018/results/601804/formatted/,1,individual,121,katie_fallback,0.9
601804,https://ut.milesplit.com/meets/323158-utah-county-xc-invitational-2018/results/601804/formatted/,2,team,18,katie_fallback,0.9
601802,https://ut.milesplit.com/meets/323158-utah-county-xc-invitational-2018/results/601802/formatted/,1,individual,91,katie_fallback,0.9
601802,https://ut.milesplit.com/meets/323158-utah-county-xc-invitational-2018/results/601802/formatted/,2,team,12,katie_fallback,0.9
616325,https://ut.milesplit.com/meets/325212-utah-state-xc-championship-2018/results/616325/formatted/,1,individual,63,katie_fallback,0.9
616325,https://ut.milesplit.com/meets/325212-utah-state-xc-championship-2018/results/616325/formatted/,2,team,7,katie_fallback,0.9
616318,https://ut.milesplit.com/meets/325212-utah-state-xc-championship-2018/results/616318/formatted/,1,individual,55,katie_fallback,0.9
616318,https://ut.milesplit.com/meets/325212-utah-state-xc-championship-2018/results/616318/formatted/,2,team,4,katie_fallback,0.9
616327,https://ut.milesplit.com/meets/325212-utah-state-xc-championship-2018/results/616327/formatted/,1,individual,63,katie_fallback,0.9
616327,https://ut.milesplit.com/meets/325212-utah-state-xc-championship-2018/results/616327/formatted/,2,team,8,katie_fallback,0.9
616319,https://ut.milesplit.com/meets/325212-utah-state-xc-championship-2018/results/616319/formatted/,1,individual,51,katie_fallback,0.9
616319,https://ut.milesplit.com/meets/325212-utah-state-xc-championship-2018/results/616319/formatted/,2,team,5,katie_fallback,0.9
616330,https://ut.milesplit.com/meets/325212-utah-state-xc-championship-2018/results/616330/formatted/,1,individual,86,katie_fallback,0.9
616330,https://ut.milesplit.com/meets/325212-utah-state-xc-championship-2018/results/616330/formatted/,2,team,11,katie_fallback,0.9
616320,https://ut.milesplit.com/meets/325212-utah-state-xc-championship-2018/results/616320/formatted/,1,individual,78,katie_fallback,0.9
616320,https://ut.milesplit.com/meets/325212-utah-state-xc-championship-2018/results/616320/formatted/,2,team,10,katie_fallback,0.9
616365,https://ut.milesplit.com/meets/325212-utah-state-xc-championship-2018/results/616365/formatted/,1,individual,124,katie_fallback,0.9
616365,https://ut.milesplit.com/meets/325212-utah-state-xc-championship-2018/results/616365/formatted/,2,team,16,katie_fallback,0.9
616333,https://ut.milesplit.com/meets/325212-utah-state-xc-championship-2018/results/616333/formatted/,1,individual,122,katie_fallback,0.9
616333,https://ut.milesplit.com/meets/325212-utah-state-xc-championship-2018/results/616333/formatted/,2,team,16,katie_fallback,0.9
616367,https://ut.milesplit.com/meets/325212-utah-state-xc-championship-2018/results/616367/formatted/,1,individual,123,katie_fallback,0.9
616367,https://ut.milesplit.com/meets/325212-utah-state-xc-championship-2018/results/616367/formatted/,2,team,16,katie_fallback,0.9
616349,https://ut.milesplit.com/meets/325212-utah-state-xc-championship-2018/results/616349/formatted/,1,individual,124,katie_fallback,0.9
616349,https://ut.milesplit.com/meets/325212-utah-state-xc-championship-2018/results/616349/formatted/,2,team,16,katie_fallback,0.9
616385,https://ut.milesplit.com/meets/325212-utah-state-xc-championship-2018/results/616385/formatted/,1,individual,123,katie_fallback,0.9
616385,https://ut.milesplit.com/meets/325212-utah-state-xc-championship-2018/results/616385/formatted/,2,team,16,katie_fallback,0.9
616350,https://ut.milesplit.com/meets/325212-utah-state-xc-championship-2018/results/616350/formatted/,1,individual,117,katie_fallback,0.9
616350,https://ut.milesplit.com/meets/325212-utah-state-xc-championship-2018/results/616350/formatted/,2,team,15,katie_fallback,0.9
613846,https://ut.milesplit.com/meets/332011-region-12-championships-2018/results/613846/formatted/,1,individual,155,katie_fallback,0.9
613846,https://ut.milesplit.com/meets/332011-region-12-championships-2018/results/613846/formatted/,2,team,6,katie_fallback,0.9
613849,https://ut.milesplit.com/meets/332011-region-12-championships-2018/results/613849/formatted/,1,individual,93,katie_fallback,0.9
613849,https://ut.milesplit.com/meets/332011-region-12-championships-2018/results/613849/formatted/,2,team,6,katie_fallback,0.9
613842,https://ut.milesplit.com/meets/332011-region-12-championships-2018/results/613842/formatted/,1,individual,41,katie_fallback,0.9
613842,https://ut.milesplit.com/meets/332011-region-12-championships-2018/results/613842/formatted/,2,team,6,katie_fallback,0.9
613843,https://ut.milesplit.com/meets/332011-region-12-championships-2018/results/613843/formatted/,1,individual,41,katie_fallback,0.9
613843,https://ut.milesplit.com/meets/332011-region-12-championships-2018/results/613843/formatted/,2,team,6,katie_fallback,0.9
613833,https://ut.milesplit.com/meets/331492-region-9-championships-2018/results/613833/formatted/,1,individual,186,katie_fallback,0.9
613833,https://ut.milesplit.com/meets/331492-region-9-championships-2018/results/613833/formatted/,2,team,7,katie_fallback,0.9
613832,https://ut.milesplit.com/meets/331492-region-9-championships-2018/results/613832/formatted/,1,individual,153,katie_fallback,0.9
613832,https://ut.milesplit.com/meets/331492-region-9-championships-2018/results/613832/formatted/,2,team,7,katie_fallback,0.9
613836,https://ut.milesplit.com/meets/331492-region-9-championships-2018/results/613836/formatted/,1,individual,49,katie_fallback,0.9
613836,https://ut.milesplit.com/meets/331492-region-9-championships-2018/results/613836/formatted/,2,team,7,katie_fallback,0.9
613835,https://ut.milesplit.com/meets/331492-region-9-championships-2018/results/613835/formatted/,1,individual,44,katie_fallback,0.9
613835,https://ut.milesplit.com/meets/331492-region-9-championships-2018/results/613835/formatted/,2,team,6,katie_fallback,0.9
613952,https://ut.milesplit.com/meets/324608-utah-region-15-cross-country-championship-2018/results/613952/formatted/,1,individual,115,katie_fallback,0.9
613952,https://ut.milesplit.com/meets/324608-utah-region-15-cross-country-championship-2018/results/613952/formatted/,2,team,7,katie_fallback,0.9
613951,https://ut.milesplit.com/meets/324608-utah-region-15-cross-country-championship-2018/results/613951/formatted/,1,individual,73,katie_fallback,0.9
613951,https://ut.milesplit.com/meets/324608-utah-region-15-cross-country-championship-2018/results/613951/formatted/,2,team,7,katie_fallback,0.9
612488,https://co.milesplit.com/meets/322484-ancient-trails-invitational-2018/results/612488/formatted/,1,individual,28,katie_fallback,0.9
612488,https://co.milesplit.com/meets/322484-ancient-trails-invitational-2018/results/612488/formatted/,2,team,4,katie_fallback,0.9
612489,https://co.milesplit.com/meets/322484-ancient-trails-invitational-2018/results/612489/formatted/,1,individual,47,katie_fallback,0.9
612489,https://co.milesplit.com/meets/322484-ancient-trails-invitational-2018/results/612489/formatted/,2,team,5,katie_fallback,0.9
612492,https://co.milesplit.com/meets/322484-ancient-trails-invitational-2018/results/612492/formatted/,1,individual,103,katie_fallback,0.9
612492,https://co.milesplit.com/meets/322484-ancient-trails-invitational-2018/results/612492/formatted/,2,team,9,katie_fallback,0.9
612493,https://co.milesplit.com/meets/322484-ancient-trails-invitational-2018/results/612493/formatted/,1,individual,92,katie_fallback,0.9
612493,https://co.milesplit.com/meets/322484-ancient-trails-invitational-2018/results/612493/formatted/,2,team,8,katie_fallback,0.9
612438,https://ut.milesplit.com/meets/331493-region-10-championships-2018/results/612438/formatted/,1,individual,125,katie_fallback,0.9
612438,https://ut.milesplit.com/meets/331493-region-10-championships-2018/results/612438/formatted/,2,team,7,katie_fallback,0.9
612320,https://ut.milesplit.com/meets/331493-region-10-championships-2018/results/612320/formatted/,1,individual,79,katie_fallback,0.9
612320,https://ut.milesplit.com/meets/331493-region-10-championships-2018/results/612320/formatted/,2,team,6,katie_fallback,0.9
612441,https://ut.milesplit.com/meets/331493-region-10-championships-2018/results/612441/formatted/,1,individual,55,katie_fallback,0.9
612441,https://ut.milesplit.com/meets/331493-region-10-championships-2018/results/612441/formatted/,2,team,7,katie_fallback,0.9
612440,https://ut.milesplit.com/meets/331493-region-10-championships-2018/results/612440/formatted/,1,individual,54,katie_fallback,0.9
612440,https://ut.milesplit.com/meets/331493-region-10-championships-2018/results/612440/formatted/,2,team,7,katie_fallback,0.9
612440,https://ut.milesplit.com/meets/331493-region-10-championships-2018/results/612440/formatted/,3,individual,1,katie_fallback,0.9
612319,https://ut.milesplit.com/meets/324606-region-5-cross-country-championship-2018/results/612319/formatted/,1,individual,112,katie_fallback,0.9
612319,https://ut.milesplit.com/meets/324606-region-5-cross-country-championship-2018/results/612319/formatted/,2,team,6,katie_fallback,0.9
612312,https://ut.milesplit.com/meets/324606-region-5-cross-country-championship-2018/results/612312/formatted/,1,individual,48,katie_fallback,0.9
612312,https://ut.milesplit.com/meets/324606-region-5-cross-country-championship-2018/results/612312/formatted/,2,team,4,katie_fallback,0.9
612466,https://ut.milesplit.com/meets/324606-region-5-cross-country-championship-2018/results/612466/formatted/,1,individual,49,katie_fallback,0.9
612466,https://ut.milesplit.com/meets/324606-region-5-cross-country-championship-2018/results/612466/formatted/,2,team,6,katie_fallback,0.9
612463,https://ut.milesplit.com/meets/324606-region-5-cross-country-championship-2018/results/612463/formatted/,1,individual,47,katie_fallback,0.9
612463,https://ut.milesplit.com/meets/324606-region-5-cross-country-championship-2018/results/612463/formatted/,2,team,6,katie_fallback,0.9
613294,https://ut.milesplit.com/meets/325210-region-7-championships-2018/results/613294/formatted/,1,individual,152,katie_fallback,0.9
613294,https://ut.milesplit.com/meets/325210-region-7-championships-2018/results/613294/formatted/,2,team,6,katie_fallback,0.9
613297,https://ut.milesplit.com/meets/325210-region-7-championships-2018/results/613297/formatted/,1,individual,107,katie_fallback,0.9
613297,https://ut.milesplit.com/meets/325210-region-7-championships-2018/results/613297/formatted/,2,team,4,katie_fallback,0.9
613293,https://ut.milesplit.com/meets/325210-region-7-championships-2018/results/613293/formatted/,1,individual,45,katie_fallback,0.9
613293,https://ut.milesplit.com/meets/325210-region-7-championships-2018/results/613293/formatted/,2,team,6,katie_fallback,0.9
613295,https://ut.milesplit.com/meets/325210-region-7-championships-2018/results/613295/formatted/,1,individual,45,katie_fallback,0.9
613295,https://ut.milesplit.com/meets/325210-region-7-championships-2018/results/613295/formatted/,2,team,6,katie_fallback,0.9
612138,https://ut.milesplit.com/meets/331494-region-4-championships-2018/results/612138/formatted/,1,individual,145,katie_fallback,0.9
612138,https://ut.milesplit.com/meets/331494-region-4-championships-2018/results/612138/formatted/,2,team,5,katie_fallback,0.9
612143,https://ut.milesplit.com/meets/331494-region-4-championships-2018/results/612143/formatted/,1,individual,143,katie_fallback,0.9
612143,https://ut.milesplit.com/meets/331494-region-4-championships-2018/results/612143/formatted/,2,team,5,katie_fallback,0.9
612141,https://ut.milesplit.com/meets/331494-region-4-championships-2018/results/612141/formatted/,1,individual,40,katie_fallback,0.9
612141,https://ut.milesplit.com/meets/331494-region-4-championships-2018/results/612141/formatted/,2,team,5,katie_fallback,0.9
612145,https://ut.milesplit.com/meets/331494-region-4-championships-2018/results/612145/formatted/,1,individual,38,katie_fallback,0.9
612145,https://ut.milesplit.com/meets/331494-region-4-championships-2018/results/612145/formatted/,2,team,5,katie_fallback,0.9
612145,https://ut.milesplit.com/meets/331494-region-4-championships-2018/results/612145/formatted/,3,individual,2,katie_fallback,0.9
612153,https://ut.milesplit.com/meets/331491-region-8-championships-2018/results/612153/formatted/,1,individual,172,katie_fallback,0.9
612153,https://ut.milesplit.com/meets/331491-region-8-championships-2018/results/612153/formatted/,2,team,6,katie_fallback,0.9
612152,https://ut.milesplit.com/meets/331491-region-8-championships-2018/results/612152/formatted/,1,individual,113,katie_fallback,0.9
612152,https://ut.milesplit.com/meets/331491-region-8-championships-2018/results/612152/formatted/,2,team,5,katie_fallback,0.9
612159,https://ut.milesplit.com/meets/331491-region-8-championships-2018/results/612159/formatted/,1,individual,46,katie_fallback,0.9
612159,https://ut.milesplit.com/meets/331491-region-8-championships-2018/results/612159/formatted/,2,team,6,katie_fallback,0.9
612157,https://ut.milesplit.com/meets/331491-region-8-championships-2018/results/612157/formatted/,1,individual,46,katie_fallback,0.9
612157,https://ut.milesplit.com/meets/331491-region-8-championships-2018/results/612157/formatted/,2,team,6,katie_fallback,0.9
611819,https://ut.milesplit.com/meets/324605-union-invitational-2018/results/611819/formatted/,1,individual,92,katie_fallback,0.9
611819,https://ut.milesplit.com/meets/324605-union-invitational-2018/results/611819/formatted/,2,team,7,katie_fallback,0.9
611819,https://ut.milesplit.com/meets/324605-union-invitational-2018/results/611819/formatted/,3,individual,55,katie_fallback,0.9
611819,https://ut.milesplit.com/meets/324605-union-invitational-2018/results/611819/formatted/,4,team,6,katie_fallback,0.9
611818,https://ut.milesplit.com/meets/324605-union-invitational-2018/results/611818/formatted/,,cole,0,cole,0.8999999999999999
621436,https://www.milesplit.com/meets/303102-nike-cross-regionals-southwest-2018/results/621436/formatted/,,cole,0,cole,0.8999999999999999
621454,https://www.milesplit.com/meets/303102-nike-cross-regionals-southwest-2018/results/621454/formatted/,,cole,0,cole,0.8499999999999999
621455,https://www.milesplit.com/meets/303102-nike-cross-regionals-southwest-2018/results/621455/formatted/,,cole,0,cole,0.8499999999999999
621452,https://www.milesplit.com/meets/303102-nike-cross-regionals-southwest-2018/results/621452/formatted/,,cole,0,cole,0.8499999999999999
621453,https://www.milesplit.com/meets/303102-nike-cross-regionals-southwest-2018/results/621453/formatted/,,cole,0,cole,0.8499999999999999
621437,https://www.milesplit.com/meets/303102-nike-cross-regionals-southwest-2018/results/621437/formatted/,,cole,0,cole,0.8499999999999999
621451,https://www.milesplit.com/meets/303102-nike-cross-regionals-southwest-2018/results/621451/formatted/,,cole,0,cole,0.8499999999999999
621435,https://www.milesplit.com/meets/303102-nike-cross-regionals-southwest-2018/results/621435/formatted/,,cole,0,cole,0.8999999999999999
621445,https://www.milesplit.com/meets/303102-nike-cross-regionals-southwest-2018/results/621445/formatted/,,cole,0,cole,0.8499999999999999
621447,https://www.milesplit.com/meets/303102-nike-cross-regionals-southwest-2018/results/621447/formatted/,,cole,0,cole,0.8499999999999999
621440,https://www.milesplit.com/meets/303102-nike-cross-regionals-southwest-2018/results/621440/formatted/,,cole,0,cole,0.8499999999999999
621441,https://www.milesplit.com/meets/303102-nike-cross-regionals-southwest-2018/results/621441/formatted/,,cole,0,cole,0.8499999999999999
621438,https://www.milesplit.com/meets/303102-nike-cross-regionals-southwest-2018/results/621438/formatted/,,cole,0,cole,0.8499999999999999
621439,https://www.milesplit.com/meets/303102-nike-cross-regionals-southwest-2018/results/621439/formatted/,,cole,0,cole,0.8499999999999999
661368,https://ut.milesplit.com/meets/351208-loyds-lake-classic-2019/results/661368/formatted/,1,individual,32,katie_fallback,0.9
661368,https://ut.milesplit.com/meets/351208-loyds-lake-classic-2019/results/661368/formatted/,2,team,3,katie_fallback,0.9
661367,https://ut.milesplit.com/meets/351208-loyds-lake-classic-2019/results/661367/formatted/,1,individual,11,katie_fallback,0.75
661366,https://ut.milesplit.com/meets/351208-loyds-lake-classic-2019/results/661366/formatted/,1,individual,64,katie_fallback,0.9
661366,https://ut.milesplit.com/meets/351208-loyds-lake-classic-2019/results/661366/formatted/,2,team,8,katie_fallback,0.9
661365,https://ut.milesplit.com/meets/351208-loyds-lake-classic-2019/results/661365/formatted/,1,individual,44,katie_fallback,0.9
661365,https://ut.milesplit.com/meets/351208-loyds-lake-classic-2019/results/661365/formatted/,2,team,4,katie_fallback,0.9
661360,https://ut.milesplit.com/meets/362760-timpanogos-xc-invitational-2019/results/661360/formatted/,1,individual,176,katie_fallback,0.9
661360,https://ut.milesplit.com/meets/362760-timpanogos-xc-invitational-2019/results/661360/formatted/,2,team,14,katie_fallback,0.9
661363,https://ut.milesplit.com/meets/362760-timpanogos-xc-invitational-2019/results/661363/formatted/,1,individual,107,katie_fallback,0.9
661363,https://ut.milesplit.com/meets/362760-timpanogos-xc-invitational-2019/results/661363/formatted/,2,team,7,katie_fallback,0.9
661362,https://ut.milesplit.com/meets/362760-timpanogos-xc-invitational-2019/results/661362/formatted/,1,individual,112,katie_fallback,0.9
661362,https://ut.milesplit.com/meets/362760-timpanogos-xc-invitational-2019/results/661362/formatted/,2,team,9,katie_fallback,0.9
661361,https://ut.milesplit.com/meets/362760-timpanogos-xc-invitational-2019/results/661361/formatted/,1,individual,83,katie_fallback,0.9
661361,https://ut.milesplit.com/meets/362760-timpanogos-xc-invitational-2019/results/661361/formatted/,2,team,11,katie_fallback,0.9
661364,https://ut.milesplit.com/meets/362760-timpanogos-xc-invitational-2019/results/661364/formatted/,1,individual,57,katie_fallback,0.9
661364,https://ut.milesplit.com/meets/362760-timpanogos-xc-invitational-2019/results/661364/formatted/,2,team,7,katie_fallback,0.9
661355,https://ut.milesplit.com/meets/362761-weber-state-xc-invitational-2019/results/661355/formatted/,1,individual,195,katie_fallback,0.9
661355,https://ut.milesplit.com/meets/362761-weber-state-xc-invitational-2019/results/661355/formatted/,2,team,14,katie_fallback,0.9
661356,https://ut.milesplit.com/meets/362761-weber-state-xc-invitational-2019/results/661356/formatted/,1,individual,341,katie_fallback,0.9
661356,https://ut.milesplit.com/meets/362761-weber-state-xc-invitational-2019/results/661356/formatted/,2,team,23,katie_fallback,0.9
661358,https://ut.milesplit.com/meets/362761-weber-state-xc-invitational-2019/results/661358/formatted/,1,individual,301,katie_fallback,0.9
661358,https://ut.milesplit.com/meets/362761-weber-state-xc-invitational-2019/results/661358/formatted/,2,team,27,katie_fallback,0.9
661353,https://ut.milesplit.com/meets/362761-weber-state-xc-invitational-2019/results/661353/formatted/,1,individual,344,katie_fallback,0.9
661353,https://ut.milesplit.com/meets/362761-weber-state-xc-invitational-2019/results/661353/formatted/,2,team,28,katie_fallback,0.9
661354,https://ut.milesplit.com/meets/362761-weber-state-xc-invitational-2019/results/661354/formatted/,1,individual,222,katie_fallback,0.9
661354,https://ut.milesplit.com/meets/362761-weber-state-xc-invitational-2019/results/661354/formatted/,2,team,23,katie_fallback,0.9
661359,https://ut.milesplit.com/meets/362761-weber-state-xc-invitational-2019/results/661359/formatted/,1,individual,259,katie_fallback,0.9
661359,https://ut.milesplit.com/meets/362761-weber-state-xc-invitational-2019/results/661359/formatted/,2,team,37,katie_fallback,0.9
661357,https://ut.milesplit.com/meets/362761-weber-state-xc-invitational-2019/results/661357/formatted/,1,individual,210,katie_fallback,0.9
661357,https://ut.milesplit.com/meets/362761-weber-state-xc-invitational-2019/results/661357/formatted/,2,team,27,katie_fallback,0.9
660768,https://ut.milesplit.com/meets/363229-suu-high-school-invite-2019/results/660768/formatted/,1,individual,221,katie_fallback,0.9
660768,https://ut.milesplit.com/meets/363229-suu-high-school-invite-2019/results/660768/formatted/,2,team,13,katie_fallback,0.9
660770,https://ut.milesplit.com/meets/363229-suu-high-school-invite-2019/results/660770/formatted/,1,individual,160,katie_fallback,0.9
660770,https://ut.milesplit.com/meets/363229-suu-high-school-invite-2019/results/660770/formatted/,2,team,9,katie_fallback,0.9
660769,https://ut.milesplit.com/meets/363229-suu-high-school-invite-2019/results/660769/formatted/,1,individual,69,katie_fallback,0.9
660769,https://ut.milesplit.com/meets/363229-suu-high-school-invite-2019/results/660769/formatted/,2,team,10,katie_fallback,0.9
660771,https://ut.milesplit.com/meets/363229-suu-high-school-invite-2019/results/660771/formatted/,1,individual,56,katie_fallback,0.9
660771,https://ut.milesplit.com/meets/363229-suu-high-school-invite-2019/results/660771/formatted/,2,team,6,katie_fallback,0.9
660735,https://ut.milesplit.com/meets/363252-westlake-grass-relays-2019/results/660735/formatted/,1,individual,103,katie_fallback,0.9
660735,https://ut.milesplit.com/meets/363252-westlake-grass-relays-2019/results/660735/formatted/,2,team,19,katie_fallback,0.9
660734,https://ut.milesplit.com/meets/363252-westlake-grass-relays-2019/results/660734/formatted/,,cole,0,cole,0.8499999999999999
660730,https://ut.milesplit.com/meets/363252-westlake-grass-relays-2019/results/660730/formatted/,1,individual,85,katie_fallback,0.9
660730,https://ut.milesplit.com/meets/363252-westlake-grass-relays-2019/results/660730/formatted/,2,team,16,katie_fallback,0.9
660729,https://ut.milesplit.com/meets/363252-westlake-grass-relays-2019/results/660729/formatted/,,cole,0,cole,0.8499999999999999
660518,https://ut.milesplit.com/meets/366240-pre-region-8-meet-2019/results/660518/formatted/,,no_tables,0,katie_fallback,0.55
660523,https://ut.milesplit.com/meets/366240-pre-region-8-meet-2019/results/660523/formatted/,1,individual,86,katie_fallback,0.9
660523,https://ut.milesplit.com/meets/366240-pre-region-8-meet-2019/results/660523/formatted/,2,team,6,katie_fallback,0.9
660520,https://ut.milesplit.com/meets/366240-pre-region-8-meet-2019/results/660520/formatted/,1,individual,80,katie_fallback,0.9
660520,https://ut.milesplit.com/meets/366240-pre-region-8-meet-2019/results/660520/formatted/,2,team,8,katie_fallback,0.9
660527,https://ut.milesplit.com/meets/366240-pre-region-8-meet-2019/results/660527/formatted/,1,individual,69,katie_fallback,0.9
660527,https://ut.milesplit.com/meets/366240-pre-region-8-meet-2019/results/660527/formatted/,2,team,8,katie_fallback,0.9
659987,https://ut.milesplit.com/meets/364577-premier-invitational-2019/results/659987/formatted/,1,individual,164,katie_fallback,0.9
659987,https://ut.milesplit.com/meets/364577-premier-invitational-2019/results/659987/formatted/,2,team,13,katie_fallback,0.9
659989,https://ut.milesplit.com/meets/364577-premier-invitational-2019/results/659989/formatted/,1,individual,76,katie_fallback,0.9
659989,https://ut.milesplit.com/meets/364577-premier-invitational-2019/results/659989/formatted/,2,team,8,katie_fallback,0.9
660049,https://ut.milesplit.com/meets/364577-premier-invitational-2019/results/660049/formatted/,1,individual,99,katie_fallback,0.9
660049,https://ut.milesplit.com/meets/364577-premier-invitational-2019/results/660049/formatted/,2,team,13,katie_fallback,0.9
660050,https://ut.milesplit.com/meets/364577-premier-invitational-2019/results/660050/formatted/,1,individual,64,katie_fallback,0.9
660050,https://ut.milesplit.com/meets/364577-premier-invitational-2019/results/660050/formatted/,2,team,7,katie_fallback,0.9
660134,https://ut.milesplit.com/meets/366239-cedar-all-comers-2019/results/660134/formatted/,1,individual,164,katie_fallback,0.9
660134,https://ut.milesplit.com/meets/366239-cedar-all-comers-2019/results/660134/formatted/,2,team,7,katie_fallback,0.9
660135,https://ut.milesplit.com/meets/366239-cedar-all-comers-2019/results/660135/formatted/,1,individual,161,katie_fallback,0.9
660135,https://ut.milesplit.com/meets/366239-cedar-all-comers-2019/results/660135/formatted/,2,team,6,katie_fallback,0.9
659820,https://ut.milesplit.com/meets/362759-highland-invitational-2019/results/659820/formatted/,1,individual,141,katie_fallback,0.9
659820,https://ut.milesplit.com/meets/362759-highland-invitational-2019/results/659820/formatted/,2,team,12,katie_fallback,0.9
659821,https://ut.milesplit.com/meets/362759-highland-invitational-2019/results/659821/formatted/,1,individual,134,katie_fallback,0.9
659821,https://ut.milesplit.com/meets/362759-highland-invitational-2019/results/659821/formatted/,2,team,11,katie_fallback,0.9
659824,https://ut.milesplit.com/meets/362759-highland-invitational-2019/results/659824/formatted/,1,individual,426,katie_fallback,0.9
659824,https://ut.milesplit.com/meets/362759-highland-invitational-2019/results/659824/formatted/,2,team,36,katie_fallback,0.9
659825,https://ut.milesplit.com/meets/362759-highland-invitational-2019/results/659825/formatted/,1,individual,275,katie_fallback,0.9
659825,https://ut.milesplit.com/meets/362759-highland-invitational-2019/results/659825/formatted/,2,team,28,katie_fallback,0.9
659822,https://ut.milesplit.com/meets/362759-highland-invitational-2019/results/659822/formatted/,1,individual,208,katie_fallback,0.9
659822,https://ut.milesplit.com/meets/362759-highland-invitational-2019/results/659822/formatted/,2,team,22,katie_fallback,0.9
659823,https://ut.milesplit.com/meets/362759-highland-invitational-2019/results/659823/formatted/,1,individual,129,katie_fallback,0.9
659823,https://ut.milesplit.com/meets/362759-highland-invitational-2019/results/659823/formatted/,2,team,12,katie_fallback,0.9
659826,https://ut.milesplit.com/meets/362759-highland-invitational-2019/results/659826/formatted/,1,individual,298,katie_fallback,0.9
659826,https://ut.milesplit.com/meets/362759-highland-invitational-2019/results/659826/formatted/,2,team,42,katie_fallback,0.9
659827,https://ut.milesplit.com/meets/362759-highland-invitational-2019/results/659827/formatted/,1,individual,214,katie_fallback,0.9
659827,https://ut.milesplit.com/meets/362759-highland-invitational-2019/results/659827/formatted/,2,team,26,katie_fallback,0.9
659734,https://www.milesplit.com/meets/364932-2019-world-para-athletics-junior-championships-2019/results/659734/formatted/,1,individual,3,katie_fallback,0.75
659734,https://www.milesplit.com/meets/364932-2019-world-para-athletics-junior-championships-2019/results/659734/formatted/,2,individual,5,katie_fallback,0.75
659734,https://www.milesplit.com/meets/364932-2019-world-para-athletics-junior-championships-2019/results/659734/formatted/,3,individual,5,katie_fallback,0.75
659734,https://www.milesplit.com/meets/364932-2019-world-para-athletics-junior-championships-2019/results/659734/formatted/,4,individual,1,katie_fallback,0.75
659740,https://www.milesplit.com/meets/364932-2019-world-para-athletics-junior-championships-2019/results/659740/formatted/,1,individual,1,katie_fallback,0.75
659740,https://www.milesplit.com/meets/364932-2019-world-para-athletics-junior-championships-2019/results/659740/formatted/,2,individual,3,katie_fallback,0.75
659740,https://www.milesplit.com/meets/364932-2019-world-para-athletics-junior-championships-2019/results/659740/formatted/,3,individual,5,katie_fallback,0.75
659740,https://www.milesplit.com/meets/364932-2019-world-para-athletics-junior-championships-2019/results/659740/formatted/,4,individual,1,katie_fallback,0.75
659740,https://www.milesplit.com/meets/364932-2019-world-para-athletics-junior-championships-2019/results/659740/formatted/,5,individual,4,katie_fallback,0.75
659740,https://www.milesplit.com/meets/364932-2019-world-para-athletics-junior-championships-2019/results/659740/formatted/,6,individual,2,katie_fallback,0.75
659740,https://www.milesplit.com/meets/364932-2019-world-para-athletics-junior-championships-2019/results/659740/formatted/,7,individual,3,katie_fallback,0.75
659740,https://www.milesplit.com/meets/364932-2019-world-para-athletics-junior-championships-2019/results/659740/formatted/,8,individual,1,katie_fallback,0.75
659740,https://www.milesplit.com/meets/364932-2019-world-para-athletics-junior-championships-2019/results/659740/formatted/,9,individual,2,katie_fallback,0.75
659740,https://www.milesplit.com/meets/364932-2019-world-para-athletics-junior-championships-2019/results/659740/formatted/,10,individual,2,katie_fallback,0.75
659746,https://www.milesplit.com/meets/364932-2019-world-para-athletics-junior-championships-2019/results/659746/formatted/,1,individual,1,katie_fallback,0.75
659746,https://www.milesplit.com/meets/364932-2019-world-para-athletics-junior-championships-2019/results/659746/formatted/,2,individual,3,katie_fallback,0.75
659746,https://www.milesplit.com/meets/364932-2019-world-para-athletics-junior-championships-2019/results/659746/formatted/,3,individual,3,katie_fallback,0.75
659746,https://www.milesplit.com/meets/364932-2019-world-para-athletics-junior-championships-2019/results/659746/formatted/,4,individual,1,katie_fallback,0.75
659746,https://www.milesplit.com/meets/364932-2019-world-para-athletics-junior-championships-2019/results/659746/formatted/,5,individual,1,katie_fallback,0.75
659746,https://www.milesplit.com/meets/364932-2019-world-para-athletics-junior-championships-2019/results/659746/formatted/,6,individual,2,katie_fallback,0.75
659746,https://www.milesplit.com/meets/364932-2019-world-para-athletics-junior-championships-2019/results/659746/formatted/,7,individual,1,katie_fallback,0.75
659746,https://www.milesplit.com/meets/364932-2019-world-para-athletics-junior-championships-2019/results/659746/formatted/,8,individual,1,katie_fallback,0.75
659746,https://www.milesplit.com/meets/364932-2019-world-para-athletics-junior-championships-2019/results/659746/formatted/,9,individual,2,katie_fallback,0.75
670390,https://ut.milesplit.com/meets/369373-canyon-view-invite-2019/results/670390/formatted/,,cole,0,cole,0.8999999999999999
670233,https://ut.milesplit.com/meets/369373-canyon-view-invite-2019/results/670233/formatted/,1,individual,143,katie_fallback,0.9
670233,https://ut.milesplit.com/meets/369373-canyon-view-invite-2019/results/670233/formatted/,2,team,9,katie_fallback,0.9
670238,https://ut.milesplit.com/meets/369373-canyon-view-invite-2019/results/670238/formatted/,1,individual,97,katie_fallback,0.9
670238,https://ut.milesplit.com/meets/369373-canyon-view-invite-2019/results/670238/formatted/,2,team,5,katie_fallback,0.9
670231,https://ut.milesplit.com/meets/369373-canyon-view-invite-2019/results/670231/formatted/,1,individual,60,katie_fallback,0.9
670231,https://ut.milesplit.com/meets/369373-canyon-view-invite-2019/results/670231/formatted/,2,team,8,katie_fallback,0.9
670237,https://ut.milesplit.com/meets/369373-canyon-view-invite-2019/results/670237/formatted/,1,individual,61,katie_fallback,0.9
670237,https://ut.milesplit.com/meets/369373-canyon-view-invite-2019/results/670237/formatted/,2,team,9,katie_fallback,0.9
669911,https://co.milesplit.com/meets/361342-chicken-creek-challenge-2019/results/669911/formatted/,1,individual,42,katie_fallback,0.9
669911,https://co.milesplit.com/meets/361342-chicken-creek-challenge-2019/results/669911/formatted/,2,team,4,katie_fallback,0.9
669912,https://co.milesplit.com/meets/361342-chicken-creek-challenge-2019/results/669912/formatted/,1,individual,31,katie_fallback,0.9
669912,https://co.milesplit.com/meets/361342-chicken-creek-challenge-2019/results/669912/formatted/,2,team,4,katie_fallback,0.9
669917,https://co.milesplit.com/meets/361342-chicken-creek-challenge-2019/results/669917/formatted/,1,individual,39,katie_fallback,0.9
669917,https://co.milesplit.com/meets/361342-chicken-creek-challenge-2019/results/669917/formatted/,2,team,5,katie_fallback,0.9
669913,https://co.milesplit.com/meets/361342-chicken-creek-challenge-2019/results/669913/formatted/,1,individual,49,katie_fallback,0.9
669913,https://co.milesplit.com/meets/361342-chicken-creek-challenge-2019/results/669913/formatted/,2,team,7,katie_fallback,0.9
669916,https://co.milesplit.com/meets/361342-chicken-creek-challenge-2019/results/669916/formatted/,1,individual,27,katie_fallback,0.9
669916,https://co.milesplit.com/meets/361342-chicken-creek-challenge-2019/results/669916/formatted/,2,team,3,katie_fallback,0.9
669918,https://co.milesplit.com/meets/361342-chicken-creek-challenge-2019/results/669918/formatted/,1,individual,34,katie_fallback,0.9
669918,https://co.milesplit.com/meets/361342-chicken-creek-challenge-2019/results/669918/formatted/,2,team,3,katie_fallback,0.9
670089,https://az.milesplit.com/meets/362847-nike-desert-twilight-festival-2019/results/670089/formatted/,1,individual,235,katie_fallback,0.9
670089,https://az.milesplit.com/meets/362847-nike-desert-twilight-festival-2019/results/670089/formatted/,2,team,30,katie_fallback,0.9
670089,https://az.milesplit.com/meets/362847-nike-desert-twilight-festival-2019/results/670089/formatted/,3,individual,219,katie_fallback,0.9
670089,https://az.milesplit.com/meets/362847-nike-desert-twilight-festival-2019/results/670089/formatted/,4,team,28,katie_fallback,0.9
670089,https://az.milesplit.com/meets/362847-nike-desert-twilight-festival-2019/results/670089/formatted/,5,individual,203,katie_fallback,0.9
670089,https://az.milesplit.com/meets/362847-nike-desert-twilight-festival-2019/results/670089/formatted/,6,team,29,katie_fallback,0.9
670089,https://az.milesplit.com/meets/362847-nike-desert-twilight-festival-2019/results/670089/formatted/,7,individual,184,katie_fallback,0.9
670089,https://az.milesplit.com/meets/362847-nike-desert-twilight-festival-2019/results/670089/formatted/,8,team,23,katie_fallback,0.9
670134,https://az.milesplit.com/meets/362847-nike-desert-twilight-festival-2019/results/670134/formatted/,1,individual,2,katie_fallback,0.9
670134,https://az.milesplit.com/meets/362847-nike-desert-twilight-festival-2019/results/670134/formatted/,2,individual,357,katie_fallback,0.9
670134,https://az.milesplit.com/meets/362847-nike-desert-twilight-festival-2019/results/670134/formatted/,3,team,32,katie_fallback,0.9
670134,https://az.milesplit.com/meets/362847-nike-desert-twilight-festival-2019/results/670134/formatted/,4,individual,783,katie_fallback,0.9
670134,https://az.milesplit.com/meets/362847-nike-desert-twilight-festival-2019/results/670134/formatted/,5,team,64,katie_fallback,0.9
670134,https://az.milesplit.com/meets/362847-nike-desert-twilight-festival-2019/results/670134/formatted/,6,individual,330,katie_fallback,0.9
670134,https://az.milesplit.com/meets/362847-nike-desert-twilight-festival-2019/results/670134/formatted/,7,team,47,katie_fallback,0.9
670134,https://az.milesplit.com/meets/362847-nike-desert-twilight-festival-2019/results/670134/formatted/,8,individual,132,katie_fallback,0.9
670134,https://az.milesplit.com/meets/362847-nike-desert-twilight-festival-2019/results/670134/formatted/,9,team,6,katie_fallback,0.9
670134,https://az.milesplit.com/meets/362847-nike-desert-twilight-festival-2019/results/670134/formatted/,10,individual,492,katie_fallback,0.9
670134,https://az.milesplit.com/meets/362847-nike-desert-twilight-festival-2019/results/670134/formatted/,11,team,43,katie_fallback,0.9
670134,https://az.milesplit.com/meets/362847-nike-desert-twilight-festival-2019/results/670134/formatted/,12,individual,314,katie_fallback,0.9
670134,https://az.milesplit.com/meets/362847-nike-desert-twilight-festival-2019/results/670134/formatted/,13,team,40,katie_fallback,0.9
670087,https://az.milesplit.com/meets/362847-nike-desert-twilight-festival-2019/results/670087/formatted/,,cole,0,cole,0.8999999999999999
670136,https://az.milesplit.com/meets/362847-nike-desert-twilight-festival-2019/results/670136/formatted/,1,individual,1,katie_fallback,0.9
670136,https://az.milesplit.com/meets/362847-nike-desert-twilight-festival-2019/results/670136/formatted/,2,individual,384,katie_fallback,0.9
670136,https://az.milesplit.com/meets/362847-nike-desert-twilight-festival-2019/results/670136/formatted/,3,team,40,katie_fallback,0.9
670136,https://az.milesplit.com/meets/362847-nike-desert-twilight-festival-2019/results/670136/formatted/,4,individual,624,katie_fallback,0.9
670136,https://az.milesplit.com/meets/362847-nike-desert-twilight-festival-2019/results/670136/formatted/,5,team,68,katie_fallback,0.9
670136,https://az.milesplit.com/meets/362847-nike-desert-twilight-festival-2019/results/670136/formatted/,6,individual,238,katie_fallback,0.9
670136,https://az.milesplit.com/meets/362847-nike-desert-twilight-festival-2019/results/670136/formatted/,7,team,22,katie_fallback,0.9
670136,https://az.milesplit.com/meets/362847-nike-desert-twilight-festival-2019/results/670136/formatted/,8,individual,486,katie_fallback,0.9
670136,https://az.milesplit.com/meets/362847-nike-desert-twilight-festival-2019/results/670136/formatted/,9,team,57,katie_fallback,0.9
669475,https://ut.milesplit.com/meets/362769-park-city-xc-invitational-2019/results/669475/formatted/,1,individual,214,katie_fallback,0.9
669475,https://ut.milesplit.com/meets/362769-park-city-xc-invitational-2019/results/669475/formatted/,2,team,12,katie_fallback,0.9
669476,https://ut.milesplit.com/meets/362769-park-city-xc-invitational-2019/results/669476/formatted/,1,individual,192,katie_fallback,0.9
669476,https://ut.milesplit.com/meets/362769-park-city-xc-invitational-2019/results/669476/formatted/,2,team,10,katie_fallback,0.9
669479,https://ut.milesplit.com/meets/362769-park-city-xc-invitational-2019/results/669479/formatted/,1,individual,236,katie_fallback,0.9
669479,https://ut.milesplit.com/meets/362769-park-city-xc-invitational-2019/results/669479/formatted/,2,team,17,katie_fallback,0.9
669477,https://ut.milesplit.com/meets/362769-park-city-xc-invitational-2019/results/669477/formatted/,1,individual,179,katie_fallback,0.9
669477,https://ut.milesplit.com/meets/362769-park-city-xc-invitational-2019/results/669477/formatted/,2,team,20,katie_fallback,0.9
669480,https://ut.milesplit.com/meets/362769-park-city-xc-invitational-2019/results/669480/formatted/,1,individual,133,katie_fallback,0.9
669480,https://ut.milesplit.com/meets/362769-park-city-xc-invitational-2019/results/669480/formatted/,2,team,15,katie_fallback,0.9
669574,https://ut.milesplit.com/meets/362769-park-city-xc-invitational-2019/results/669574/formatted/,1,individual,229,katie_fallback,0.9
669574,https://ut.milesplit.com/meets/362769-park-city-xc-invitational-2019/results/669574/formatted/,2,team,10,katie_fallback,0.9
669572,https://ut.milesplit.com/meets/362769-park-city-xc-invitational-2019/results/669572/formatted/,1,individual,195,katie_fallback,0.9
669572,https://ut.milesplit.com/meets/362769-park-city-xc-invitational-2019/results/669572/formatted/,2,team,12,katie_fallback,0.9
669576,https://ut.milesplit.com/meets/362769-park-city-xc-invitational-2019/results/669576/formatted/,1,individual,237,katie_fallback,0.9
669576,https://ut.milesplit.com/meets/362769-park-city-xc-invitational-2019/results/669576/formatted/,2,team,14,katie_fallback,0.9
669566,https://ut.milesplit.com/meets/362769-park-city-xc-invitational-2019/results/669566/formatted/,1,individual,196,katie_fallback,0.9
669566,https://ut.milesplit.com/meets/362769-park-city-xc-invitational-2019/results/669566/formatted/,2,team,23,katie_fallback,0.9
669569,https://ut.milesplit.com/meets/362769-park-city-xc-invitational-2019/results/669569/formatted/,1,individual,167,katie_fallback,0.9
669569,https://ut.milesplit.com/meets/362769-park-city-xc-invitational-2019/results/669569/formatted/,2,team,18,katie_fallback,0.9
669469,https://ut.milesplit.com/meets/363237-uiaaa-invitational-2019/results/669469/formatted/,1,individual,143,katie_fallback,0.9
669469,https://ut.milesplit.com/meets/363237-uiaaa-invitational-2019/results/669469/formatted/,2,team,13,katie_fallback,0.9
669472,https://ut.milesplit.com/meets/363237-uiaaa-invitational-2019/results/669472/formatted/,1,individual,59,katie_fallback,0.9
669472,https://ut.milesplit.com/meets/363237-uiaaa-invitational-2019/results/669472/formatted/,2,team,5,katie_fallback,0.9
669470,https://ut.milesplit.com/meets/363237-uiaaa-invitational-2019/results/669470/formatted/,1,individual,107,katie_fallback,0.9
669470,https://ut.milesplit.com/meets/363237-uiaaa-invitational-2019/results/669470/formatted/,2,team,11,katie_fallback,0.9
669473,https://ut.milesplit.com/meets/363237-uiaaa-invitational-2019/results/669473/formatted/,1,individual,84,katie_fallback,0.9
669473,https://ut.milesplit.com/meets/363237-uiaaa-invitational-2019/results/669473/formatted/,2,team,7,katie_fallback,0.9
669471,https://ut.milesplit.com/meets/363237-uiaaa-invitational-2019/results/669471/formatted/,1,individual,92,katie_fallback,0.9
669471,https://ut.milesplit.com/meets/363237-uiaaa-invitational-2019/results/669471/formatted/,2,team,13,katie_fallback,0.9
669474,https://ut.milesplit.com/meets/363237-uiaaa-invitational-2019/results/669474/formatted/,1,individual,69,katie_fallback,0.9
669474,https://ut.milesplit.com/meets/363237-uiaaa-invitational-2019/results/669474/formatted/,2,team,9,katie_fallback,0.9
668961,https://ut.milesplit.com/meets/369904-cedar-valley-meet-2019/results/668961/formatted/,1,individual,1,katie_fallback,0.9
668961,https://ut.milesplit.com/meets/369904-cedar-valley-meet-2019/results/668961/formatted/,2,individual,94,katie_fallback,0.9
668961,https://ut.milesplit.com/meets/369904-cedar-valley-meet-2019/results/668961/formatted/,3,team,6,katie_fallback,0.9
670941,https://ut.milesplit.com/meets/369904-cedar-valley-meet-2019/results/670941/formatted/,1,individual,64,katie_fallback,0.9
670941,https://ut.milesplit.com/meets/369904-cedar-valley-meet-2019/results/670941/formatted/,2,team,5,katie_fallback,0.9
668752,https://ut.milesplit.com/meets/362768-john-thornton-invitational-2019/results/668752/formatted/,1,individual,15,katie_fallback,0.9
668752,https://ut.milesplit.com/meets/362768-john-thornton-invitational-2019/results/668752/formatted/,2,team,1,katie_fallback,0.9
668752,https://ut.milesplit.com/meets/362768-john-thornton-invitational-2019/results/668752/formatted/,3,individual,29,katie_fallback,0.9
668752,https://ut.milesplit.com/meets/362768-john-thornton-invitational-2019/results/668752/formatted/,4,team,2,katie_fallback,0.9
668752,https://ut.milesplit.com/meets/362768-john-thornton-invitational-2019/results/668752/formatted/,5,individual,5,katie_fallback,0.9
668752,https://ut.milesplit.com/meets/362768-john-thornton-invitational-2019/results/668752/formatted/,6,individual,29,katie_fallback,0.9
668752,https://ut.milesplit.com/meets/362768-john-thornton-invitational-2019/results/668752/formatted/,7,team,4,katie_fallback,0.9
668783,https://ut.milesplit.com/meets/362768-john-thornton-invitational-2019/results/668783/formatted/,1,individual,64,katie_fallback,0.9
668783,https://ut.milesplit.com/meets/362768-john-thornton-invitational-2019/results/668783/formatted/,2,team,4,katie_fallback,0.9
668783,https://ut.milesplit.com/meets/362768-john-thornton-invitational-2019/results/668783/formatted/,3,individual,69,katie_fallback,0.9
668783,https://ut.milesplit.com/meets/362768-john-thornton-invitational-2019/results/668783/formatted/,4,team,5,katie_fallback,0.9
670206,https://ut.milesplit.com/meets/366577-red-devil-invitational-2019/results/670206/formatted/,1,individual,164,katie_fallback,0.9
670206,https://ut.milesplit.com/meets/366577-red-devil-invitational-2019/results/670206/formatted/,2,team,10,katie_fallback,0.9
670198,https://ut.milesplit.com/meets/366577-red-devil-invitational-2019/results/670198/formatted/,1,individual,94,katie_fallback,0.9
670198,https://ut.milesplit.com/meets/366577-red-devil-invitational-2019/results/670198/formatted/,2,team,6,katie_fallback,0.9
670215,https://ut.milesplit.com/meets/366577-red-devil-invitational-2019/results/670215/formatted/,1,individual,44,katie_fallback,0.9
670215,https://ut.milesplit.com/meets/366577-red-devil-invitational-2019/results/670215/formatted/,2,team,6,katie_fallback,0.9
670212,https://ut.milesplit.com/meets/366577-red-devil-invitational-2019/results/670212/formatted/,1,individual,42,katie_fallback,0.9
670212,https://ut.milesplit.com/meets/366577-red-devil-invitational-2019/results/670212/formatted/,2,team,6,katie_fallback,0.9
667729,https://co.milesplit.com/meets/355924-pagosa-springs-cross-country-challenge-2019/results/667729/formatted/,1,individual,52,katie_fallback,0.9
667729,https://co.milesplit.com/meets/355924-pagosa-springs-cross-country-challenge-2019/results/667729/formatted/,2,team,5,katie_fallback,0.9
667730,https://co.milesplit.com/meets/355924-pagosa-springs-cross-country-challenge-2019/results/667730/formatted/,1,individual,54,katie_fallback,0.9
667730,https://co.milesplit.com/meets/355924-pagosa-springs-cross-country-challenge-2019/results/667730/formatted/,2,team,6,katie_fallback,0.9
667734,https://co.milesplit.com/meets/355924-pagosa-springs-cross-country-challenge-2019/results/667734/formatted/,1,individual,66,katie_fallback,0.9
667734,https://co.milesplit.com/meets/355924-pagosa-springs-cross-country-challenge-2019/results/667734/formatted/,2,team,6,katie_fallback,0.9
667764,https://co.milesplit.com/meets/355924-pagosa-springs-cross-country-challenge-2019/results/667764/formatted/,1,individual,68,katie_fallback,0.9
667764,https://co.milesplit.com/meets/355924-pagosa-springs-cross-country-challenge-2019/results/667764/formatted/,2,team,6,katie_fallback,0.9
667988,https://ut.milesplit.com/meets/363240-pleasant-grove-viking-invitational-2019/results/667988/formatted/,1,individual,192,katie_fallback,0.9
667988,https://ut.milesplit.com/meets/363240-pleasant-grove-viking-invitational-2019/results/667988/formatted/,2,team,16,katie_fallback,0.9
667991,https://ut.milesplit.com/meets/363240-pleasant-grove-viking-invitational-2019/results/667991/formatted/,1,individual,75,katie_fallback,0.9
667991,https://ut.milesplit.com/meets/363240-pleasant-grove-viking-invitational-2019/results/667991/formatted/,2,team,7,katie_fallback,0.9
667989,https://ut.milesplit.com/meets/363240-pleasant-grove-viking-invitational-2019/results/667989/formatted/,1,individual,116,katie_fallback,0.9
667989,https://ut.milesplit.com/meets/363240-pleasant-grove-viking-invitational-2019/results/667989/formatted/,2,team,11,katie_fallback,0.9
667992,https://ut.milesplit.com/meets/363240-pleasant-grove-viking-invitational-2019/results/667992/formatted/,1,individual,78,katie_fallback,0.9
667992,https://ut.milesplit.com/meets/363240-pleasant-grove-viking-invitational-2019/results/667992/formatted/,2,team,7,katie_fallback,0.9
667987,https://ut.milesplit.com/meets/363240-pleasant-grove-viking-invitational-2019/results/667987/formatted/,1,individual,104,katie_fallback,0.9
667987,https://ut.milesplit.com/meets/363240-pleasant-grove-viking-invitational-2019/results/667987/formatted/,2,team,15,katie_fallback,0.9
667990,https://ut.milesplit.com/meets/363240-pleasant-grove-viking-invitational-2019/results/667990/formatted/,1,individual,83,katie_fallback,0.9
667990,https://ut.milesplit.com/meets/363240-pleasant-grove-viking-invitational-2019/results/667990/formatted/,2,team,11,katie_fallback,0.9
667906,https://ca.milesplit.com/meets/365348-woodbridge-cross-country-classic-2019/results/667906/formatted/,1,individual,187,katie_fallback,0.9
667906,https://ca.milesplit.com/meets/365348-woodbridge-cross-country-classic-2019/results/667906/formatted/,2,team,26,katie_fallback,0.9
667906,https://ca.milesplit.com/meets/365348-woodbridge-cross-country-classic-2019/results/667906/formatted/,3,individual,163,katie_fallback,0.9
667906,https://ca.milesplit.com/meets/365348-woodbridge-cross-country-classic-2019/results/667906/formatted/,4,team,24,katie_fallback,0.9
667906,https://ca.milesplit.com/meets/365348-woodbridge-cross-country-classic-2019/results/667906/formatted/,5,individual,1,katie_fallback,0.9
667906,https://ca.milesplit.com/meets/365348-woodbridge-cross-country-classic-2019/results/667906/formatted/,6,individual,190,katie_fallback,0.9
667906,https://ca.milesplit.com/meets/365348-woodbridge-cross-country-classic-2019/results/667906/formatted/,7,team,16,katie_fallback,0.9
667906,https://ca.milesplit.com/meets/365348-woodbridge-cross-country-classic-2019/results/667906/formatted/,8,individual,138,katie_fallback,0.9
667906,https://ca.milesplit.com/meets/365348-woodbridge-cross-country-classic-2019/results/667906/formatted/,9,team,6,katie_fallback,0.9
667906,https://ca.milesplit.com/meets/365348-woodbridge-cross-country-classic-2019/results/667906/formatted/,10,individual,388,katie_fallback,0.9
667906,https://ca.milesplit.com/meets/365348-woodbridge-cross-country-classic-2019/results/667906/formatted/,11,team,37,katie_fallback,0.9
667906,https://ca.milesplit.com/meets/365348-woodbridge-cross-country-classic-2019/results/667906/formatted/,12,individual,395,katie_fallback,0.9
667906,https://ca.milesplit.com/meets/365348-woodbridge-cross-country-classic-2019/results/667906/formatted/,13,team,42,katie_fallback,0.9
667906,https://ca.milesplit.com/meets/365348-woodbridge-cross-country-classic-2019/results/667906/formatted/,14,individual,189,katie_fallback,0.9
667906,https://ca.milesplit.com/meets/365348-woodbridge-cross-country-classic-2019/results/667906/formatted/,15,team,14,katie_fallback,0.9
667906,https://ca.milesplit.com/meets/365348-woodbridge-cross-country-classic-2019/results/667906/formatted/,16,individual,204,katie_fallback,0.9
667906,https://ca.milesplit.com/meets/365348-woodbridge-cross-country-classic-2019/results/667906/formatted/,17,team,30,katie_fallback,0.9
667906,https://ca.milesplit.com/meets/365348-woodbridge-cross-country-classic-2019/results/667906/formatted/,18,individual,206,katie_fallback,0.9
667906,https://ca.milesplit.com/meets/365348-woodbridge-cross-country-classic-2019/results/667906/formatted/,19,team,17,katie_fallback,0.9
667906,https://ca.milesplit.com/meets/365348-woodbridge-cross-country-classic-2019/results/667906/formatted/,20,individual,1,katie_fallback,0.9
667906,https://ca.milesplit.com/meets/365348-woodbridge-cross-country-classic-2019/results/667906/formatted/,21,individual,1,katie_fallback,0.9
667906,https://ca.milesplit.com/meets/365348-woodbridge-cross-country-classic-2019/results/667906/formatted/,22,individual,202,katie_fallback,0.9
667906,https://ca.milesplit.com/meets/365348-woodbridge-cross-country-classic-2019/results/667906/formatted/,23,team,17,katie_fallback,0.9
667892,https://ca.milesplit.com/meets/365348-woodbridge-cross-country-classic-2019/results/667892/formatted/,1,individual,238,katie_fallback,0.9
667892,https://ca.milesplit.com/meets/365348-woodbridge-cross-country-classic-2019/results/667892/formatted/,2,team,32,katie_fallback,0.9
667892,https://ca.milesplit.com/meets/365348-woodbridge-cross-country-classic-2019/results/667892/formatted/,3,individual,239,katie_fallback,0.9
667892,https://ca.milesplit.com/meets/365348-woodbridge-cross-country-classic-2019/results/667892/formatted/,4,team,34,katie_fallback,0.9
667892,https://ca.milesplit.com/meets/365348-woodbridge-cross-country-classic-2019/results/667892/formatted/,5,individual,198,katie_fallback,0.9
667892,https://ca.milesplit.com/meets/365348-woodbridge-cross-country-classic-2019/results/667892/formatted/,6,team,27,katie_fallback,0.9
667892,https://ca.milesplit.com/meets/365348-woodbridge-cross-country-classic-2019/results/667892/formatted/,7,individual,199,katie_fallback,0.9
667892,https://ca.milesplit.com/meets/365348-woodbridge-cross-country-classic-2019/results/667892/formatted/,8,team,28,katie_fallback,0.9
667907,https://ca.milesplit.com/meets/365348-woodbridge-cross-country-classic-2019/results/667907/formatted/,1,individual,250,katie_fallback,0.9
667907,https://ca.milesplit.com/meets/365348-woodbridge-cross-country-classic-2019/results/667907/formatted/,2,team,36,katie_fallback,0.9
667907,https://ca.milesplit.com/meets/365348-woodbridge-cross-country-classic-2019/results/667907/formatted/,3,individual,209,katie_fallback,0.9
667907,https://ca.milesplit.com/meets/365348-woodbridge-cross-country-classic-2019/results/667907/formatted/,4,team,30,katie_fallback,0.9
667907,https://ca.milesplit.com/meets/365348-woodbridge-cross-country-classic-2019/results/667907/formatted/,5,individual,128,katie_fallback,0.9
667907,https://ca.milesplit.com/meets/365348-woodbridge-cross-country-classic-2019/results/667907/formatted/,6,team,6,katie_fallback,0.9
667907,https://ca.milesplit.com/meets/365348-woodbridge-cross-country-classic-2019/results/667907/formatted/,7,individual,213,katie_fallback,0.9
667907,https://ca.milesplit.com/meets/365348-woodbridge-cross-country-classic-2019/results/667907/formatted/,8,team,17,katie_fallback,0.9
667907,https://ca.milesplit.com/meets/365348-woodbridge-cross-country-classic-2019/results/667907/formatted/,9,individual,375,katie_fallback,0.9
667907,https://ca.milesplit.com/meets/365348-woodbridge-cross-country-classic-2019/results/667907/formatted/,10,team,37,katie_fallback,0.9
667907,https://ca.milesplit.com/meets/365348-woodbridge-cross-country-classic-2019/results/667907/formatted/,11,individual,388,katie_fallback,0.9
667907,https://ca.milesplit.com/meets/365348-woodbridge-cross-country-classic-2019/results/667907/formatted/,12,team,38,katie_fallback,0.9
667907,https://ca.milesplit.com/meets/365348-woodbridge-cross-country-classic-2019/results/667907/formatted/,13,individual,376,katie_fallback,0.9
667907,https://ca.milesplit.com/meets/365348-woodbridge-cross-country-classic-2019/results/667907/formatted/,14,team,50,katie_fallback,0.9
667907,https://ca.milesplit.com/meets/365348-woodbridge-cross-country-classic-2019/results/667907/formatted/,15,individual,193,katie_fallback,0.9
667907,https://ca.milesplit.com/meets/365348-woodbridge-cross-country-classic-2019/results/667907/formatted/,16,team,26,katie_fallback,0.9
667907,https://ca.milesplit.com/meets/365348-woodbridge-cross-country-classic-2019/results/667907/formatted/,17,individual,134,katie_fallback,0.9
667907,https://ca.milesplit.com/meets/365348-woodbridge-cross-country-classic-2019/results/667907/formatted/,18,team,11,katie_fallback,0.9
667907,https://ca.milesplit.com/meets/365348-woodbridge-cross-country-classic-2019/results/667907/formatted/,19,individual,2,katie_fallback,0.9
667907,https://ca.milesplit.com/meets/365348-woodbridge-cross-country-classic-2019/results/667907/formatted/,20,individual,166,katie_fallback,0.9
667907,https://ca.milesplit.com/meets/365348-woodbridge-cross-country-classic-2019/results/667907/formatted/,21,team,14,katie_fallback,0.9
667907,https://ca.milesplit.com/meets/365348-woodbridge-cross-country-classic-2019/results/667907/formatted/,22,individual,198,katie_fallback,0.9
667907,https://ca.milesplit.com/meets/365348-woodbridge-cross-country-classic-2019/results/667907/formatted/,23,team,16,katie_fallback,0.9
667427,https://ca.milesplit.com/meets/365348-woodbridge-cross-country-classic-2019/results/667427/formatted/,1,individual,158,katie_fallback,0.9
667427,https://ca.milesplit.com/meets/365348-woodbridge-cross-country-classic-2019/results/667427/formatted/,2,team,22,katie_fallback,0.9
667427,https://ca.milesplit.com/meets/365348-woodbridge-cross-country-classic-2019/results/667427/formatted/,3,individual,198,katie_fallback,0.9
667427,https://ca.milesplit.com/meets/365348-woodbridge-cross-country-classic-2019/results/667427/formatted/,4,team,29,katie_fallback,0.9
667427,https://ca.milesplit.com/meets/365348-woodbridge-cross-country-classic-2019/results/667427/formatted/,5,individual,4,katie_fallback,0.9
667427,https://ca.milesplit.com/meets/365348-woodbridge-cross-country-classic-2019/results/667427/formatted/,6,individual,242,katie_fallback,0.9
667427,https://ca.milesplit.com/meets/365348-woodbridge-cross-country-classic-2019/results/667427/formatted/,7,team,22,katie_fallback,0.9
667427,https://ca.milesplit.com/meets/365348-woodbridge-cross-country-classic-2019/results/667427/formatted/,8,individual,296,katie_fallback,0.9
667427,https://ca.milesplit.com/meets/365348-woodbridge-cross-country-classic-2019/results/667427/formatted/,9,team,29,katie_fallback,0.9
667427,https://ca.milesplit.com/meets/365348-woodbridge-cross-country-classic-2019/results/667427/formatted/,10,individual,387,katie_fallback,0.9
667427,https://ca.milesplit.com/meets/365348-woodbridge-cross-country-classic-2019/results/667427/formatted/,11,team,32,katie_fallback,0.9
667427,https://ca.milesplit.com/meets/365348-woodbridge-cross-country-classic-2019/results/667427/formatted/,12,individual,209,katie_fallback,0.9
667427,https://ca.milesplit.com/meets/365348-woodbridge-cross-country-classic-2019/results/667427/formatted/,13,team,16,katie_fallback,0.9
667427,https://ca.milesplit.com/meets/365348-woodbridge-cross-country-classic-2019/results/667427/formatted/,14,individual,152,katie_fallback,0.9
667427,https://ca.milesplit.com/meets/365348-woodbridge-cross-country-classic-2019/results/667427/formatted/,15,team,21,katie_fallback,0.9
667427,https://ca.milesplit.com/meets/365348-woodbridge-cross-country-classic-2019/results/667427/formatted/,16,individual,193,katie_fallback,0.9
667427,https://ca.milesplit.com/meets/365348-woodbridge-cross-country-classic-2019/results/667427/formatted/,17,team,27,katie_fallback,0.9
667427,https://ca.milesplit.com/meets/365348-woodbridge-cross-country-classic-2019/results/667427/formatted/,18,individual,317,katie_fallback,0.9
667427,https://ca.milesplit.com/meets/365348-woodbridge-cross-country-classic-2019/results/667427/formatted/,19,team,29,katie_fallback,0.9
667427,https://ca.milesplit.com/meets/365348-woodbridge-cross-country-classic-2019/results/667427/formatted/,20,individual,1,katie_fallback,0.9
667427,https://ca.milesplit.com/meets/365348-woodbridge-cross-country-classic-2019/results/667427/formatted/,21,individual,151,katie_fallback,0.9
667427,https://ca.milesplit.com/meets/365348-woodbridge-cross-country-classic-2019/results/667427/formatted/,22,team,10,katie_fallback,0.9
667427,https://ca.milesplit.com/meets/365348-woodbridge-cross-country-classic-2019/results/667427/formatted/,23,individual,143,katie_fallback,0.9
667427,https://ca.milesplit.com/meets/365348-woodbridge-cross-country-classic-2019/results/667427/formatted/,24,team,11,katie_fallback,0.9
667893,https://ca.milesplit.com/meets/365348-woodbridge-cross-country-classic-2019/results/667893/formatted/,,no_tables,0,katie_fallback,0.55
665627,https://ut.milesplit.com/meets/362766-byu-autumn-classic-2019/results/665627/formatted/,1,individual,38,katie_fallback,0.9
665627,https://ut.milesplit.com/meets/362766-byu-autumn-classic-2019/results/665627/formatted/,2,team,4,katie_fallback,0.9
665627,https://ut.milesplit.com/meets/362766-byu-autumn-classic-2019/results/665627/formatted/,3,individual,47,katie_fallback,0.9
665627,https://ut.milesplit.com/meets/362766-byu-autumn-classic-2019/results/665627/formatted/,4,team,4,katie_fallback,0.9
665027,https://ut.milesplit.com/meets/362766-byu-autumn-classic-2019/results/665027/formatted/,1,individual,472,katie_fallback,0.9
665027,https://ut.milesplit.com/meets/362766-byu-autumn-classic-2019/results/665027/formatted/,2,team,32,katie_fallback,0.9
665055,https://ut.milesplit.com/meets/362766-byu-autumn-classic-2019/results/665055/formatted/,1,individual,288,katie_fallback,0.9
665055,https://ut.milesplit.com/meets/362766-byu-autumn-classic-2019/results/665055/formatted/,2,team,21,katie_fallback,0.9
665083,https://ut.milesplit.com/meets/362766-byu-autumn-classic-2019/results/665083/formatted/,1,individual,472,katie_fallback,0.9
665083,https://ut.milesplit.com/meets/362766-byu-autumn-classic-2019/results/665083/formatted/,2,team,41,katie_fallback,0.9
665090,https://ut.milesplit.com/meets/362766-byu-autumn-classic-2019/results/665090/formatted/,1,individual,298,katie_fallback,0.9
665090,https://ut.milesplit.com/meets/362766-byu-autumn-classic-2019/results/665090/formatted/,2,team,29,katie_fallback,0.9
665063,https://ut.milesplit.com/meets/362766-byu-autumn-classic-2019/results/665063/formatted/,1,individual,307,katie_fallback,0.9
665063,https://ut.milesplit.com/meets/362766-byu-autumn-classic-2019/results/665063/formatted/,2,team,45,katie_fallback,0.9
665075,https://ut.milesplit.com/meets/362766-byu-autumn-classic-2019/results/665075/formatted/,1,individual,260,katie_fallback,0.9
665075,https://ut.milesplit.com/meets/362766-byu-autumn-classic-2019/results/665075/formatted/,2,team,35,katie_fallback,0.9
664394,https://ut.milesplit.com/meets/363232-hurricane-xc-invitational-2019/results/664394/formatted/,1,individual,95,katie_fallback,0.9
664394,https://ut.milesplit.com/meets/363232-hurricane-xc-invitational-2019/results/664394/formatted/,2,team,6,katie_fallback,0.9
664397,https://ut.milesplit.com/meets/363232-hurricane-xc-invitational-2019/results/664397/formatted/,1,individual,61,katie_fallback,0.9
664397,https://ut.milesplit.com/meets/363232-hurricane-xc-invitational-2019/results/664397/formatted/,2,team,5,katie_fallback,0.9
664392,https://ut.milesplit.com/meets/363232-hurricane-xc-invitational-2019/results/664392/formatted/,1,individual,39,katie_fallback,0.9
664392,https://ut.milesplit.com/meets/363232-hurricane-xc-invitational-2019/results/664392/formatted/,2,team,5,katie_fallback,0.9
664396,https://ut.milesplit.com/meets/363232-hurricane-xc-invitational-2019/results/664396/formatted/,1,individual,36,katie_fallback,0.9
664396,https://ut.milesplit.com/meets/363232-hurricane-xc-invitational-2019/results/664396/formatted/,2,team,5,katie_fallback,0.9
664399,https://ut.milesplit.com/meets/363249-pre-region-11-meet-2019/results/664399/formatted/,1,individual,164,katie_fallback,0.9
664399,https://ut.milesplit.com/meets/363249-pre-region-11-meet-2019/results/664399/formatted/,2,team,6,katie_fallback,0.9
664402,https://ut.milesplit.com/meets/363249-pre-region-11-meet-2019/results/664402/formatted/,1,individual,101,katie_fallback,0.9
664402,https://ut.milesplit.com/meets/363249-pre-region-11-meet-2019/results/664402/formatted/,2,team,6,katie_fallback,0.9
664398,https://ut.milesplit.com/meets/363249-pre-region-11-meet-2019/results/664398/formatted/,1,individual,41,katie_fallback,0.9
664398,https://ut.milesplit.com/meets/363249-pre-region-11-meet-2019/results/664398/formatted/,2,team,6,katie_fallback,0.9
664401,https://ut.milesplit.com/meets/363249-pre-region-11-meet-2019/results/664401/formatted/,1,individual,40,katie_fallback,0.9
664401,https://ut.milesplit.com/meets/363249-pre-region-11-meet-2019/results/664401/formatted/,2,team,6,katie_fallback,0.9
664409,https://ut.milesplit.com/meets/368354-providence-hall-meet-2019/results/664409/formatted/,1,individual,14,katie_fallback,0.9
664409,https://ut.milesplit.com/meets/368354-providence-hall-meet-2019/results/664409/formatted/,2,team,1,katie_fallback,0.9
664412,https://ut.milesplit.com/meets/368354-providence-hall-meet-2019/results/664412/formatted/,1,individual,8,katie_fallback,0.9
664412,https://ut.milesplit.com/meets/368354-providence-hall-meet-2019/results/664412/formatted/,2,team,1,katie_fallback,0.9
664408,https://ut.milesplit.com/meets/368354-providence-hall-meet-2019/results/664408/formatted/,1,individual,14,katie_fallback,0.9
664408,https://ut.milesplit.com/meets/368354-providence-hall-meet-2019/results/664408/formatted/,2,team,2,katie_fallback,0.9
664410,https://ut.milesplit.com/meets/368354-providence-hall-meet-2019/results/664410/formatted/,1,individual,5,katie_fallback,0.75
664405,https://ut.milesplit.com/meets/363267-weber-citycounty-xc-championships-2019/results/664405/formatted/,1,individual,123,katie_fallback,0.9
664405,https://ut.milesplit.com/meets/363267-weber-citycounty-xc-championships-2019/results/664405/formatted/,2,team,7,katie_fallback,0.9
664407,https://ut.milesplit.com/meets/363267-weber-citycounty-xc-championships-2019/results/664407/formatted/,1,individual,69,katie_fallback,0.9
664407,https://ut.milesplit.com/meets/363267-weber-citycounty-xc-championships-2019/results/664407/formatted/,2,team,5,katie_fallback,0.9
664404,https://ut.milesplit.com/meets/363267-weber-citycounty-xc-championships-2019/results/664404/formatted/,1,individual,44,katie_fallback,0.9
664404,https://ut.milesplit.com/meets/363267-weber-citycounty-xc-championships-2019/results/664404/formatted/,2,team,6,katie_fallback,0.9
664406,https://ut.milesplit.com/meets/363267-weber-citycounty-xc-championships-2019/results/664406/formatted/,1,individual,38,katie_fallback,0.9
664406,https://ut.milesplit.com/meets/363267-weber-citycounty-xc-championships-2019/results/664406/formatted/,2,team,6,katie_fallback,0.9
663226,https://ut.milesplit.com/meets/362764-wasatch-xc-invitational-2019/results/663226/formatted/,1,individual,175,katie_fallback,0.9
663226,https://ut.milesplit.com/meets/362764-wasatch-xc-invitational-2019/results/663226/formatted/,2,team,14,katie_fallback,0.9
663225,https://ut.milesplit.com/meets/362764-wasatch-xc-invitational-2019/results/663225/formatted/,1,individual,86,katie_fallback,0.9
663225,https://ut.milesplit.com/meets/362764-wasatch-xc-invitational-2019/results/663225/formatted/,2,team,7,katie_fallback,0.9
663518,https://ut.milesplit.com/meets/362764-wasatch-xc-invitational-2019/results/663518/formatted/,1,individual,9,katie_fallback,0.75
663519,https://ut.milesplit.com/meets/362764-wasatch-xc-invitational-2019/results/663519/formatted/,1,individual,8,katie_fallback,0.75
663234,https://ut.milesplit.com/meets/362764-wasatch-xc-invitational-2019/results/663234/formatted/,1,individual,134,katie_fallback,0.9
663234,https://ut.milesplit.com/meets/362764-wasatch-xc-invitational-2019/results/663234/formatted/,2,team,10,katie_fallback,0.9
663230,https://ut.milesplit.com/meets/362764-wasatch-xc-invitational-2019/results/663230/formatted/,1,individual,82,katie_fallback,0.9
663230,https://ut.milesplit.com/meets/362764-wasatch-xc-invitational-2019/results/663230/formatted/,2,team,10,katie_fallback,0.9
663221,https://ut.milesplit.com/meets/362764-wasatch-xc-invitational-2019/results/663221/formatted/,,cole,0,cole,0.8999999999999999
663237,https://ut.milesplit.com/meets/362764-wasatch-xc-invitational-2019/results/663237/formatted/,1,individual,93,katie_fallback,0.9
663237,https://ut.milesplit.com/meets/362764-wasatch-xc-invitational-2019/results/663237/formatted/,2,team,14,katie_fallback,0.9
663235,https://ut.milesplit.com/meets/362764-wasatch-xc-invitational-2019/results/663235/formatted/,1,individual,70,katie_fallback,0.9
663235,https://ut.milesplit.com/meets/362764-wasatch-xc-invitational-2019/results/663235/formatted/,2,team,10,katie_fallback,0.9
663820,https://ut.milesplit.com/meets/362763-murray-invitational-2019/results/663820/formatted/,1,individual,144,katie_fallback,0.9
663820,https://ut.milesplit.com/meets/362763-murray-invitational-2019/results/663820/formatted/,2,team,16,katie_fallback,0.9
663821,https://ut.milesplit.com/meets/362763-murray-invitational-2019/results/663821/formatted/,1,individual,91,katie_fallback,0.9
663821,https://ut.milesplit.com/meets/362763-murray-invitational-2019/results/663821/formatted/,2,team,10,katie_fallback,0.9
663703,https://ut.milesplit.com/meets/362763-murray-invitational-2019/results/663703/formatted/,1,individual,708,katie_fallback,0.9
663703,https://ut.milesplit.com/meets/362763-murray-invitational-2019/results/663703/formatted/,2,team,43,katie_fallback,0.9
663817,https://ut.milesplit.com/meets/362763-murray-invitational-2019/results/663817/formatted/,1,individual,480,katie_fallback,0.9
663817,https://ut.milesplit.com/meets/362763-murray-invitational-2019/results/663817/formatted/,2,team,36,katie_fallback,0.9
663822,https://ut.milesplit.com/meets/362763-murray-invitational-2019/results/663822/formatted/,,cole,0,cole,0.8999999999999999
663823,https://ut.milesplit.com/meets/362763-murray-invitational-2019/results/663823/formatted/,1,individual,123,katie_fallback,0.9
663823,https://ut.milesplit.com/meets/362763-murray-invitational-2019/results/663823/formatted/,2,team,10,katie_fallback,0.9
662700,https://ut.milesplit.com/meets/362763-murray-invitational-2019/results/662700/formatted/,1,individual,208,katie_fallback,0.9
662700,https://ut.milesplit.com/meets/362763-murray-invitational-2019/results/662700/formatted/,2,team,26,katie_fallback,0.9
662701,https://ut.milesplit.com/meets/362763-murray-invitational-2019/results/662701/formatted/,1,individual,159,katie_fallback,0.9
662701,https://ut.milesplit.com/meets/362763-murray-invitational-2019/results/662701/formatted/,2,team,20,katie_fallback,0.9
663214,https://ut.milesplit.com/meets/367903-payson-night-hunt-2019/results/663214/formatted/,1,individual,122,katie_fallback,0.9
663214,https://ut.milesplit.com/meets/367903-payson-night-hunt-2019/results/663214/formatted/,2,team,10,katie_fallback,0.9
663217,https://ut.milesplit.com/meets/367903-payson-night-hunt-2019/results/663217/formatted/,1,individual,77,katie_fallback,0.9
663217,https://ut.milesplit.com/meets/367903-payson-night-hunt-2019/results/663217/formatted/,2,team,7,katie_fallback,0.9
663212,https://ut.milesplit.com/meets/367903-payson-night-hunt-2019/results/663212/formatted/,1,individual,55,katie_fallback,0.9
663212,https://ut.milesplit.com/meets/367903-payson-night-hunt-2019/results/663212/formatted/,2,team,8,katie_fallback,0.9
663213,https://ut.milesplit.com/meets/367903-payson-night-hunt-2019/results/663213/formatted/,1,individual,43,katie_fallback,0.9
663213,https://ut.milesplit.com/meets/367903-payson-night-hunt-2019/results/663213/formatted/,2,team,6,katie_fallback,0.9
663815,https://ut.milesplit.com/meets/362762-badger-invitational-2019/results/663815/formatted/,1,individual,76,katie_fallback,0.9
663815,https://ut.milesplit.com/meets/362762-badger-invitational-2019/results/663815/formatted/,2,team,7,katie_fallback,0.9
663816,https://ut.milesplit.com/meets/362762-badger-invitational-2019/results/663816/formatted/,1,individual,36,katie_fallback,0.9
663816,https://ut.milesplit.com/meets/362762-badger-invitational-2019/results/663816/formatted/,2,team,3,katie_fallback,0.9
677677,https://ut.milesplit.com/meets/362771-utah-state-xc-championships-2019/results/677677/formatted/,1,individual,98,katie_fallback,0.9
677677,https://ut.milesplit.com/meets/362771-utah-state-xc-championships-2019/results/677677/formatted/,2,team,13,katie_fallback,0.9
677678,https://ut.milesplit.com/meets/362771-utah-state-xc-championships-2019/results/677678/formatted/,1,individual,73,katie_fallback,0.9
677678,https://ut.milesplit.com/meets/362771-utah-state-xc-championships-2019/results/677678/formatted/,2,team,8,katie_fallback,0.9
677679,https://ut.milesplit.com/meets/362771-utah-state-xc-championships-2019/results/677679/formatted/,1,individual,78,katie_fallback,0.9
677679,https://ut.milesplit.com/meets/362771-utah-state-xc-championships-2019/results/677679/formatted/,2,team,9,katie_fallback,0.9
677680,https://ut.milesplit.com/meets/362771-utah-state-xc-championships-2019/results/677680/formatted/,1,individual,68,katie_fallback,0.9
677680,https://ut.milesplit.com/meets/362771-utah-state-xc-championships-2019/results/677680/formatted/,2,team,8,katie_fallback,0.9
677656,https://ut.milesplit.com/meets/362771-utah-state-xc-championships-2019/results/677656/formatted/,1,individual,79,katie_fallback,0.75
677681,https://ut.milesplit.com/meets/362771-utah-state-xc-championships-2019/results/677681/formatted/,1,individual,72,katie_fallback,0.9
677681,https://ut.milesplit.com/meets/362771-utah-state-xc-championships-2019/results/677681/formatted/,2,team,9,katie_fallback,0.9
677650,https://ut.milesplit.com/meets/362771-utah-state-xc-championships-2019/results/677650/formatted/,1,individual,132,katie_fallback,0.9
677650,https://ut.milesplit.com/meets/362771-utah-state-xc-championships-2019/results/677650/formatted/,2,team,18,katie_fallback,0.9
677682,https://ut.milesplit.com/meets/362771-utah-state-xc-championships-2019/results/677682/formatted/,1,individual,131,katie_fallback,0.9
677682,https://ut.milesplit.com/meets/362771-utah-state-xc-championships-2019/results/677682/formatted/,2,team,18,katie_fallback,0.9
677640,https://ut.milesplit.com/meets/362771-utah-state-xc-championships-2019/results/677640/formatted/,1,individual,155,katie_fallback,0.9
677640,https://ut.milesplit.com/meets/362771-utah-state-xc-championships-2019/results/677640/formatted/,2,team,21,katie_fallback,0.9
677605,https://ut.milesplit.com/meets/362771-utah-state-xc-championships-2019/results/677605/formatted/,1,individual,155,katie_fallback,0.75
677614,https://ut.milesplit.com/meets/362771-utah-state-xc-championships-2019/results/677614/formatted/,1,individual,136,katie_fallback,0.9
677614,https://ut.milesplit.com/meets/362771-utah-state-xc-championships-2019/results/677614/formatted/,2,team,18,katie_fallback,0.9
677634,https://ut.milesplit.com/meets/362771-utah-state-xc-championships-2019/results/677634/formatted/,1,individual,132,katie_fallback,0.9
677634,https://ut.milesplit.com/meets/362771-utah-state-xc-championships-2019/results/677634/formatted/,2,team,17,katie_fallback,0.9
675385,https://ut.milesplit.com/meets/370835-region-13-championships-2019/results/675385/formatted/,,cole,0,cole,0.8999999999999999
675542,https://ut.milesplit.com/meets/370835-region-13-championships-2019/results/675542/formatted/,,cole,0,cole,0.8999999999999999
675545,https://ut.milesplit.com/meets/371022-region-14-championships-2019/results/675545/formatted/,1,individual,107,katie_fallback,0.9
675545,https://ut.milesplit.com/meets/371022-region-14-championships-2019/results/675545/formatted/,2,team,7,katie_fallback,0.9
675546,https://ut.milesplit.com/meets/371022-region-14-championships-2019/results/675546/formatted/,1,individual,47,katie_fallback,0.9
675546,https://ut.milesplit.com/meets/371022-region-14-championships-2019/results/675546/formatted/,2,team,5,katie_fallback,0.9
673665,https://ut.milesplit.com/meets/369383-region-2-championships-2019/results/673665/formatted/,1,individual,68,katie_fallback,0.9
673665,https://ut.milesplit.com/meets/369383-region-2-championships-2019/results/673665/formatted/,2,team,4,katie_fallback,0.9
673667,https://ut.milesplit.com/meets/369383-region-2-championships-2019/results/673667/formatted/,1,individual,21,katie_fallback,0.9
673667,https://ut.milesplit.com/meets/369383-region-2-championships-2019/results/673667/formatted/,2,team,1,katie_fallback,0.9
673668,https://ut.milesplit.com/meets/369383-region-2-championships-2019/results/673668/formatted/,1,individual,42,katie_fallback,0.9
673668,https://ut.milesplit.com/meets/369383-region-2-championships-2019/results/673668/formatted/,2,team,6,katie_fallback,0.9
673666,https://ut.milesplit.com/meets/369383-region-2-championships-2019/results/673666/formatted/,1,individual,29,katie_fallback,0.9
673666,https://ut.milesplit.com/meets/369383-region-2-championships-2019/results/673666/formatted/,2,team,4,katie_fallback,0.9
673774,https://ut.milesplit.com/meets/363257-region-4-championships-2019/results/673774/formatted/,1,individual,204,katie_fallback,0.9
673774,https://ut.milesplit.com/meets/363257-region-4-championships-2019/results/673774/formatted/,2,team,6,katie_fallback,0.9
673772,https://ut.milesplit.com/meets/363257-region-4-championships-2019/results/673772/formatted/,1,individual,174,katie_fallback,0.9
673772,https://ut.milesplit.com/meets/363257-region-4-championships-2019/results/673772/formatted/,2,team,6,katie_fallback,0.9
673771,https://ut.milesplit.com/meets/363257-region-4-championships-2019/results/673771/formatted/,1,individual,48,katie_fallback,0.9
673771,https://ut.milesplit.com/meets/363257-region-4-championships-2019/results/673771/formatted/,2,team,6,katie_fallback,0.9
673773,https://ut.milesplit.com/meets/363257-region-4-championships-2019/results/673773/formatted/,1,individual,45,katie_fallback,0.9
673773,https://ut.milesplit.com/meets/363257-region-4-championships-2019/results/673773/formatted/,2,team,6,katie_fallback,0.9
673670,https://ut.milesplit.com/meets/363243-region-5-championships-2019/results/673670/formatted/,1,individual,136,katie_fallback,0.9
673670,https://ut.milesplit.com/meets/363243-region-5-championships-2019/results/673670/formatted/,2,team,6,katie_fallback,0.9
673678,https://ut.milesplit.com/meets/363243-region-5-championships-2019/results/673678/formatted/,1,individual,62,katie_fallback,0.9
673678,https://ut.milesplit.com/meets/363243-region-5-championships-2019/results/673678/formatted/,2,team,3,katie_fallback,0.9
673697,https://ut.milesplit.com/meets/363243-region-5-championships-2019/results/673697/formatted/,1,individual,48,katie_fallback,0.9
673697,https://ut.milesplit.com/meets/363243-region-5-championships-2019/results/673697/formatted/,2,team,6,katie_fallback,0.9
673673,https://ut.milesplit.com/meets/363243-region-5-championships-2019/results/673673/formatted/,1,individual,45,katie_fallback,0.9
673673,https://ut.milesplit.com/meets/363243-region-5-championships-2019/results/673673/formatted/,2,team,6,katie_fallback,0.9
673680,https://ut.milesplit.com/meets/362770-region-6-championships-2019/results/673680/formatted/,1,individual,176,katie_fallback,0.9
673680,https://ut.milesplit.com/meets/362770-region-6-championships-2019/results/673680/formatted/,2,team,8,katie_fallback,0.9
673682,https://ut.milesplit.com/meets/362770-region-6-championships-2019/results/673682/formatted/,1,individual,87,katie_fallback,0.9
673682,https://ut.milesplit.com/meets/362770-region-6-championships-2019/results/673682/formatted/,2,team,5,katie_fallback,0.9
673679,https://ut.milesplit.com/meets/362770-region-6-championships-2019/results/673679/formatted/,1,individual,56,katie_fallback,0.9
673679,https://ut.milesplit.com/meets/362770-region-6-championships-2019/results/673679/formatted/,2,team,8,katie_fallback,0.9
673681,https://ut.milesplit.com/meets/362770-region-6-championships-2019/results/673681/formatted/,1,individual,55,katie_fallback,0.9
673681,https://ut.milesplit.com/meets/362770-region-6-championships-2019/results/673681/formatted/,2,team,8,katie_fallback,0.9
673689,https://ut.milesplit.com/meets/371017-region-7-championships-2019/results/673689/formatted/,1,individual,167,katie_fallback,0.9
673689,https://ut.milesplit.com/meets/371017-region-7-championships-2019/results/673689/formatted/,2,team,7,katie_fallback,0.9
673688,https://ut.milesplit.com/meets/371017-region-7-championships-2019/results/673688/formatted/,1,individual,95,katie_fallback,0.9
673688,https://ut.milesplit.com/meets/371017-region-7-championships-2019/results/673688/formatted/,2,team,5,katie_fallback,0.9
673691,https://ut.milesplit.com/meets/371017-region-7-championships-2019/results/673691/formatted/,1,individual,54,katie_fallback,0.9
673691,https://ut.milesplit.com/meets/371017-region-7-championships-2019/results/673691/formatted/,2,team,7,katie_fallback,0.9
673690,https://ut.milesplit.com/meets/371017-region-7-championships-2019/results/673690/formatted/,1,individual,54,katie_fallback,0.9
673690,https://ut.milesplit.com/meets/371017-region-7-championships-2019/results/673690/formatted/,2,team,7,katie_fallback,0.9
673685,https://ut.milesplit.com/meets/369374-region-8-championships-2019/results/673685/formatted/,1,individual,131,katie_fallback,0.9
673685,https://ut.milesplit.com/meets/369374-region-8-championships-2019/results/673685/formatted/,2,team,8,katie_fallback,0.9
673684,https://ut.milesplit.com/meets/369374-region-8-championships-2019/results/673684/formatted/,1,individual,127,katie_fallback,0.9
673684,https://ut.milesplit.com/meets/369374-region-8-championships-2019/results/673684/formatted/,2,team,7,katie_fallback,0.9
673686,https://ut.milesplit.com/meets/369374-region-8-championships-2019/results/673686/formatted/,1,individual,63,katie_fallback,0.9
673686,https://ut.milesplit.com/meets/369374-region-8-championships-2019/results/673686/formatted/,2,team,8,katie_fallback,0.9
673687,https://ut.milesplit.com/meets/369374-region-8-championships-2019/results/673687/formatted/,1,individual,61,katie_fallback,0.9
673687,https://ut.milesplit.com/meets/369374-region-8-championships-2019/results/673687/formatted/,2,team,8,katie_fallback,0.9
672687,https://ut.milesplit.com/meets/371015-region-3-championships-2019/results/672687/formatted/,1,individual,149,katie_fallback,0.9
672687,https://ut.milesplit.com/meets/371015-region-3-championships-2019/results/672687/formatted/,2,team,6,katie_fallback,0.9
672689,https://ut.milesplit.com/meets/371015-region-3-championships-2019/results/672689/formatted/,1,individual,97,katie_fallback,0.9
672689,https://ut.milesplit.com/meets/371015-region-3-championships-2019/results/672689/formatted/,2,team,6,katie_fallback,0.9
672688,https://ut.milesplit.com/meets/371015-region-3-championships-2019/results/672688/formatted/,1,individual,47,katie_fallback,0.9
672688,https://ut.milesplit.com/meets/371015-region-3-championships-2019/results/672688/formatted/,2,team,6,katie_fallback,0.9
672690,https://ut.milesplit.com/meets/371015-region-3-championships-2019/results/672690/formatted/,1,individual,46,katie_fallback,0.9
672690,https://ut.milesplit.com/meets/371015-region-3-championships-2019/results/672690/formatted/,2,team,6,katie_fallback,0.9
671700,https://co.milesplit.com/meets/361596-ancient-trails-invitational-2019/results/671700/formatted/,1,individual,47,katie_fallback,0.9
671700,https://co.milesplit.com/meets/361596-ancient-trails-invitational-2019/results/671700/formatted/,2,team,4,katie_fallback,0.9
671699,https://co.milesplit.com/meets/361596-ancient-trails-invitational-2019/results/671699/formatted/,1,individual,35,katie_fallback,0.9
671699,https://co.milesplit.com/meets/361596-ancient-trails-invitational-2019/results/671699/formatted/,2,team,3,katie_fallback,0.9
671702,https://co.milesplit.com/meets/361596-ancient-trails-invitational-2019/results/671702/formatted/,1,individual,70,katie_fallback,0.9
671702,https://co.milesplit.com/meets/361596-ancient-trails-invitational-2019/results/671702/formatted/,2,team,6,katie_fallback,0.9
671701,https://co.milesplit.com/meets/361596-ancient-trails-invitational-2019/results/671701/formatted/,1,individual,84,katie_fallback,0.9
671701,https://co.milesplit.com/meets/361596-ancient-trails-invitational-2019/results/671701/formatted/,2,team,8,katie_fallback,0.9
672420,https://ut.milesplit.com/meets/363256-cedar-xc-invitational-2019/results/672420/formatted/,1,individual,141,katie_fallback,0.9
672420,https://ut.milesplit.com/meets/363256-cedar-xc-invitational-2019/results/672420/formatted/,2,team,10,katie_fallback,0.9
672428,https://ut.milesplit.com/meets/363256-cedar-xc-invitational-2019/results/672428/formatted/,1,individual,85,katie_fallback,0.9
672428,https://ut.milesplit.com/meets/363256-cedar-xc-invitational-2019/results/672428/formatted/,2,team,7,katie_fallback,0.9
672423,https://ut.milesplit.com/meets/363256-cedar-xc-invitational-2019/results/672423/formatted/,1,individual,123,katie_fallback,0.9
672423,https://ut.milesplit.com/meets/363256-cedar-xc-invitational-2019/results/672423/formatted/,2,team,11,katie_fallback,0.9
672434,https://ut.milesplit.com/meets/363256-cedar-xc-invitational-2019/results/672434/formatted/,1,individual,89,katie_fallback,0.9
672434,https://ut.milesplit.com/meets/363256-cedar-xc-invitational-2019/results/672434/formatted/,2,team,7,katie_fallback,0.9
672426,https://ut.milesplit.com/meets/363256-cedar-xc-invitational-2019/results/672426/formatted/,1,individual,116,katie_fallback,0.9
672426,https://ut.milesplit.com/meets/363256-cedar-xc-invitational-2019/results/672426/formatted/,2,team,13,katie_fallback,0.9
672438,https://ut.milesplit.com/meets/363256-cedar-xc-invitational-2019/results/672438/formatted/,1,individual,102,katie_fallback,0.9
672438,https://ut.milesplit.com/meets/363256-cedar-xc-invitational-2019/results/672438/formatted/,2,team,11,katie_fallback,0.9
671264,https://ut.milesplit.com/meets/363017-timpview-invite-2019/results/671264/formatted/,1,individual,263,katie_fallback,0.9
671264,https://ut.milesplit.com/meets/363017-timpview-invite-2019/results/671264/formatted/,2,team,15,katie_fallback,0.9
671267,https://ut.milesplit.com/meets/363017-timpview-invite-2019/results/671267/formatted/,1,individual,164,katie_fallback,0.9
671267,https://ut.milesplit.com/meets/363017-timpview-invite-2019/results/671267/formatted/,2,team,9,katie_fallback,0.9
671263,https://ut.milesplit.com/meets/363017-timpview-invite-2019/results/671263/formatted/,1,individual,86,katie_fallback,0.9
671263,https://ut.milesplit.com/meets/363017-timpview-invite-2019/results/671263/formatted/,2,team,12,katie_fallback,0.9
671265,https://ut.milesplit.com/meets/363017-timpview-invite-2019/results/671265/formatted/,1,individual,77,katie_fallback,0.9
671265,https://ut.milesplit.com/meets/363017-timpview-invite-2019/results/671265/formatted/,2,team,8,katie_fallback,0.9
681336,https://www.milesplit.com/meets/357648-nike-cross-nationals-southwest-regional-2019/results/681336/formatted/,1,individual,242,katie_fallback,0.9
681336,https://www.milesplit.com/meets/357648-nike-cross-nationals-southwest-regional-2019/results/681336/formatted/,2,team,30,katie_fallback,0.9
681333,https://www.milesplit.com/meets/357648-nike-cross-nationals-southwest-regional-2019/results/681333/formatted/,1,individual,263,katie_fallback,0.9
681333,https://www.milesplit.com/meets/357648-nike-cross-nationals-southwest-regional-2019/results/681333/formatted/,2,team,19,katie_fallback,0.9
681333,https://www.milesplit.com/meets/357648-nike-cross-nationals-southwest-regional-2019/results/681333/formatted/,3,individual,256,katie_fallback,0.9
681333,https://www.milesplit.com/meets/357648-nike-cross-nationals-southwest-regional-2019/results/681333/formatted/,4,team,22,katie_fallback,0.9
681333,https://www.milesplit.com/meets/357648-nike-cross-nationals-southwest-regional-2019/results/681333/formatted/,5,individual,284,katie_fallback,0.9
681333,https://www.milesplit.com/meets/357648-nike-cross-nationals-southwest-regional-2019/results/681333/formatted/,6,team,28,katie_fallback,0.9
681332,https://www.milesplit.com/meets/357648-nike-cross-nationals-southwest-regional-2019/results/681332/formatted/,1,individual,217,katie_fallback,0.9
681332,https://www.milesplit.com/meets/357648-nike-cross-nationals-southwest-regional-2019/results/681332/formatted/,2,team,20,katie_fallback,0.9
681332,https://www.milesplit.com/meets/357648-nike-cross-nationals-southwest-regional-2019/results/681332/formatted/,3,individual,228,katie_fallback,0.9
681332,https://www.milesplit.com/meets/357648-nike-cross-nationals-southwest-regional-2019/results/681332/formatted/,4,team,17,katie_fallback,0.9
681328,https://www.milesplit.com/meets/357648-nike-cross-nationals-southwest-regional-2019/results/681328/formatted/,1,individual,1,katie_fallback,0.9
681328,https://www.milesplit.com/meets/357648-nike-cross-nationals-southwest-regional-2019/results/681328/formatted/,2,individual,309,katie_fallback,0.9
681328,https://www.milesplit.com/meets/357648-nike-cross-nationals-southwest-regional-2019/results/681328/formatted/,3,team,30,katie_fallback,0.9
681337,https://www.milesplit.com/meets/357648-nike-cross-nationals-southwest-regional-2019/results/681337/formatted/,1,individual,226,katie_fallback,0.9
681337,https://www.milesplit.com/meets/357648-nike-cross-nationals-southwest-regional-2019/results/681337/formatted/,2,team,28,katie_fallback,0.9
681326,https://www.milesplit.com/meets/357648-nike-cross-nationals-southwest-regional-2019/results/681326/formatted/,1,individual,255,katie_fallback,0.9
681326,https://www.milesplit.com/meets/357648-nike-cross-nationals-southwest-regional-2019/results/681326/formatted/,2,team,27,katie_fallback,0.9
681326,https://www.milesplit.com/meets/357648-nike-cross-nationals-southwest-regional-2019/results/681326/formatted/,3,individual,267,katie_fallback,0.9
681326,https://www.milesplit.com/meets/357648-nike-cross-nationals-southwest-regional-2019/results/681326/formatted/,4,team,23,katie_fallback,0.9
681327,https://www.milesplit.com/meets/357648-nike-cross-nationals-southwest-regional-2019/results/681327/formatted/,1,individual,303,katie_fallback,0.9
681327,https://www.milesplit.com/meets/357648-nike-cross-nationals-southwest-regional-2019/results/681327/formatted/,2,team,32,katie_fallback,0.9
681325,https://www.milesplit.com/meets/357648-nike-cross-nationals-southwest-regional-2019/results/681325/formatted/,1,individual,193,katie_fallback,0.9
681325,https://www.milesplit.com/meets/357648-nike-cross-nationals-southwest-regional-2019/results/681325/formatted/,2,team,20,katie_fallback,0.9
695674,https://ut.milesplit.com/meets/392130-canyon-view-invite-2020/results/695674/formatted/,1,individual,65,katie_fallback,0.9
695674,https://ut.milesplit.com/meets/392130-canyon-view-invite-2020/results/695674/formatted/,2,team,9,katie_fallback,0.9
695699,https://ut.milesplit.com/meets/392130-canyon-view-invite-2020/results/695699/formatted/,1,individual,65,katie_fallback,0.9
695699,https://ut.milesplit.com/meets/392130-canyon-view-invite-2020/results/695699/formatted/,2,team,9,katie_fallback,0.9
695671,https://ut.milesplit.com/meets/392127-pre-region-8-meet-2020/results/695671/formatted/,1,individual,100,katie_fallback,0.9
695671,https://ut.milesplit.com/meets/392127-pre-region-8-meet-2020/results/695671/formatted/,2,team,5,katie_fallback,0.9
695670,https://ut.milesplit.com/meets/392127-pre-region-8-meet-2020/results/695670/formatted/,1,individual,88,katie_fallback,0.9
695670,https://ut.milesplit.com/meets/392127-pre-region-8-meet-2020/results/695670/formatted/,2,team,5,katie_fallback,0.9
695669,https://ut.milesplit.com/meets/392127-pre-region-8-meet-2020/results/695669/formatted/,1,individual,75,katie_fallback,0.9
695669,https://ut.milesplit.com/meets/392127-pre-region-8-meet-2020/results/695669/formatted/,2,team,7,katie_fallback,0.9
695668,https://ut.milesplit.com/meets/392127-pre-region-8-meet-2020/results/695668/formatted/,1,individual,67,katie_fallback,0.9
695668,https://ut.milesplit.com/meets/392127-pre-region-8-meet-2020/results/695668/formatted/,2,team,6,katie_fallback,0.9
695624,https://ut.milesplit.com/meets/390837-viking-invitational-2020/results/695624/formatted/,1,individual,92,katie_fallback,0.9
695624,https://ut.milesplit.com/meets/390837-viking-invitational-2020/results/695624/formatted/,2,team,8,katie_fallback,0.9
695616,https://ut.milesplit.com/meets/390837-viking-invitational-2020/results/695616/formatted/,1,individual,147,katie_fallback,0.9
695616,https://ut.milesplit.com/meets/390837-viking-invitational-2020/results/695616/formatted/,2,team,11,katie_fallback,0.9
695629,https://ut.milesplit.com/meets/390837-viking-invitational-2020/results/695629/formatted/,1,individual,105,katie_fallback,0.9
695629,https://ut.milesplit.com/meets/390837-viking-invitational-2020/results/695629/formatted/,2,team,8,katie_fallback,0.9
695625,https://ut.milesplit.com/meets/390837-viking-invitational-2020/results/695625/formatted/,1,individual,93,katie_fallback,0.9
695625,https://ut.milesplit.com/meets/390837-viking-invitational-2020/results/695625/formatted/,2,team,8,katie_fallback,0.9
695614,https://ut.milesplit.com/meets/390837-viking-invitational-2020/results/695614/formatted/,1,individual,85,katie_fallback,0.9
695614,https://ut.milesplit.com/meets/390837-viking-invitational-2020/results/695614/formatted/,2,team,11,katie_fallback,0.9
695612,https://ut.milesplit.com/meets/390837-viking-invitational-2020/results/695612/formatted/,1,individual,79,katie_fallback,0.9
695612,https://ut.milesplit.com/meets/390837-viking-invitational-2020/results/695612/formatted/,2,team,11,katie_fallback,0.9
695514,https://co.milesplit.com/meets/390200-boggy-draw-bear-chase-2020/results/695514/formatted/,1,individual,40,katie_fallback,0.9
695514,https://co.milesplit.com/meets/390200-boggy-draw-bear-chase-2020/results/695514/formatted/,2,team,6,katie_fallback,0.9
695513,https://co.milesplit.com/meets/390200-boggy-draw-bear-chase-2020/results/695513/formatted/,1,individual,39,katie_fallback,0.9
695513,https://co.milesplit.com/meets/390200-boggy-draw-bear-chase-2020/results/695513/formatted/,2,team,6,katie_fallback,0.9
695530,https://ut.milesplit.com/meets/392510-pre-region-5-meet-2020/results/695530/formatted/,1,individual,59,katie_fallback,0.9
695530,https://ut.milesplit.com/meets/392510-pre-region-5-meet-2020/results/695530/formatted/,2,team,6,katie_fallback,0.9
695682,https://ut.milesplit.com/meets/392510-pre-region-5-meet-2020/results/695682/formatted/,1,individual,59,katie_fallback,0.9
695682,https://ut.milesplit.com/meets/392510-pre-region-5-meet-2020/results/695682/formatted/,2,team,6,katie_fallback,0.9
695476,https://ut.milesplit.com/meets/392129-pre-region-3-meet-2020/results/695476/formatted/,1,individual,145,katie_fallback,0.9
695476,https://ut.milesplit.com/meets/392129-pre-region-3-meet-2020/results/695476/formatted/,2,team,6,katie_fallback,0.9
695479,https://ut.milesplit.com/meets/392129-pre-region-3-meet-2020/results/695479/formatted/,1,individual,89,katie_fallback,0.9
695479,https://ut.milesplit.com/meets/392129-pre-region-3-meet-2020/results/695479/formatted/,2,team,4,katie_fallback,0.9
695475,https://ut.milesplit.com/meets/392129-pre-region-3-meet-2020/results/695475/formatted/,1,individual,44,katie_fallback,0.9
695475,https://ut.milesplit.com/meets/392129-pre-region-3-meet-2020/results/695475/formatted/,2,team,6,katie_fallback,0.9
695477,https://ut.milesplit.com/meets/392129-pre-region-3-meet-2020/results/695477/formatted/,1,individual,46,katie_fallback,0.9
695477,https://ut.milesplit.com/meets/392129-pre-region-3-meet-2020/results/695477/formatted/,2,team,6,katie_fallback,0.9
695481,https://ut.milesplit.com/meets/391401-pre-region-7-meet-2020/results/695481/formatted/,1,individual,99,katie_fallback,0.9
695481,https://ut.milesplit.com/meets/391401-pre-region-7-meet-2020/results/695481/formatted/,2,team,7,katie_fallback,0.9
695483,https://ut.milesplit.com/meets/391401-pre-region-7-meet-2020/results/695483/formatted/,1,individual,70,katie_fallback,0.9
695483,https://ut.milesplit.com/meets/391401-pre-region-7-meet-2020/results/695483/formatted/,2,team,7,katie_fallback,0.9
695480,https://ut.milesplit.com/meets/391401-pre-region-7-meet-2020/results/695480/formatted/,1,individual,89,katie_fallback,0.9
695480,https://ut.milesplit.com/meets/391401-pre-region-7-meet-2020/results/695480/formatted/,2,team,7,katie_fallback,0.9
695482,https://ut.milesplit.com/meets/391401-pre-region-7-meet-2020/results/695482/formatted/,1,individual,74,katie_fallback,0.9
695482,https://ut.milesplit.com/meets/391401-pre-region-7-meet-2020/results/695482/formatted/,2,team,6,katie_fallback,0.9
695677,https://ut.milesplit.com/meets/392555-region-11-tri-meet-ridgeline-2020/results/695677/formatted/,1,individual,96,katie_fallback,0.9
695677,https://ut.milesplit.com/meets/392555-region-11-tri-meet-ridgeline-2020/results/695677/formatted/,2,team,3,katie_fallback,0.9
695679,https://ut.milesplit.com/meets/392555-region-11-tri-meet-ridgeline-2020/results/695679/formatted/,1,individual,59,katie_fallback,0.9
695679,https://ut.milesplit.com/meets/392555-region-11-tri-meet-ridgeline-2020/results/695679/formatted/,2,team,3,katie_fallback,0.9
695676,https://ut.milesplit.com/meets/392555-region-11-tri-meet-ridgeline-2020/results/695676/formatted/,1,individual,21,katie_fallback,0.9
695676,https://ut.milesplit.com/meets/392555-region-11-tri-meet-ridgeline-2020/results/695676/formatted/,2,team,3,katie_fallback,0.9
695678,https://ut.milesplit.com/meets/392555-region-11-tri-meet-ridgeline-2020/results/695678/formatted/,1,individual,15,katie_fallback,0.9
695678,https://ut.milesplit.com/meets/392555-region-11-tri-meet-ridgeline-2020/results/695678/formatted/,2,team,2,katie_fallback,0.9
695311,https://ut.milesplit.com/meets/391807-westlake-xc-classic-2020/results/695311/formatted/,1,individual,62,katie_fallback,0.9
695311,https://ut.milesplit.com/meets/391807-westlake-xc-classic-2020/results/695311/formatted/,2,team,5,katie_fallback,0.9
695314,https://ut.milesplit.com/meets/391807-westlake-xc-classic-2020/results/695314/formatted/,1,individual,61,katie_fallback,0.9
695314,https://ut.milesplit.com/meets/391807-westlake-xc-classic-2020/results/695314/formatted/,2,team,5,katie_fallback,0.9
695310,https://ut.milesplit.com/meets/391807-westlake-xc-classic-2020/results/695310/formatted/,1,individual,58,katie_fallback,0.9
695310,https://ut.milesplit.com/meets/391807-westlake-xc-classic-2020/results/695310/formatted/,2,team,4,katie_fallback,0.9
695313,https://ut.milesplit.com/meets/391807-westlake-xc-classic-2020/results/695313/formatted/,1,individual,35,katie_fallback,0.9
695313,https://ut.milesplit.com/meets/391807-westlake-xc-classic-2020/results/695313/formatted/,2,team,4,katie_fallback,0.9
695309,https://ut.milesplit.com/meets/391807-westlake-xc-classic-2020/results/695309/formatted/,1,individual,44,katie_fallback,0.9
695309,https://ut.milesplit.com/meets/391807-westlake-xc-classic-2020/results/695309/formatted/,2,team,5,katie_fallback,0.9
695312,https://ut.milesplit.com/meets/391807-westlake-xc-classic-2020/results/695312/formatted/,1,individual,38,katie_fallback,0.9
695312,https://ut.milesplit.com/meets/391807-westlake-xc-classic-2020/results/695312/formatted/,2,team,4,katie_fallback,0.9
695253,https://ut.milesplit.com/meets/391805-blistering-bruin-quad-meet-2020/results/695253/formatted/,1,individual,80,katie_fallback,0.9
695253,https://ut.milesplit.com/meets/391805-blistering-bruin-quad-meet-2020/results/695253/formatted/,2,team,4,katie_fallback,0.9
695252,https://ut.milesplit.com/meets/391805-blistering-bruin-quad-meet-2020/results/695252/formatted/,1,individual,84,katie_fallback,0.9
695252,https://ut.milesplit.com/meets/391805-blistering-bruin-quad-meet-2020/results/695252/formatted/,2,team,4,katie_fallback,0.9
695255,https://ut.milesplit.com/meets/391537-cedar-all-comers-2020/results/695255/formatted/,1,individual,166,katie_fallback,0.9
695255,https://ut.milesplit.com/meets/391537-cedar-all-comers-2020/results/695255/formatted/,2,team,8,katie_fallback,0.9
695254,https://ut.milesplit.com/meets/391537-cedar-all-comers-2020/results/695254/formatted/,1,individual,93,katie_fallback,0.9
695254,https://ut.milesplit.com/meets/391537-cedar-all-comers-2020/results/695254/formatted/,2,team,7,katie_fallback,0.9
695257,https://ut.milesplit.com/meets/391537-cedar-all-comers-2020/results/695257/formatted/,1,individual,110,katie_fallback,0.9
695257,https://ut.milesplit.com/meets/391537-cedar-all-comers-2020/results/695257/formatted/,2,team,8,katie_fallback,0.9
695256,https://ut.milesplit.com/meets/391537-cedar-all-comers-2020/results/695256/formatted/,1,individual,69,katie_fallback,0.9
695256,https://ut.milesplit.com/meets/391537-cedar-all-comers-2020/results/695256/formatted/,2,team,7,katie_fallback,0.9
695161,https://www.milesplit.com/meets/389725-aau-junior-olympics-games-2020/results/695161/formatted/,,no_tables,0,katie_fallback,0.55
695174,https://www.milesplit.com/meets/389725-aau-junior-olympics-games-2020/results/695174/formatted/,1,individual,69,katie_fallback,0.75
695174,https://www.milesplit.com/meets/389725-aau-junior-olympics-games-2020/results/695174/formatted/,2,individual,72,katie_fallback,0.75
695174,https://www.milesplit.com/meets/389725-aau-junior-olympics-games-2020/results/695174/formatted/,3,individual,45,katie_fallback,0.75
695174,https://www.milesplit.com/meets/389725-aau-junior-olympics-games-2020/results/695174/formatted/,4,individual,21,katie_fallback,0.75
695174,https://www.milesplit.com/meets/389725-aau-junior-olympics-games-2020/results/695174/formatted/,5,individual,31,katie_fallback,0.75
695174,https://www.milesplit.com/meets/389725-aau-junior-olympics-games-2020/results/695174/formatted/,6,individual,25,katie_fallback,0.75
695174,https://www.milesplit.com/meets/389725-aau-junior-olympics-games-2020/results/695174/formatted/,7,individual,10,katie_fallback,0.75
695174,https://www.milesplit.com/meets/389725-aau-junior-olympics-games-2020/results/695174/formatted/,8,individual,5,katie_fallback,0.75
695174,https://www.milesplit.com/meets/389725-aau-junior-olympics-games-2020/results/695174/formatted/,9,individual,71,katie_fallback,0.75
695174,https://www.milesplit.com/meets/389725-aau-junior-olympics-games-2020/results/695174/formatted/,10,individual,72,katie_fallback,0.75
695174,https://www.milesplit.com/meets/389725-aau-junior-olympics-games-2020/results/695174/formatted/,11,individual,46,katie_fallback,0.75
695174,https://www.milesplit.com/meets/389725-aau-junior-olympics-games-2020/results/695174/formatted/,12,individual,30,katie_fallback,0.75
695174,https://www.milesplit.com/meets/389725-aau-junior-olympics-games-2020/results/695174/formatted/,13,individual,11,katie_fallback,0.75
695174,https://www.milesplit.com/meets/389725-aau-junior-olympics-games-2020/results/695174/formatted/,14,individual,27,katie_fallback,0.75
695174,https://www.milesplit.com/meets/389725-aau-junior-olympics-games-2020/results/695174/formatted/,15,individual,11,katie_fallback,0.75
695174,https://www.milesplit.com/meets/389725-aau-junior-olympics-games-2020/results/695174/formatted/,16,individual,12,katie_fallback,0.75
695174,https://www.milesplit.com/meets/389725-aau-junior-olympics-games-2020/results/695174/formatted/,17,individual,0,katie_fallback,0.75
695174,https://www.milesplit.com/meets/389725-aau-junior-olympics-games-2020/results/695174/formatted/,18,individual,0,katie_fallback,0.75
695174,https://www.milesplit.com/meets/389725-aau-junior-olympics-games-2020/results/695174/formatted/,19,individual,0,katie_fallback,0.75
695174,https://www.milesplit.com/meets/389725-aau-junior-olympics-games-2020/results/695174/formatted/,20,individual,0,katie_fallback,0.75
695145,https://www.milesplit.com/meets/389725-aau-junior-olympics-games-2020/results/695145/formatted/,1,individual,253,katie_fallback,0.75
695145,https://www.milesplit.com/meets/389725-aau-junior-olympics-games-2020/results/695145/formatted/,2,individual,253,katie_fallback,0.75
695145,https://www.milesplit.com/meets/389725-aau-junior-olympics-games-2020/results/695145/formatted/,3,individual,9,katie_fallback,0.75
695145,https://www.milesplit.com/meets/389725-aau-junior-olympics-games-2020/results/695145/formatted/,4,individual,41,katie_fallback,0.75
695145,https://www.milesplit.com/meets/389725-aau-junior-olympics-games-2020/results/695145/formatted/,5,individual,22,katie_fallback,0.75
695145,https://www.milesplit.com/meets/389725-aau-junior-olympics-games-2020/results/695145/formatted/,6,individual,3,katie_fallback,0.75
695145,https://www.milesplit.com/meets/389725-aau-junior-olympics-games-2020/results/695145/formatted/,7,individual,12,katie_fallback,0.75
695145,https://www.milesplit.com/meets/389725-aau-junior-olympics-games-2020/results/695145/formatted/,8,individual,215,katie_fallback,0.75
695145,https://www.milesplit.com/meets/389725-aau-junior-olympics-games-2020/results/695145/formatted/,9,individual,240,katie_fallback,0.75
695145,https://www.milesplit.com/meets/389725-aau-junior-olympics-games-2020/results/695145/formatted/,10,individual,65,katie_fallback,0.75
695145,https://www.milesplit.com/meets/389725-aau-junior-olympics-games-2020/results/695145/formatted/,11,individual,21,katie_fallback,0.75
695145,https://www.milesplit.com/meets/389725-aau-junior-olympics-games-2020/results/695145/formatted/,12,individual,16,katie_fallback,0.75
695145,https://www.milesplit.com/meets/389725-aau-junior-olympics-games-2020/results/695145/formatted/,13,individual,15,katie_fallback,0.75
695145,https://www.milesplit.com/meets/389725-aau-junior-olympics-games-2020/results/695145/formatted/,14,individual,0,katie_fallback,0.75
695145,https://www.milesplit.com/meets/389725-aau-junior-olympics-games-2020/results/695145/formatted/,15,individual,0,katie_fallback,0.75
695132,https://www.milesplit.com/meets/389725-aau-junior-olympics-games-2020/results/695132/formatted/,,no_tables,0,katie_fallback,0.55
703287,https://ut.milesplit.com/meets/396934-twiknight-invite-2020/results/703287/formatted/,1,individual,196,katie_fallback,0.9
703287,https://ut.milesplit.com/meets/396934-twiknight-invite-2020/results/703287/formatted/,2,team,7,katie_fallback,0.9
703045,https://ut.milesplit.com/meets/396934-twiknight-invite-2020/results/703045/formatted/,1,individual,148,katie_fallback,0.9
703045,https://ut.milesplit.com/meets/396934-twiknight-invite-2020/results/703045/formatted/,2,team,6,katie_fallback,0.9
703033,https://ut.milesplit.com/meets/396934-twiknight-invite-2020/results/703033/formatted/,1,individual,67,katie_fallback,0.9
703033,https://ut.milesplit.com/meets/396934-twiknight-invite-2020/results/703033/formatted/,2,team,8,katie_fallback,0.9
700794,https://ut.milesplit.com/meets/396439-orem-small-meet-2020/results/700794/formatted/,1,individual,137,katie_fallback,0.9
700794,https://ut.milesplit.com/meets/396439-orem-small-meet-2020/results/700794/formatted/,2,team,6,katie_fallback,0.9
700794,https://ut.milesplit.com/meets/396439-orem-small-meet-2020/results/700794/formatted/,3,individual,49,katie_fallback,0.9
700794,https://ut.milesplit.com/meets/396439-orem-small-meet-2020/results/700794/formatted/,4,team,6,katie_fallback,0.9
700794,https://ut.milesplit.com/meets/396439-orem-small-meet-2020/results/700794/formatted/,5,individual,90,katie_fallback,0.9
700794,https://ut.milesplit.com/meets/396439-orem-small-meet-2020/results/700794/formatted/,6,team,6,katie_fallback,0.9
701125,https://ut.milesplit.com/meets/396439-orem-small-meet-2020/results/701125/formatted/,1,individual,44,katie_fallback,0.9
701125,https://ut.milesplit.com/meets/396439-orem-small-meet-2020/results/701125/formatted/,2,team,6,katie_fallback,0.9
701167,https://ut.milesplit.com/meets/396441-snow-canyon-tri-meet-2020/results/701167/formatted/,1,individual,79,katie_fallback,0.9
701167,https://ut.milesplit.com/meets/396441-snow-canyon-tri-meet-2020/results/701167/formatted/,2,team,3,katie_fallback,0.9
701173,https://ut.milesplit.com/meets/396441-snow-canyon-tri-meet-2020/results/701173/formatted/,1,individual,47,katie_fallback,0.9
701173,https://ut.milesplit.com/meets/396441-snow-canyon-tri-meet-2020/results/701173/formatted/,2,team,2,katie_fallback,0.9
698573,https://ut.milesplit.com/meets/390841-wasatch-xc-invitational-2020/results/698573/formatted/,1,individual,145,katie_fallback,0.9
698573,https://ut.milesplit.com/meets/390841-wasatch-xc-invitational-2020/results/698573/formatted/,2,team,16,katie_fallback,0.9
698573,https://ut.milesplit.com/meets/390841-wasatch-xc-invitational-2020/results/698573/formatted/,3,individual,281,katie_fallback,0.9
698573,https://ut.milesplit.com/meets/390841-wasatch-xc-invitational-2020/results/698573/formatted/,4,team,16,katie_fallback,0.9
698573,https://ut.milesplit.com/meets/390841-wasatch-xc-invitational-2020/results/698573/formatted/,5,individual,130,katie_fallback,0.9
698573,https://ut.milesplit.com/meets/390841-wasatch-xc-invitational-2020/results/698573/formatted/,6,team,15,katie_fallback,0.9
698573,https://ut.milesplit.com/meets/390841-wasatch-xc-invitational-2020/results/698573/formatted/,7,individual,211,katie_fallback,0.9
698573,https://ut.milesplit.com/meets/390841-wasatch-xc-invitational-2020/results/698573/formatted/,8,team,13,katie_fallback,0.9
699049,https://ut.milesplit.com/meets/390841-wasatch-xc-invitational-2020/results/699049/formatted/,1,individual,278,katie_fallback,0.9
699049,https://ut.milesplit.com/meets/390841-wasatch-xc-invitational-2020/results/699049/formatted/,2,team,18,katie_fallback,0.9
699049,https://ut.milesplit.com/meets/390841-wasatch-xc-invitational-2020/results/699049/formatted/,3,individual,140,katie_fallback,0.9
699049,https://ut.milesplit.com/meets/390841-wasatch-xc-invitational-2020/results/699049/formatted/,4,team,17,katie_fallback,0.9
699049,https://ut.milesplit.com/meets/390841-wasatch-xc-invitational-2020/results/699049/formatted/,5,individual,154,katie_fallback,0.9
699049,https://ut.milesplit.com/meets/390841-wasatch-xc-invitational-2020/results/699049/formatted/,6,team,12,katie_fallback,0.9
699049,https://ut.milesplit.com/meets/390841-wasatch-xc-invitational-2020/results/699049/formatted/,7,individual,121,katie_fallback,0.9
699049,https://ut.milesplit.com/meets/390841-wasatch-xc-invitational-2020/results/699049/formatted/,8,team,14,katie_fallback,0.9
698579,https://ut.milesplit.com/meets/390841-wasatch-xc-invitational-2020/results/698579/formatted/,1,individual,138,katie_fallback,0.9
698579,https://ut.milesplit.com/meets/390841-wasatch-xc-invitational-2020/results/698579/formatted/,2,team,15,katie_fallback,0.9
698579,https://ut.milesplit.com/meets/390841-wasatch-xc-invitational-2020/results/698579/formatted/,3,individual,227,katie_fallback,0.9
698579,https://ut.milesplit.com/meets/390841-wasatch-xc-invitational-2020/results/698579/formatted/,4,team,16,katie_fallback,0.9
698579,https://ut.milesplit.com/meets/390841-wasatch-xc-invitational-2020/results/698579/formatted/,5,individual,117,katie_fallback,0.9
698579,https://ut.milesplit.com/meets/390841-wasatch-xc-invitational-2020/results/698579/formatted/,6,team,14,katie_fallback,0.9
698579,https://ut.milesplit.com/meets/390841-wasatch-xc-invitational-2020/results/698579/formatted/,7,individual,149,katie_fallback,0.9
698579,https://ut.milesplit.com/meets/390841-wasatch-xc-invitational-2020/results/698579/formatted/,8,team,10,katie_fallback,0.9
698587,https://ut.milesplit.com/meets/390841-wasatch-xc-invitational-2020/results/698587/formatted/,1,individual,236,katie_fallback,0.9
698587,https://ut.milesplit.com/meets/390841-wasatch-xc-invitational-2020/results/698587/formatted/,2,team,14,katie_fallback,0.9
698587,https://ut.milesplit.com/meets/390841-wasatch-xc-invitational-2020/results/698587/formatted/,3,individual,139,katie_fallback,0.9
698587,https://ut.milesplit.com/meets/390841-wasatch-xc-invitational-2020/results/698587/formatted/,4,team,16,katie_fallback,0.9
698587,https://ut.milesplit.com/meets/390841-wasatch-xc-invitational-2020/results/698587/formatted/,5,individual,144,katie_fallback,0.9
698587,https://ut.milesplit.com/meets/390841-wasatch-xc-invitational-2020/results/698587/formatted/,6,team,10,katie_fallback,0.9
698587,https://ut.milesplit.com/meets/390841-wasatch-xc-invitational-2020/results/698587/formatted/,7,individual,120,katie_fallback,0.9
698587,https://ut.milesplit.com/meets/390841-wasatch-xc-invitational-2020/results/698587/formatted/,8,team,14,katie_fallback,0.9
710543,https://ut.milesplit.com/meets/393682-utah-state-xc-championships-3a-5a-6a-2020/results/710543/formatted/,1,individual,79,katie_fallback,0.9
710543,https://ut.milesplit.com/meets/393682-utah-state-xc-championships-3a-5a-6a-2020/results/710543/formatted/,2,team,10,katie_fallback,0.9
710543,https://ut.milesplit.com/meets/393682-utah-state-xc-championships-3a-5a-6a-2020/results/710543/formatted/,3,individual,71,katie_fallback,0.9
710543,https://ut.milesplit.com/meets/393682-utah-state-xc-championships-3a-5a-6a-2020/results/710543/formatted/,4,team,9,katie_fallback,0.9
710544,https://ut.milesplit.com/meets/393682-utah-state-xc-championships-3a-5a-6a-2020/results/710544/formatted/,1,individual,152,katie_fallback,0.9
710544,https://ut.milesplit.com/meets/393682-utah-state-xc-championships-3a-5a-6a-2020/results/710544/formatted/,2,team,20,katie_fallback,0.9
710544,https://ut.milesplit.com/meets/393682-utah-state-xc-championships-3a-5a-6a-2020/results/710544/formatted/,3,individual,150,katie_fallback,0.9
710544,https://ut.milesplit.com/meets/393682-utah-state-xc-championships-3a-5a-6a-2020/results/710544/formatted/,4,team,20,katie_fallback,0.9
710545,https://ut.milesplit.com/meets/393682-utah-state-xc-championships-3a-5a-6a-2020/results/710545/formatted/,1,individual,138,katie_fallback,0.9
710545,https://ut.milesplit.com/meets/393682-utah-state-xc-championships-3a-5a-6a-2020/results/710545/formatted/,2,team,18,katie_fallback,0.9
710545,https://ut.milesplit.com/meets/393682-utah-state-xc-championships-3a-5a-6a-2020/results/710545/formatted/,3,individual,133,katie_fallback,0.9
710545,https://ut.milesplit.com/meets/393682-utah-state-xc-championships-3a-5a-6a-2020/results/710545/formatted/,4,team,18,katie_fallback,0.9
710292,https://ut.milesplit.com/meets/390844-utah-state-xc-championships-1a-2a-4a-2020/results/710292/formatted/,1,individual,90,katie_fallback,0.9
710292,https://ut.milesplit.com/meets/390844-utah-state-xc-championships-1a-2a-4a-2020/results/710292/formatted/,2,team,12,katie_fallback,0.9
710292,https://ut.milesplit.com/meets/390844-utah-state-xc-championships-1a-2a-4a-2020/results/710292/formatted/,3,individual,64,katie_fallback,0.9
710292,https://ut.milesplit.com/meets/390844-utah-state-xc-championships-1a-2a-4a-2020/results/710292/formatted/,4,team,6,katie_fallback,0.9
710293,https://ut.milesplit.com/meets/390844-utah-state-xc-championships-1a-2a-4a-2020/results/710293/formatted/,1,individual,83,katie_fallback,0.9
710293,https://ut.milesplit.com/meets/390844-utah-state-xc-championships-1a-2a-4a-2020/results/710293/formatted/,2,team,11,katie_fallback,0.9
710293,https://ut.milesplit.com/meets/390844-utah-state-xc-championships-1a-2a-4a-2020/results/710293/formatted/,3,individual,61,katie_fallback,0.9
710293,https://ut.milesplit.com/meets/390844-utah-state-xc-championships-1a-2a-4a-2020/results/710293/formatted/,4,team,5,katie_fallback,0.9
710294,https://ut.milesplit.com/meets/390844-utah-state-xc-championships-1a-2a-4a-2020/results/710294/formatted/,1,individual,135,katie_fallback,0.9
710294,https://ut.milesplit.com/meets/390844-utah-state-xc-championships-1a-2a-4a-2020/results/710294/formatted/,2,team,18,katie_fallback,0.9
710294,https://ut.milesplit.com/meets/390844-utah-state-xc-championships-1a-2a-4a-2020/results/710294/formatted/,3,individual,125,katie_fallback,0.9
710294,https://ut.milesplit.com/meets/390844-utah-state-xc-championships-1a-2a-4a-2020/results/710294/formatted/,4,team,18,katie_fallback,0.9
708481,https://ut.milesplit.com/meets/399797-region-18-championships-2020/results/708481/formatted/,1,individual,29,katie_fallback,0.9
708481,https://ut.milesplit.com/meets/399797-region-18-championships-2020/results/708481/formatted/,2,team,2,katie_fallback,0.9
708482,https://ut.milesplit.com/meets/399797-region-18-championships-2020/results/708482/formatted/,1,individual,12,katie_fallback,0.9
708482,https://ut.milesplit.com/meets/399797-region-18-championships-2020/results/708482/formatted/,2,team,1,katie_fallback,0.9
708479,https://ut.milesplit.com/meets/399797-region-18-championships-2020/results/708479/formatted/,1,individual,40,katie_fallback,0.9
708479,https://ut.milesplit.com/meets/399797-region-18-championships-2020/results/708479/formatted/,2,team,5,katie_fallback,0.9
708480,https://ut.milesplit.com/meets/399797-region-18-championships-2020/results/708480/formatted/,1,individual,35,katie_fallback,0.9
708480,https://ut.milesplit.com/meets/399797-region-18-championships-2020/results/708480/formatted/,2,team,5,katie_fallback,0.9
708498,https://ut.milesplit.com/meets/399795-region-19-championships-2020/results/708498/formatted/,1,individual,11,katie_fallback,0.9
708498,https://ut.milesplit.com/meets/399795-region-19-championships-2020/results/708498/formatted/,2,team,1,katie_fallback,0.9
708497,https://ut.milesplit.com/meets/399795-region-19-championships-2020/results/708497/formatted/,1,individual,9,katie_fallback,0.9
708497,https://ut.milesplit.com/meets/399795-region-19-championships-2020/results/708497/formatted/,2,team,1,katie_fallback,0.9
708496,https://ut.milesplit.com/meets/399798-region-21-championships-2020/results/708496/formatted/,1,individual,16,katie_fallback,0.9
708496,https://ut.milesplit.com/meets/399798-region-21-championships-2020/results/708496/formatted/,2,team,1,katie_fallback,0.9
708495,https://ut.milesplit.com/meets/399798-region-21-championships-2020/results/708495/formatted/,1,individual,4,katie_fallback,0.75
708492,https://ut.milesplit.com/meets/399789-region-11-championships-2020/results/708492/formatted/,1,individual,170,katie_fallback,0.9
708492,https://ut.milesplit.com/meets/399789-region-11-championships-2020/results/708492/formatted/,2,team,6,katie_fallback,0.9
708491,https://ut.milesplit.com/meets/399789-region-11-championships-2020/results/708491/formatted/,1,individual,109,katie_fallback,0.9
708491,https://ut.milesplit.com/meets/399789-region-11-championships-2020/results/708491/formatted/,2,team,6,katie_fallback,0.9
708494,https://ut.milesplit.com/meets/399789-region-11-championships-2020/results/708494/formatted/,1,individual,42,katie_fallback,0.9
708494,https://ut.milesplit.com/meets/399789-region-11-championships-2020/results/708494/formatted/,2,team,6,katie_fallback,0.9
708493,https://ut.milesplit.com/meets/399789-region-11-championships-2020/results/708493/formatted/,1,individual,41,katie_fallback,0.9
708493,https://ut.milesplit.com/meets/399789-region-11-championships-2020/results/708493/formatted/,2,team,6,katie_fallback,0.9
708490,https://ut.milesplit.com/meets/399790-region-14-championships-2020/results/708490/formatted/,1,individual,103,katie_fallback,0.9
708490,https://ut.milesplit.com/meets/399790-region-14-championships-2020/results/708490/formatted/,2,team,7,katie_fallback,0.9
708489,https://ut.milesplit.com/meets/399790-region-14-championships-2020/results/708489/formatted/,1,individual,61,katie_fallback,0.9
708489,https://ut.milesplit.com/meets/399790-region-14-championships-2020/results/708489/formatted/,2,team,6,katie_fallback,0.9
708487,https://ut.milesplit.com/meets/399792-region-15-championships-2020/results/708487/formatted/,1,individual,29,katie_fallback,0.9
708487,https://ut.milesplit.com/meets/399792-region-15-championships-2020/results/708487/formatted/,2,team,3,katie_fallback,0.9
708486,https://ut.milesplit.com/meets/399792-region-15-championships-2020/results/708486/formatted/,1,individual,17,katie_fallback,0.9
708486,https://ut.milesplit.com/meets/399792-region-15-championships-2020/results/708486/formatted/,2,team,1,katie_fallback,0.9
709524,https://ut.milesplit.com/meets/399794-region-17-championships-2020/results/709524/formatted/,1,individual,33,katie_fallback,0.9
709524,https://ut.milesplit.com/meets/399794-region-17-championships-2020/results/709524/formatted/,2,team,5,katie_fallback,0.9
709522,https://ut.milesplit.com/meets/399794-region-17-championships-2020/results/709522/formatted/,1,individual,23,katie_fallback,0.9
709522,https://ut.milesplit.com/meets/399794-region-17-championships-2020/results/709522/formatted/,2,team,3,katie_fallback,0.9
708484,https://ut.milesplit.com/meets/399788-region-16-championships-2020/results/708484/formatted/,1,individual,66,katie_fallback,0.9
708484,https://ut.milesplit.com/meets/399788-region-16-championships-2020/results/708484/formatted/,2,team,6,katie_fallback,0.9
708485,https://ut.milesplit.com/meets/399788-region-16-championships-2020/results/708485/formatted/,1,individual,31,katie_fallback,0.9
708485,https://ut.milesplit.com/meets/399788-region-16-championships-2020/results/708485/formatted/,2,team,4,katie_fallback,0.9
704295,https://ut.milesplit.com/meets/396928-region-2-championships-2020/results/704295/formatted/,1,individual,51,katie_fallback,0.9
704295,https://ut.milesplit.com/meets/396928-region-2-championships-2020/results/704295/formatted/,2,team,4,katie_fallback,0.9
704292,https://ut.milesplit.com/meets/396928-region-2-championships-2020/results/704292/formatted/,1,individual,18,katie_fallback,0.9
704292,https://ut.milesplit.com/meets/396928-region-2-championships-2020/results/704292/formatted/,2,team,2,katie_fallback,0.9
704300,https://ut.milesplit.com/meets/396928-region-2-championships-2020/results/704300/formatted/,1,individual,39,katie_fallback,0.9
704300,https://ut.milesplit.com/meets/396928-region-2-championships-2020/results/704300/formatted/,2,team,6,katie_fallback,0.9
704297,https://ut.milesplit.com/meets/396928-region-2-championships-2020/results/704297/formatted/,1,individual,25,katie_fallback,0.9
704297,https://ut.milesplit.com/meets/396928-region-2-championships-2020/results/704297/formatted/,2,team,3,katie_fallback,0.9
704306,https://ut.milesplit.com/meets/396935-region-4-championships-2020/results/704306/formatted/,1,individual,130,katie_fallback,0.9
704306,https://ut.milesplit.com/meets/396935-region-4-championships-2020/results/704306/formatted/,2,team,6,katie_fallback,0.9
704306,https://ut.milesplit.com/meets/396935-region-4-championships-2020/results/704306/formatted/,3,individual,9,katie_fallback,0.9
704306,https://ut.milesplit.com/meets/396935-region-4-championships-2020/results/704306/formatted/,4,team,1,katie_fallback,0.9
704302,https://ut.milesplit.com/meets/396935-region-4-championships-2020/results/704302/formatted/,1,individual,151,katie_fallback,0.9
704302,https://ut.milesplit.com/meets/396935-region-4-championships-2020/results/704302/formatted/,2,team,6,katie_fallback,0.9
704314,https://ut.milesplit.com/meets/396935-region-4-championships-2020/results/704314/formatted/,1,individual,46,katie_fallback,0.9
704314,https://ut.milesplit.com/meets/396935-region-4-championships-2020/results/704314/formatted/,2,team,6,katie_fallback,0.9
704311,https://ut.milesplit.com/meets/396935-region-4-championships-2020/results/704311/formatted/,1,individual,45,katie_fallback,0.9
704311,https://ut.milesplit.com/meets/396935-region-4-championships-2020/results/704311/formatted/,2,team,6,katie_fallback,0.9
704316,https://ut.milesplit.com/meets/390847-region-5-championships-2020/results/704316/formatted/,1,individual,141,katie_fallback,0.9
704316,https://ut.milesplit.com/meets/390847-region-5-championships-2020/results/704316/formatted/,2,team,6,katie_fallback,0.9
704315,https://ut.milesplit.com/meets/390847-region-5-championships-2020/results/704315/formatted/,1,individual,58,katie_fallback,0.9
704315,https://ut.milesplit.com/meets/390847-region-5-championships-2020/results/704315/formatted/,2,team,4,katie_fallback,0.9
704318,https://ut.milesplit.com/meets/390847-region-5-championships-2020/results/704318/formatted/,1,individual,54,katie_fallback,0.9
704318,https://ut.milesplit.com/meets/390847-region-5-championships-2020/results/704318/formatted/,2,team,6,katie_fallback,0.9
704317,https://ut.milesplit.com/meets/390847-region-5-championships-2020/results/704317/formatted/,1,individual,47,katie_fallback,0.9
704317,https://ut.milesplit.com/meets/390847-region-5-championships-2020/results/704317/formatted/,2,team,6,katie_fallback,0.9
704320,https://ut.milesplit.com/meets/396926-region-8-championships-2020/results/704320/formatted/,1,individual,151,katie_fallback,0.9
704320,https://ut.milesplit.com/meets/396926-region-8-championships-2020/results/704320/formatted/,2,team,8,katie_fallback,0.9
704319,https://ut.milesplit.com/meets/396926-region-8-championships-2020/results/704319/formatted/,1,individual,130,katie_fallback,0.9
704319,https://ut.milesplit.com/meets/396926-region-8-championships-2020/results/704319/formatted/,2,team,6,katie_fallback,0.9
704322,https://ut.milesplit.com/meets/396926-region-8-championships-2020/results/704322/formatted/,1,individual,62,katie_fallback,0.9
704322,https://ut.milesplit.com/meets/396926-region-8-championships-2020/results/704322/formatted/,2,team,8,katie_fallback,0.9
704321,https://ut.milesplit.com/meets/396926-region-8-championships-2020/results/704321/formatted/,1,individual,62,katie_fallback,0.9
704321,https://ut.milesplit.com/meets/396926-region-8-championships-2020/results/704321/formatted/,2,team,8,katie_fallback,0.9
704747,https://az.milesplit.com/meets/392669-desert-twilight-xc-festival-2020/results/704747/formatted/,1,individual,127,katie_fallback,0.9
704747,https://az.milesplit.com/meets/392669-desert-twilight-xc-festival-2020/results/704747/formatted/,2,team,17,katie_fallback,0.9
704747,https://az.milesplit.com/meets/392669-desert-twilight-xc-festival-2020/results/704747/formatted/,3,individual,91,katie_fallback,0.9
704747,https://az.milesplit.com/meets/392669-desert-twilight-xc-festival-2020/results/704747/formatted/,4,team,12,katie_fallback,0.9
704755,https://az.milesplit.com/meets/392669-desert-twilight-xc-festival-2020/results/704755/formatted/,1,individual,123,katie_fallback,0.9
704755,https://az.milesplit.com/meets/392669-desert-twilight-xc-festival-2020/results/704755/formatted/,2,team,16,katie_fallback,0.9
704755,https://az.milesplit.com/meets/392669-desert-twilight-xc-festival-2020/results/704755/formatted/,3,individual,116,katie_fallback,0.9
704755,https://az.milesplit.com/meets/392669-desert-twilight-xc-festival-2020/results/704755/formatted/,4,team,17,katie_fallback,0.9
704720,https://az.milesplit.com/meets/392669-desert-twilight-xc-festival-2020/results/704720/formatted/,1,individual,129,katie_fallback,0.9
704720,https://az.milesplit.com/meets/392669-desert-twilight-xc-festival-2020/results/704720/formatted/,2,team,16,katie_fallback,0.9
704720,https://az.milesplit.com/meets/392669-desert-twilight-xc-festival-2020/results/704720/formatted/,3,individual,223,katie_fallback,0.9
704720,https://az.milesplit.com/meets/392669-desert-twilight-xc-festival-2020/results/704720/formatted/,4,team,25,katie_fallback,0.9
704720,https://az.milesplit.com/meets/392669-desert-twilight-xc-festival-2020/results/704720/formatted/,5,individual,166,katie_fallback,0.9
704720,https://az.milesplit.com/meets/392669-desert-twilight-xc-festival-2020/results/704720/formatted/,6,team,23,katie_fallback,0.9
704720,https://az.milesplit.com/meets/392669-desert-twilight-xc-festival-2020/results/704720/formatted/,7,individual,93,katie_fallback,0.9
704720,https://az.milesplit.com/meets/392669-desert-twilight-xc-festival-2020/results/704720/formatted/,8,team,9,katie_fallback,0.9
704720,https://az.milesplit.com/meets/392669-desert-twilight-xc-festival-2020/results/704720/formatted/,9,individual,165,katie_fallback,0.9
704720,https://az.milesplit.com/meets/392669-desert-twilight-xc-festival-2020/results/704720/formatted/,10,team,19,katie_fallback,0.9
704720,https://az.milesplit.com/meets/392669-desert-twilight-xc-festival-2020/results/704720/formatted/,11,individual,129,katie_fallback,0.9
704720,https://az.milesplit.com/meets/392669-desert-twilight-xc-festival-2020/results/704720/formatted/,12,team,15,katie_fallback,0.9
704711,https://az.milesplit.com/meets/392669-desert-twilight-xc-festival-2020/results/704711/formatted/,1,individual,75,katie_fallback,0.9
704711,https://az.milesplit.com/meets/392669-desert-twilight-xc-festival-2020/results/704711/formatted/,2,team,4,katie_fallback,0.9
704711,https://az.milesplit.com/meets/392669-desert-twilight-xc-festival-2020/results/704711/formatted/,3,individual,147,katie_fallback,0.9
704711,https://az.milesplit.com/meets/392669-desert-twilight-xc-festival-2020/results/704711/formatted/,4,team,15,katie_fallback,0.9
704711,https://az.milesplit.com/meets/392669-desert-twilight-xc-festival-2020/results/704711/formatted/,5,individual,184,katie_fallback,0.9
704711,https://az.milesplit.com/meets/392669-desert-twilight-xc-festival-2020/results/704711/formatted/,6,team,25,katie_fallback,0.9
704711,https://az.milesplit.com/meets/392669-desert-twilight-xc-festival-2020/results/704711/formatted/,7,individual,39,katie_fallback,0.9
704711,https://az.milesplit.com/meets/392669-desert-twilight-xc-festival-2020/results/704711/formatted/,8,team,1,katie_fallback,0.9
704711,https://az.milesplit.com/meets/392669-desert-twilight-xc-festival-2020/results/704711/formatted/,9,individual,92,katie_fallback,0.9
704711,https://az.milesplit.com/meets/392669-desert-twilight-xc-festival-2020/results/704711/formatted/,10,team,6,katie_fallback,0.9
704711,https://az.milesplit.com/meets/392669-desert-twilight-xc-festival-2020/results/704711/formatted/,11,individual,162,katie_fallback,0.9
704711,https://az.milesplit.com/meets/392669-desert-twilight-xc-festival-2020/results/704711/formatted/,12,team,19,katie_fallback,0.9
704725,https://az.milesplit.com/meets/392669-desert-twilight-xc-festival-2020/results/704725/formatted/,,cole,0,cole,0.8499999999999999
704752,https://az.milesplit.com/meets/392669-desert-twilight-xc-festival-2020/results/704752/formatted/,,cole,0,cole,0.8499999999999999
714873,https://ut.milesplit.com/meets/403603-usatf-utah-association-5k-2020/results/714873/formatted/,1,individual,6,katie_fallback,0.75
714872,https://ut.milesplit.com/meets/403603-usatf-utah-association-5k-2020/results/714872/formatted/,1,individual,5,katie_fallback,0.75
